,trt,RanchName.x,biomass_gm2,trt.pract,ranch.pract,pair,RanchCode,PlantingType.y,PointNumber,SamplingDate,year.full,age_2023,age.group,CanopyCover_0to4,IC,bulkperc,bulkperc1,corrcpom,maomperc,per_maoc,per_poc,per_POM,per_MAOM,pom_frac,per_sand,per_clay,per_silt,clay_silt,pH,bulkpern,bulktotalweight_mg,bulkcmg,bulknmg,adj_mg,pomcweight,pomperc,pomcmg,pompern,pomnmg,Notes.y,Quarantine,tmean1,ppt1,Ai,A_type,climate,long,lat,maoc_gcm2,poc_gcm2,BD_g.cm3,BDy.se,oc_con_gkg,thickmess_cm,factor,soc_Mg.ha,ET1,MAP_PET,npp,poc_stock,maoc_stock,fmaoc
RCAZ09RC01,C,AzederoRanch,762.08,RC,AZ09RC,RCAZ09R,AZ,RangePlanting,1,20221013,2009,13,Old,0,,0.9,0.9,0.37,0.53,58.51,41.49,73.25,29.15,0.73,74.5,7.5,18,25.5,5.98,0.17,100.65,0.9,0.17,0.9,NA,0.51,NA,NA,NA,NA,NA,13.18,460.8,0.39,semi_arid,DRY,36.84992,-121.754,0.24,0.16,1.46,0.05,9,30,10,39.42,1396,-935.2,12126.96,16.21,23.21,58.88
RCAZ09RC02,C,AzederoRanch,762.08,RC,AZ09RC,RCAZ09R,AZ,RangePlanting,2,20221013,2009,13,Old,0,,0.92,0.92,0.41,0.51,55.38,44.62,67.83,33.46,0.68,70.9,12.5,16.6,29.1,5.9,0.17,100.43,0.92,0.17,0.92,NA,0.61,NA,NA,NA,NA,NA,13.18,460.8,0.39,semi_arid,DRY,36.84979,-121.754,0.23,0.18,1.32,0.05,9.2,30,10,36.43,1396,-935.2,12126.96,16.24,20.2,55.45
RCAZ09RC03,C,AzederoRanch,762.08,RC,AZ09RC,RCAZ09R,AZ,RangePlanting,3,20221013,2009,13,Old,0,,0.92,0.92,0.39,0.54,58.12,41.88,70.83,31.63,0.71,72.2,10,17.8,27.8,5.86,0.07,100.62,0.92,0.07,0.92,NA,0.55,NA,NA,NA,NA,NA,13.18,460.8,0.39,semi_arid,DRY,36.84969,-121.754,0.24,0.17,1.52,0.05,9.2,30,10,41.95,1396,-935.2,10261.04,17.78,24.62,58.69
RCAZ09RC04,C,AzederoRanch,762.08,RC,AZ09RC,RCAZ09R,AZ,RangePlanting,4,20221013,2009,13,Old,0,,1.2,1.2,0.34,0.86,71.32,28.68,65.23,37.46,0.65,63.1,12.5,24.4,36.9,6.01,0.09,101.31,1.2,0.09,1.19,NA,0.53,NA,NA,NA,NA,NA,13.18,460.8,0.39,semi_arid,DRY,36.84947,-121.754,0.38,0.15,1.58,0.05,12,30,10,56.88,1396,-935.2,10261.04,16.12,40.76,71.66
RCAZ09RC05,C,AzederoRanch,762.08,RC,AZ09RC,RCAZ09R,AZ,RangePlanting,5,20221013,2009,13,Old,0,,1.08,1.08,0.44,0.64,59.2,40.8,67.53,34.69,0.68,69.2,11.3,19.6,30.9,5.92,0.08,99.56,1.08,0.08,1.09,NA,0.65,NA,NA,NA,NA,NA,13.18,460.8,0.39,semi_arid,DRY,36.84951,-121.754,0.28,0.2,1.5,0.05,10.8,30,10,48.6,1396,-935.2,10261.04,19.8,28.8,59.26
RCAZ09RC06,C,AzederoRanch,762.08,RC,AZ09RC,RCAZ09R,AZ,RangePlanting,6,20221013,2009,13,Old,0,,1.19,1.19,0.31,0.88,73.97,26.03,60.84,41.71,0.61,64.2,13.7,22.1,35.8,5.87,0.22,99.88,1.19,0.22,1.2,NA,0.51,NA,NA,NA,NA,NA,13.18,460.8,0.39,semi_arid,DRY,36.84957,-121.754,0.39,0.14,1.41,0.05,11.9,30,10,50.34,1396,-935.2,10261.04,13.11,37.22,73.94
RCAZ09RC07,C,AzederoRanch,762.08,RC,AZ09RC,RCAZ09R,AZ,RangePlanting,7,20221013,2009,13,Old,0,,0.71,0.71,0.37,0.34,47.98,52.02,67.46,35.11,0.67,68.9,12.5,18.6,31.1,5.93,0.05,101.32,0.71,0.06,0.7,NA,0.54,NA,NA,NA,NA,NA,13.18,460.8,0.39,semi_arid,DRY,36.84955,-121.753,0.15,0.16,1.67,0.05,7.1,30,10,35.57,1396,-935.2,12126.96,18.54,17.03,47.88
RCAZ09RC08,C,AzederoRanch,762.08,RC,AZ09RC,RCAZ09R,AZ,RangePlanting,8,20221013,2009,13,Old,0,,0.76,0.76,0.41,0.35,46.57,53.43,67.23,35.01,0.67,70,10,20,30,5.96,0.16,98.36,0.76,0.15,0.77,NA,0.61,NA,NA,NA,NA,NA,13.18,460.8,0.39,semi_arid,DRY,36.8494,-121.753,0.16,0.18,1.12,0.05,7.6,30,10,25.54,1396,-935.2,12126.96,13.78,11.76,46.05
RCAZ09RC09,C,AzederoRanch,762.08,RC,AZ09RC,RCAZ09R,AZ,RangePlanting,9,20221013,2009,13,Old,0,,0.69,0.69,0.32,0.37,53.95,46.05,68.47,33.96,0.68,68.4,11.3,20.4,31.7,5.88,0.15,100.3,0.69,0.15,0.69,NA,0.46,NA,NA,NA,NA,NA,13.18,460.8,0.39,semi_arid,DRY,36.84916,-121.754,0.16,0.14,1.75,0.05,6.9,30,10,36.23,1396,-935.2,10261.04,16.8,19.43,53.63
RCAZ09RC10,C,AzederoRanch,762.08,RC,AZ09RC,RCAZ09R,AZ,RangePlanting,10,20221013,2009,13,Old,0,,0.96,0.96,0.28,0.69,71.3,28.7,69.05,33.99,0.69,66.6,12.5,20.9,33.4,5.69,0.15,100.64,0.96,0.15,0.95,NA,0.4,NA,NA,NA,NA,NA,13.18,460.8,0.39,semi_arid,DRY,36.8493,-121.753,0.31,0.12,1.48,0.05,9.6,30,10,42.62,1396,-935.2,12126.96,12.43,30.64,71.89
RCAZ09RC11,C,AzederoRanch,762.08,RC,AZ09RC,RCAZ09R,AZ,RangePlanting,11,20221013,2009,13,Old,0,,0.84,0.84,0.31,0.53,63.33,36.67,67.35,36.57,0.67,68.5,10,21.5,31.5,5.9,0.07,99.61,0.84,0.06,0.84,NA,0.45,NA,NA,NA,NA,NA,13.18,460.8,0.39,semi_arid,DRY,36.84907,-121.753,0.24,0.14,1.52,0.05,8.4,30,10,38.3,1396,-935.2,10261.04,14.14,24.17,63.11
RCAZ09RT01,T,AzederoRanch,307.31,RT,AZ09RT,RCAZ09R,AZ,RangePlanting,1,20221013,2009,13,Old,0,,0.97,0.97,0.32,0.64,66.44,33.56,66.42,36.33,0.66,66.9,12.5,20.6,33.1,5.61,0.17,100.99,0.97,0.17,0.96,NA,0.49,NA,NA,NA,NA,NA,13.18,460.8,0.39,semi_arid,DRY,36.85343,-121.756,0.26,0.13,1.31,0.07,9.7,30,10,38.12,1401,-940.2,10384.17,12.58,25.15,65.98
RCAZ09RT02,T,AzederoRanch,307.31,RT,AZ09RT,RCAZ09R,AZ,RangePlanting,2,20221013,2009,13,Old,0,,1.15,1.15,0.38,0.77,66.8,33.2,67.03,35.32,0.67,63.4,12.5,24.1,36.6,5.47,0.08,99.47,1.15,0.08,1.15,NA,0.57,NA,NA,NA,NA,NA,13.18,460.8,0.39,semi_arid,DRY,36.85364,-121.757,0.32,0.16,1.74,0.07,11.5,30,10,60.03,1401,-940.2,10384.17,19.84,40.19,66.95
RCAZ09RT03,T,AzederoRanch,307.31,RT,AZ09RT,RCAZ09R,AZ,RangePlanting,3,20221013,2009,13,Old,0,,1.36,1.36,0.47,0.89,65.75,34.25,72.1,32.21,0.72,68.2,12.5,19.4,31.9,5.33,0.19,101.26,1.36,0.2,1.34,NA,0.65,NA,NA,NA,NA,NA,13.18,460.8,0.39,semi_arid,DRY,36.85359,-121.756,0.37,0.19,1.66,0.07,13.6,30,10,67.73,1401,-940.2,10384.17,23.41,44.32,65.44
RCAZ09RT04,T,AzederoRanch,307.31,RT,AZ09RT,RCAZ09R,AZ,RangePlanting,4,20221013,2009,13,Old,0,,1.19,1.19,0.51,0.67,56.68,43.32,66.31,35.98,0.66,66.6,10,23.4,33.4,5.23,0.1,99.13,1.19,0.09,1.2,NA,0.77,NA,NA,NA,NA,NA,13.18,460.8,0.39,semi_arid,DRY,36.85363,-121.756,0.28,0.21,1.46,0.07,11.9,30,10,52.12,1401,-940.2,10384.17,22.34,29.35,56.31
RCAZ09RT05,T,AzederoRanch,307.31,RT,AZ09RT,RCAZ09R,AZ,RangePlanting,5,20221013,2009,13,Old,0,,1.08,1.08,0.37,0.72,66.1,33.9,63.6,38.97,0.64,60.7,15,24.3,39.3,5.51,0.08,99.43,1.08,0.08,1.09,NA,0.58,NA,NA,NA,NA,NA,13.18,460.8,0.39,semi_arid,DRY,36.85392,-121.756,0.3,0.15,1.03,0.07,10.8,30,10,33.37,1401,-940.2,10384.17,11.43,22.25,66.68
RCAZ09RT06,T,AzederoRanch,307.31,RT,AZ09RT,RCAZ09R,AZ,RangePlanting,6,20221013,2009,13,Old,0,,1.08,1.08,0.25,0.83,76.84,23.16,70,31.82,0.7,70.2,10,19.8,29.8,5.3,0.19,100.13,1.08,0.19,1.08,NA,0.36,NA,NA,NA,NA,NA,13.18,460.8,0.39,semi_arid,DRY,36.85375,-121.756,0.34,0.1,1.33,0.07,10.8,30,10,43.09,1401,-940.2,10384.17,9.98,33.12,76.86
RCAZ09RT07,T,AzederoRanch,307.31,RT,AZ09RT,RCAZ09R,AZ,RangePlanting,7,20221013,2009,13,Old,1,,1.26,1.26,0.48,0.78,61.86,38.14,72.83,29.89,0.73,67.6,10,22.4,32.4,5.71,0.21,98.75,1.26,0.21,1.28,NA,0.66,NA,NA,NA,NA,NA,13.18,460.8,0.39,semi_arid,DRY,36.85378,-121.756,0.32,0.2,1.39,0.07,12.6,30,10,52.54,1401,-940.2,10384.17,20.02,32.53,61.91
RCAZ09RT08,T,AzederoRanch,307.31,RT,AZ09RT,RCAZ09R,AZ,RangePlanting,8,20221013,2009,13,Old,0,,1.32,1.32,0.25,1.07,80.79,19.21,65.57,37.18,0.66,63.6,12.5,23.9,36.4,5.41,0.1,100.66,1.32,0.1,1.31,NA,0.39,NA,NA,NA,NA,NA,13.18,460.8,0.39,semi_arid,DRY,36.85383,-121.756,0.44,0.1,1.01,0.07,13.2,30,10,40,1401,-940.2,10384.17,7.58,32.42,81.05
RCAZ09RT09,T,AzederoRanch,307.31,RT,AZ09RT,RCAZ09R,AZ,RangePlanting,9,20221013,2009,13,Old,0,,1.42,1.42,0.35,1.07,75.4,24.6,66.36,35.82,0.66,65.9,12.5,21.6,34.1,5.34,0.1,99.63,1.42,0.1,1.43,NA,0.53,NA,NA,NA,NA,NA,13.18,460.8,0.39,semi_arid,DRY,36.85394,-121.756,0.44,0.14,1.2,0.07,14.2,30,10,51.12,1401,-940.2,10384.17,12.6,38.52,75.35
RCAZ09RT10,T,AzederoRanch,307.31,RT,AZ09RT,RCAZ09R,AZ,RangePlanting,10,20221013,2009,13,Old,1,,1.51,1.51,0.35,1.16,76.92,23.08,50.36,52.34,0.5,50.9,25,24.2,49.2,5.4,0.21,98.96,1.51,0.21,1.53,NA,0.69,NA,NA,NA,NA,NA,13.18,460.8,0.39,semi_arid,DRY,36.85414,-121.756,0.48,0.14,1.38,0.07,15.1,30,10,62.51,1401,-940.2,10384.17,14.49,48.02,76.82
RCAZ09RT11,T,AzederoRanch,307.31,RT,AZ09RT,RCAZ09R,AZ,RangePlanting,11,20221013,2009,13,Old,0,,1.5,1.5,0.44,1.06,70.68,29.32,62.86,40.04,0.63,61.2,17.5,21.3,38.8,5.59,0.23,100.91,1.5,0.23,1.49,NA,0.7,NA,NA,NA,NA,NA,13.18,460.8,0.39,semi_arid,DRY,36.85405,-121.756,0.44,0.18,1.54,0.07,15,30,10,69.3,1401,-940.2,10384.17,20.33,48.97,70.66
RCBC04RC01,C,BobcatRanch,337.99,RC,BC04RC,RCBC04R,BC,RangePlanting,1,20220222,2004,18,Old,0,,1.02,1.02,0.18,0.84,82.46,17.54,33.09,69.49,0.33,38.3,25,36.7,61.7,6.19,0.12,99.12,1.01,0.12,1.02,NA,0.54,0.54,NA,NA,,NA,16.47,661.09,0.31,semi_arid,DRY,38.5537,-122.036,0.43,0.09,1.74,0.02,10.2,30,10,53.24,1897,-1235.91,10384.17,9.4,43.85,82.36
RCBC04RC02,C,BobcatRanch,337.99,RC,BC04RC,RCBC04R,BC,RangePlanting,2,20220222,2004,18,Old,0,,1.01,1.01,0.12,0.89,87.96,12.04,18.51,83.3,0.19,23.4,35,41.6,76.6,6.11,0.15,98.91,1,0.15,1.01,99.05,0.66,0.088,0.087,0.65,,NA,16.47,661.09,0.31,semi_arid,DRY,38.55459,-122.037,0.45,0.06,1.79,0.02,10.1,30,10,54.24,1897,-1235.91,5260.17,6.44,47.79,88.11
RCBC04RC03,C,BobcatRanch,337.99,RC,BC04RC,RCBC04R,BC,RangePlanting,3,20220222,2004,18,Old,0,,0.96,0.96,0.13,0.83,86.66,13.34,24.59,76.68,0.25,25.6,30,44.5,74.5,6.41,0.15,98.7,0.95,0.14,0.96,98.71,0.52,0.099,0.098,0.51,,NA,16.47,661.09,0.31,semi_arid,DRY,38.55403,-122.037,0.42,0.07,1.67,0.02,9.6,30,10,48.1,1897,-1235.91,5289.39,6.51,41.58,86.44
RCBC04RC04,C,BobcatRanch,337.99,RC,BC04RC,RCBC04R,BC,RangePlanting,4,20220222,2004,18,Old,0,,0.86,0.86,0.18,0.68,78.53,21.47,15.58,86.96,0.16,20.5,35,44.5,79.5,5.98,0.14,102.07,0.88,0.16,0.86,98.58,1.19,0.12,0.122,1.17,high MAOM,NA,16.47,661.09,0.31,semi_arid,DRY,38.55495,-122.037,0.35,0.09,1.73,0.02,8.6,30,10,44.63,1897,-1235.91,5260.17,9.34,35.29,79.07
RCBC04RC04,C,BobcatRanch,337.99,RC,BC04RC,RCBC04R,BC,RangePlanting,4,20220222,2004,18,Old,0,,0.81,0.81,0.18,0.62,77.11,22.89,15.58,86.96,0.16,20.5,35,44.5,79.5,5.98,0.14,98.76,0.8,0.14,0.81,98.58,1.19,0.12,0.122,1.17,high MAOM,NA,16.47,661.09,0.31,semi_arid,DRY,38.55495,-122.037,0.32,0.09,1.73,0.02,8.1,30,10,42.04,1897,-1235.91,5260.17,9.34,32.18,76.55
RCBC04RC05,C,BobcatRanch,337.99,RC,BC04RC,RCBC04R,BC,RangePlanting,5,20220222,2004,18,Old,0,,1.05,1.05,0.16,0.89,84.33,15.67,26.1,75.92,0.26,31.9,22.5,45.6,68.1,6.35,0.16,102.44,1.08,0.16,1.05,98.8,0.63,0.074,0.073,0.62,,NA,16.47,661.09,0.31,semi_arid,DRY,38.55464,-122.038,0.45,0.08,1.73,0.02,10.5,30,10,54.5,1897,-1235.91,5260.17,8.3,46.19,84.75
RCBC04RC06,C,BobcatRanch,337.99,RC,BC04RC,RCBC04R,BC,RangePlanting,6,20220222,2004,18,Old,0,,1.02,1.02,0.19,0.83,81.74,18.26,23.88,77.56,0.24,26.6,30,43.4,73.4,6.03,0.16,99.82,1.02,0.16,1.02,101.09,0.78,0.093,0.094,0.79,,NA,16.47,661.09,0.31,semi_arid,DRY,38.5551,-122.038,0.42,0.1,1.62,0.02,10.2,30,10,49.57,1897,-1235.91,5260.17,9.23,40.34,81.38
RCBC04RC07,C,BobcatRanch,337.99,RC,BC04RC,RCBC04R,BC,RangePlanting,7,20220222,2004,18,Old,0,,1.02,1.02,0.24,0.78,76.78,23.22,21.53,80.66,0.22,24.7,30,45.3,75.3,6.56,0.13,98.88,1.01,0.13,1.02,100.43,1.1,0.074,0.074,1.1,,NA,16.47,661.09,0.31,semi_arid,DRY,38.55509,-122.039,0.4,0.12,1.73,0.02,10.2,30,10,52.94,1897,-1235.91,5260.17,12.46,40.48,76.46
RCBC04RC08,C,BobcatRanch,337.99,RC,BC04RC,RCBC04R,BC,RangePlanting,8,20220222,2004,18,Old,0,,0.95,0.95,0.29,0.66,69.41,30.59,25.95,76.59,0.26,33.1,30,36.9,66.9,6.4,0.12,100.67,0.96,0.12,0.95,98.26,1.12,0.076,0.075,1.1,HIGH TEXTURE,NA,16.47,661.09,0.31,semi_arid,DRY,38.55534,-122.039,0.34,0.15,1.74,0.02,9.5,30,10,49.59,1897,-1235.91,5260.17,15.14,34.45,69.47
RCBC04RC09,C,BobcatRanch,337.99,RC,BC04RC,RCBC04R,BC,RangePlanting,9,20220222,2004,18,Old,0,,1.51,1.51,0.2,1.31,86.56,13.44,19.14,82.65,0.19,22.1,35,42.9,77.9,6.39,0.15,101.72,1.53,0.15,1.51,98.83,1.06,0.111,0.109,1.05,,NA,16.47,661.09,0.31,semi_arid,DRY,38.55549,-122.039,0.67,0.1,1.64,0.02,15.1,30,10,74.29,1897,-1235.91,5260.17,9.84,64.45,86.75
RCBC04RC10,C,BobcatRanch,337.99,RC,BC04RC,RCBC04R,BC,RangePlanting,10,20220222,2004,18,Old,0,,0.93,0.93,0.31,0.62,66.35,33.65,24.41,77.22,0.24,27.4,27.5,45.1,72.6,6.37,0.14,99.43,0.93,0.14,0.94,100.39,1.28,0.06,0.065,1.29,,NA,16.47,661.09,0.31,semi_arid,DRY,38.5559,-122.039,0.32,0.16,1.73,0.02,9.3,30,10,48.27,1897,-1235.91,5260.17,16.09,32.18,66.67
RCBC04RC11,C,BobcatRanch,337.99,RC,BC04RC,RCBC04R,BC,RangePlanting,11,20220222,2004,18,Old,0,,1.13,1.13,0.24,0.89,78.68,21.32,25.9,75.72,0.26,33.4,25,41.6,66.6,6.61,0.16,102.25,1.16,0.16,1.13,99.2,0.93,0.105,0.104,0.92,HIGH TEXTURE,NA,16.47,661.09,0.31,semi_arid,DRY,38.55571,-122.04,0.45,0.12,1.6,0.02,11.3,30,10,54.24,1897,-1235.91,5405.7,11.52,42.72,78.76
RCBC04RT01,T,BobcatRanch,277.17,RT,BC04RT,RCBC04R,BC,RangePlanting,1,20220223,2004,18,Old,0,,1.18,1.18,0.21,0.97,82.29,17.71,32.69,68.02,0.33,36.9,25,38.2,63.2,6.11,0.12,98.64,2.7,0.12,2.74,100.2,0.64,0.096,0.096,0.64,,NA,16.47,661.09,0.31,semi_arid,DRY,38.55349,-122.031,0.49,0.11,1.68,0.02,11.8,30,10,59.47,1907,-1245.91,5405.7,10.58,48.89,82.21
RCBC04RT02,T,BobcatRanch,277.17,RT,BC04RT,RCBC04R,BC,RangePlanting,2,20220223,2004,18,Old,0,,1,1,0.49,0.51,51.23,48.77,34.92,67.28,0.35,39.4,22.5,38.1,60.6,6.39,0.13,102.41,1.02,0.13,1,100.6,1.39,0.095,0.095,1.4,,NA,16.47,661.09,0.31,semi_arid,DRY,38.55349,-122.031,0.26,0.25,1.79,0.02,10,30,10,53.7,1907,-1245.91,5289.39,26.31,27.39,51.01
RCBC04RT03,T,BobcatRanch,277.17,RT,BC04RT,RCBC04R,BC,RangePlanting,3,20220223,2004,18,Old,0,,0.99,0.99,0.44,0.55,55.63,44.37,34.09,67.66,0.34,38.6,22.5,39,61.5,6.27,0.16,100.14,0.99,0.16,0.99,101.92,1.29,0.093,0.095,1.31,,NA,16.47,661.09,0.31,semi_arid,DRY,38.55313,-122.032,0.28,0.22,1.76,0.02,9.9,30,10,52.27,1907,-1245.91,5405.7,23.23,29.04,55.56
RCBC04RT04,T,BobcatRanch,277.17,RT,BC04RT,RCBC04R,BC,RangePlanting,4,20220223,2004,18,Old,0,,1.11,1.11,0.29,0.82,74.05,25.95,32.26,68.98,0.32,38.7,22.5,38.8,61.3,6.3,0.16,99.01,1.1,0.15,1.11,100.79,0.89,0.094,0.095,0.9,HIGH TEXTURE,NA,16.47,661.09,0.31,semi_arid,DRY,38.55363,-122.032,0.42,0.15,1.74,0.02,11.1,30,10,57.94,1907,-1245.91,5289.39,15.14,42.8,73.87
RCBC04RT05,T,BobcatRanch,277.17,RT,BC04RT,RCBC04R,BC,RangePlanting,5,20220223,2004,18,Old,0,,1,1,0.37,0.63,62.68,37.32,28.3,75.28,0.28,31.7,27.5,40.8,68.3,6.43,0.16,98.72,2.72,0.16,2.76,100.67,1.32,0.074,0.074,1.33,,NA,16.47,661.09,0.31,semi_arid,DRY,38.55291,-122.032,0.32,0.19,1.67,0.02,10,30,10,50.1,1907,-1245.91,5289.39,18.54,31.56,62.99
RCBC04RT06,T,BobcatRanch,277.17,RT,BC04RT,RCBC04R,BC,RangePlanting,6,20220223,2004,18,Old,0,,0.92,0.92,0.61,0.31,33.81,66.19,33.94,69.15,0.34,32.3,22.5,45.2,67.7,6.26,0.12,100.23,0.92,0.12,0.92,100.53,1.79,0.13,0.131,1.8,,NA,16.47,661.09,0.31,semi_arid,DRY,38.5528,-122.032,0.16,0.31,1.64,0.02,9.2,30,10,45.26,1907,-1245.91,5289.39,30.01,15.25,33.69
RCBC04RT07,T,BobcatRanch,277.17,RT,BC04RT,RCBC04R,BC,RangePlanting,7,20220223,2004,18,Old,0,,1.23,1.23,0.4,0.83,67.26,32.74,27.8,74.37,0.28,37.4,22.5,40.1,62.6,6.12,0.13,99.35,1.22,0.13,1.23,101.81,1.45,0.102,0.104,1.48,HIGH TEXTURE,NA,16.47,661.09,0.31,semi_arid,DRY,38.55375,-122.033,0.42,0.2,1.71,0.02,12.3,30,10,63.1,1907,-1245.91,5289.39,20.52,42.58,67.48
RCBC04RT08,T,BobcatRanch,277.17,RT,BC04RT,RCBC04R,BC,RangePlanting,8,20220223,2004,18,Old,0,,1.2,1.2,0.34,0.86,71.79,28.21,39.43,62.88,0.39,42.4,22.5,35.1,57.6,6.31,0.14,100.25,1.21,0.14,1.2,101.39,0.86,0.068,0.069,0.87,,NA,16.47,661.09,0.31,semi_arid,DRY,38.55372,-122.034,0.44,0.17,1.73,0.02,12,30,10,62.28,1897,-1235.91,5289.39,17.65,44.63,71.66
RCBC04RT09,T,BobcatRanch,277.17,RT,BC04RT,RCBC04R,BC,RangePlanting,9,20220223,2004,18,Old,0,,1.02,1.02,0.43,0.59,58.01,41.99,26.86,75.86,0.27,31.2,27.5,41.3,68.8,6.25,0.16,99.62,1.02,0.16,1.02,99.93,1.6,0.109,0.109,1.59,,NA,16.47,661.09,0.31,semi_arid,DRY,38.5529,-122.034,0.3,0.22,1.72,0.02,10.2,30,10,52.63,1897,-1235.91,5289.39,22.19,30.44,57.84
RCBC04RT10,T,BobcatRanch,277.17,RT,BC04RT,RCBC04R,BC,RangePlanting,10,20220223,2004,18,Old,0,,1.17,1.17,0.21,0.96,81.88,18.12,27.64,74.82,0.28,32.1,25,42.9,67.9,6.37,0.17,98.83,1.16,0.16,1.17,100.71,0.77,0.093,0.094,0.78,,NA,16.47,661.09,0.31,semi_arid,DRY,38.55305,-122.034,0.49,0.11,1.7,0.02,11.7,30,10,59.67,1897,-1235.91,5289.39,10.71,48.96,82.05
RCBC04RT11,T,BobcatRanch,277.17,RT,BC04RT,RCBC04R,BC,RangePlanting,11,20220223,2004,18,Old,0,,1.17,1.17,0.5,0.67,57.46,42.54,38.26,64.23,0.38,41.4,22.5,36.1,58.6,6.17,0.13,99.99,1.17,0.13,1.17,99.32,1.3,0.082,0.082,1.29,,NA,16.47,661.09,0.31,semi_arid,DRY,38.55328,-122.035,0.34,0.26,1.6,0.02,11.7,30,10,56.16,1897,-1235.91,5289.39,24,32.16,57.26
RCBH99TC01,C,BadgerHillsTrail,111.94,TC,BH99TC,RCBH99T,BH,UplandOak,1,20221014,1999,23,Old,0,,0.88,0.88,0.43,0.46,51.58,48.42,88.72,13.68,0.89,86.2,5,8.8,13.8,6.5,0.22,99.82,0.88,0.22,0.89,NA,0.48,NA,NA,NA,NA,NA,14.03,437.63,0.39,semi_arid,DRY,36.59141,-121.712,0.21,0.19,1.65,0.06,8.8,30,10,43.56,1429,-991.37,12295.3,21.29,22.77,52.27
RCBH99TC02,C,BadgerHillsTrail,111.94,TC,BH99TC,RCBH99T,BH,UplandOak,2,20221014,1999,23,Old,0,,0.88,0.88,0.56,0.32,36.36,63.64,89.62,12.75,0.9,87.8,5,7.2,12.2,6.42,0.18,101.29,0.88,0.19,0.87,NA,0.62,NA,NA,NA,NA,NA,14.03,437.63,0.39,semi_arid,DRY,36.59131,-121.712,0.14,0.25,1.7,0.06,8.8,30,10,44.88,1429,-991.37,12295.3,28.56,16.32,36.36
RCBH99TC03,C,BadgerHillsTrail,111.94,TC,BH99TC,RCBH99T,BH,UplandOak,3,20221014,1999,23,Old,0,,0.99,0.99,0.49,0.5,50.84,49.16,85.19,16.75,0.85,85.9,5,9.1,14.1,6.37,0.16,100.48,0.99,0.16,0.98,NA,0.57,NA,NA,NA,NA,NA,14.03,437.63,0.39,semi_arid,DRY,36.59125,-121.712,0.23,0.22,1.56,0.06,9.9,30,10,46.33,1429,-991.37,12295.3,22.93,23.4,50.51
RCBH99TC04,C,BadgerHillsTrail,111.94,TC,BH99TC,RCBH99T,BH,UplandOak,4,20221014,1999,23,Old,0,,0.68,0.68,0.35,0.33,48.9,51.1,88.42,13.79,0.88,88.2,6.2,5.6,11.8,6.33,0.15,100.66,0.68,0.15,0.68,NA,0.39,NA,NA,NA,NA,NA,14.03,437.63,0.39,semi_arid,DRY,36.59121,-121.712,0.15,0.16,1.59,0.06,6.8,30,10,32.44,1429,-991.37,12295.3,16.7,15.74,48.52
RCBH99TC05,C,BadgerHillsTrail,111.94,TC,BH99TC,RCBH99T,BH,UplandOak,5,20221014,1999,23,Old,0,,0.95,0.95,0.57,0.38,40.32,59.68,86.37,16.02,0.86,86.1,6.2,7.7,13.9,7.03,0.06,101.46,0.95,0.06,0.94,NA,0.66,NA,NA,NA,NA,NA,14.03,437.63,0.39,semi_arid,DRY,36.59107,-121.712,0.17,0.26,1.39,0.06,9.5,30,10,39.62,1429,-991.37,12295.3,23.77,15.85,40.01
RCBH99TC06,C,BadgerHillsTrail,111.94,TC,BH99TC,RCBH99T,BH,UplandOak,6,20221014,1999,23,Old,0,,1.01,1.01,0.49,0.52,51.39,48.61,88.07,14.68,0.88,84.8,7.5,7.7,15.2,6.65,0.06,101.59,1.01,0.06,0.99,NA,0.56,NA,NA,NA,NA,NA,14.03,437.63,0.39,semi_arid,DRY,36.59101,-121.712,0.23,0.22,1.4,0.06,10.1,30,10,42.42,1429,-991.37,12295.3,20.58,21.84,51.49
RCBH99TC07,C,BadgerHillsTrail,111.94,TC,BH99TC,RCBH99T,BH,UplandOak,7,20221014,1999,23,Old,0,,1.24,1.24,0.67,0.57,45.76,54.24,86.51,15.9,0.87,86.8,5.8,7.1,12.9,6.27,0.07,100.2,1.24,0.07,1.24,NA,0.78,NA,NA,NA,NA,NA,14.03,437.63,0.39,semi_arid,DRY,36.59095,-121.712,0.26,0.3,1.03,0.06,12.4,30,10,38.32,1429,-991.37,12295.3,20.7,17.61,45.96
RCBH99TC08,C,BadgerHillsTrail,111.94,TC,BH99TC,RCBH99T,BH,UplandOak,8,20221014,1999,23,Old,0,,0.46,0.46,0.23,0.23,49.4,50.6,88.48,13.75,0.88,89.1,5,5.9,10.9,6.56,0.14,101.37,0.46,0.46,0.45,NA,0.26,NA,NA,NA,NA,NA,14.03,437.63,0.39,semi_arid,DRY,36.59088,-121.712,0.1,0.1,1.53,0.06,4.6,30,10,21.11,1429,-991.37,12295.3,10.56,10.56,50.02
RCBH99TC09,C,BadgerHillsTrail,111.94,TC,BH99TC,RCBH99T,BH,UplandOak,9,20221014,1999,23,Old,0,,0.96,0.96,0.48,0.49,50.58,49.42,86.25,15.8,0.86,86.8,5.8,7.1,12.9,6.79,0.14,99.43,0.96,0.96,0.97,NA,0.55,NA,NA,NA,NA,NA,14.03,437.63,0.39,semi_arid,DRY,36.59084,-121.712,0.22,0.22,1.29,0.06,9.6,30,10,37.15,1429,-991.37,12295.3,18.58,18.96,51.04
RCBH99TC10,C,BadgerHillsTrail,111.94,TC,BH99TC,RCBH99T,BH,UplandOak,10,20221014,1999,23,Old,0,,1.03,1.03,0.48,0.55,53.25,46.75,84.84,17.69,0.85,86.5,6.2,7.2,13.4,6.33,0.09,100.25,1.03,1.03,1.03,NA,0.57,NA,NA,NA,NA,NA,14.03,437.63,0.39,semi_arid,DRY,36.5908,-121.712,0.25,0.22,1.8,0.06,10.3,30,10,55.62,1429,-991.37,12295.3,25.92,29.7,53.4
RCBH99TC11,C,BadgerHillsTrail,111.94,TC,BH99TC,RCBH99T,BH,UplandOak,11,20221014,1999,23,Old,0,,0.91,0.91,0.68,0.24,25.75,74.25,90,12.32,0.9,88.9,6.2,4.8,11,5.9,0.15,101.68,0.91,0.91,0.9,NA,0.75,NA,NA,NA,NA,NA,14.03,437.63,0.39,semi_arid,DRY,36.5908,-121.712,0.11,0.31,1.55,0.06,9.1,30,10,42.32,1429,-991.37,9040.65,31.62,11.16,26.37
RCBH99TT01,T,BadgerHillsTrail,139.39,TT,BH99TT,RCBH99T,BH,UplandOak,1,20221014,1999,23,Old,0,,0.71,0.71,0.43,0.27,38.71,61.29,89.25,11.11,0.89,89.2,5,5.8,10.8,6.55,0.04,98.92,0.71,0.04,0.72,NA,0.49,NA,NA,NA,NA,NA,14.03,437.63,0.39,semi_arid,DRY,36.58949,-121.712,0.12,0.2,1.58,0.06,7.1,30,10,33.65,1429,-991.37,12559.65,20.38,12.8,38.04
RCBH99TT02,T,BadgerHillsTrail,139.39,TT,BH99TT,RCBH99T,BH,UplandOak,2,20221014,1999,23,Old,3,,0.68,0.68,0.5,0.18,25.92,74.08,87.2,15.4,0.87,84.5,6.3,9.3,15.6,6.12,0.15,100.75,0.68,0.15,0.67,NA,0.57,NA,NA,NA,NA,NA,14.03,437.63,0.39,semi_arid,DRY,36.58931,-121.712,0.08,0.23,1.8,0.06,6.8,30,10,36.72,1429,-991.37,9040.65,27,9.72,26.47
RCBH99TT03,T,BadgerHillsTrail,139.39,TT,BH99TT,RCBH99T,BH,UplandOak,3,20221014,1999,23,Old,0,,1.2,1.2,0.79,0.41,34.52,65.48,84.9,18.05,0.85,85.7,5,9.3,14.3,6.43,0.19,99.91,1.2,0.19,1.2,NA,0.93,NA,NA,NA,NA,NA,14.03,437.63,0.39,semi_arid,DRY,36.5894,-121.712,0.19,0.36,1.46,0.06,12,30,10,52.56,1429,-991.37,12559.65,34.6,17.96,34.17
RCBH99TT04,T,BadgerHillsTrail,139.39,TT,BH99TT,RCBH99T,BH,UplandOak,4,20221014,1999,23,Old,0,,0.54,0.54,0.32,0.23,41.34,58.66,86.41,15.83,0.86,84.5,7.5,8,15.5,6.07,0.16,101.29,0.54,0.16,0.54,NA,0.37,NA,NA,NA,NA,NA,14.03,437.63,0.39,semi_arid,DRY,36.58922,-121.712,0.11,0.15,1.88,0.06,5.4,30,10,30.46,1429,-991.37,12559.65,18.05,12.97,42.58
RCBH99TT05,T,BadgerHillsTrail,139.39,TT,BH99TT,RCBH99T,BH,UplandOak,5,20221014,1999,23,Old,0,,0.92,0.92,0.59,0.33,35.79,64.21,84.26,18.7,0.84,84.6,7.5,7.9,15.4,6.33,0.19,100.65,0.92,0.19,0.91,NA,0.7,NA,NA,NA,NA,NA,14.03,437.63,0.39,semi_arid,DRY,36.58918,-121.712,0.15,0.27,1.34,0.06,9.2,30,10,36.98,1429,-991.37,12559.65,23.72,13.27,35.88
RCBH99TT06,T,BadgerHillsTrail,139.39,TT,BH99TT,RCBH99T,BH,UplandOak,6,20221014,1999,23,Old,0,,1.1,1.1,0.54,0.56,51.12,48.88,83.79,19.34,0.84,83.2,7.5,9.3,16.8,6.15,0.23,101.41,1.1,0.23,1.08,NA,0.64,NA,NA,NA,NA,NA,14.03,437.63,0.39,semi_arid,DRY,36.5892,-121.712,0.26,0.25,1.25,0.06,11,30,10,41.25,1429,-991.37,12559.65,20.25,21,50.91
RCBH99TT07,T,BadgerHillsTrail,139.39,TT,BH99TT,RCBH99T,BH,UplandOak,7,20221014,1999,23,Old,0,,0.89,0.89,0.39,0.49,55.62,44.38,83.36,19.53,0.83,82.6,6.2,11.1,17.3,6.15,0.21,98.7,0.89,0.21,0.9,NA,0.47,NA,NA,NA,NA,NA,14.03,437.63,0.39,semi_arid,DRY,36.58924,-121.712,0.22,0.18,1.48,0.06,8.9,30,10,39.52,1429,-991.37,12559.65,17.32,21.76,55.06
RCBH99TT08,T,BadgerHillsTrail,139.39,TT,BH99TT,RCBH99T,BH,UplandOak,8,20221014,1999,23,Old,0,,0.75,0.75,0.33,0.42,56.41,43.59,81.68,20.51,0.82,81.8,7.5,10.7,18.2,6.04,0.19,101.53,0.75,0.19,0.74,NA,0.4,NA,NA,NA,NA,NA,14.03,437.63,0.39,semi_arid,DRY,36.58914,-121.712,0.19,0.15,1.66,0.06,7.5,30,10,37.35,1429,-991.37,12559.65,16.43,20.92,56.01
RCBH99TT09,T,BadgerHillsTrail,139.39,TT,BH99TT,RCBH99T,BH,UplandOak,9,20221014,1999,23,Old,0,,0.7,0.7,0.34,0.35,50.47,49.53,81.4,20.26,0.81,83.2,7.5,9.4,16.9,5.92,0.2,98.94,0.7,0.2,0.7,NA,0.42,NA,NA,NA,NA,NA,14.03,437.63,0.39,semi_arid,DRY,36.58918,-121.712,0.16,0.16,1.57,0.06,7,30,10,32.97,1429,-991.37,12559.65,16.01,16.49,50.02
RCBH99TT10,T,BadgerHillsTrail,139.39,TT,BH99TT,RCBH99T,BH,UplandOak,10,20221014,1999,23,Old,3,,0.98,0.98,0.57,0.42,42.35,57.65,79.5,23.2,0.8,81.9,7.5,10.6,18.1,6.14,0.06,101.26,0.98,0.06,0.97,NA,0.71,NA,NA,NA,NA,NA,14.03,437.63,0.39,semi_arid,DRY,36.58911,-121.712,0.19,0.26,1.22,0.06,9.8,30,10,35.87,1429,-991.37,12559.65,20.86,15.37,42.85
RCBH99TT11,T,BadgerHillsTrail,139.39,TT,BH99TT,RCBH99T,BH,UplandOak,11,20221014,1999,23,Old,0,,0.9,0.9,0.51,0.4,43.84,56.16,86.21,16.15,0.86,85.5,5,9.5,14.5,5.99,0.22,100.58,0.9,0.22,0.9,NA,0.59,NA,NA,NA,NA,NA,14.03,437.63,0.39,semi_arid,DRY,36.58915,-121.712,0.18,0.23,1.57,0.06,9,30,10,42.39,1429,-991.37,12559.65,24.02,18.84,44.44
RCBO19FC01,C,BlueOakRanch,190.52,FC,BO19FC,RCBO19F,BO,Riparian,1,20220511,2019,3,Young,0,,1.25,1.25,0.2,1.05,84.34,15.66,81.58,21.4,0.82,81.8,7.5,10.7,18.2,7.5,0.16,102.21,1.28,0.17,1.25,99.32,0.24,0.052,0.051,0.23,,NA,17.02,513.92,0.19,arid,DRY,36.20941,-118.783,0.4,0.08,1.35,0.09,12.5,30,10,50.63,2275,-1761.08,6646.48,8.1,42.53,84
RCBO19FC02,C,BlueOakRanch,190.52,FC,BO19FC,RCBO19F,BO,Riparian,2,20220511,2019,3,Young,2,,1.2,1.2,0.31,0.89,74.02,25.98,82.03,20.46,0.82,82.6,7.5,9.9,17.4,6.89,0.12,99.66,1.2,0.12,1.2,101.97,0.38,0.043,0.044,0.39,,NA,17.02,513.92,0.19,arid,DRY,36.20938,-118.783,0.34,0.12,1.57,0.09,12,30,10,56.52,2275,-1761.08,6646.48,14.6,41.92,74.17
RCBO19FC03,C,BlueOakRanch,190.52,FC,BO19FC,RCBO19F,BO,Riparian,3,20220511,2019,3,Young,4,,0.34,0.34,0.19,0.15,43.27,56.73,87.68,14.61,0.88,90.1,5,4.9,9.9,6.95,0.09,99.94,0.34,0.09,0.34,100.03,0.22,0.032,0.032,0.22,,NA,17.02,513.92,0.19,arid,DRY,36.20944,-118.783,0.06,0.07,1.56,0.09,3.4,30,10,15.91,2275,-1761.08,6646.48,8.89,7.02,44.12
RCBO19FC04,C,BlueOakRanch,190.52,FC,BO19FC,RCBO19F,BO,Riparian,4,20220511,2019,3,Young,2,,1.54,1.54,0.26,1.28,83.43,16.57,67.16,35.6,0.67,68,12.5,19.5,32,6.37,0.15,98.36,1.52,0.15,1.55,100.19,0.38,0.041,0.042,0.39,,NA,17.02,513.92,0.19,arid,DRY,36.20945,-118.783,0.49,0.1,1.11,0.09,15.4,30,10,51.28,2275,-1761.08,6646.48,8.66,42.62,83.11
RCBO19FC05,C,BlueOakRanch,190.52,FC,BO19FC,RCBO19F,BO,Riparian,5,20220511,2019,3,Young,1,,1.28,1.28,0.16,1.12,87.38,12.62,64.63,36.85,0.65,66.7,17.5,15.8,33.3,6.34,0.17,97.86,1.25,0.16,1.28,101.71,0.25,0.025,0.026,0.26,,NA,17.02,513.92,0.19,arid,DRY,36.20942,-118.783,0.43,0.06,1.68,0.09,12.8,30,10,64.51,2275,-1761.08,6611.35,8.06,56.45,87.51
RCBO19FC07,C,BlueOakRanch,190.52,FC,BO19FC,RCBO19F,BO,Riparian,7,20220511,2019,3,Young,4,,2.21,2.21,0.6,1.61,72.92,27.08,65.76,36.61,0.66,68.5,15,16.6,31.6,6.75,0.19,100.81,2.23,0.19,2.21,101.23,0.91,0.085,0.086,0.92,,NA,17.02,513.92,0.19,arid,DRY,36.20921,-118.782,0.61,0.23,1.42,0.09,22.1,30,10,94.15,2275,-1761.08,6611.35,25.56,68.59,72.85
RCBO19FC08,C,BlueOakRanch,190.52,FC,BO19FC,RCBO19F,BO,Riparian,8,20220511,2019,3,Young,2,,1.11,1.11,0.22,0.89,80.37,19.63,77.8,24.59,0.78,77.8,15,7.2,22.2,7.16,0.15,100.27,1.12,0.15,1.12,101.47,0.28,0.056,0.056,0.28,,NA,17.02,513.92,0.19,arid,DRY,36.20918,-118.782,0.34,0.08,1.44,0.09,11.1,30,10,47.95,2275,-1761.08,6611.35,9.5,38.45,80.19
RCBO19FC09,C,BlueOakRanch,190.52,FC,BO19FC,RCBO19F,BO,Riparian,9,20220511,2019,3,Young,1,,1.2,1.2,0.18,1.02,84.78,15.22,79.43,22.9,0.79,80.7,10,9.3,19.3,7.32,0.1,99.39,1.19,0.1,1.2,102.35,0.23,0.043,0.044,0.24,,NA,17.02,513.92,0.19,arid,DRY,36.20918,-118.782,0.39,0.07,0.92,0.09,12,30,10,33.12,2275,-1761.08,6611.35,4.97,28.15,84.99
RCBO19FC10,C,BlueOakRanch,190.52,FC,BO19FC,RCBO19F,BO,Riparian,10,20220511,2019,3,Young,3,,1.3,1.3,0.33,0.97,74.42,25.58,83.13,18.29,0.83,83.4,7.5,9.1,16.6,7.51,0.1,100.18,1.3,0.1,1.3,101.81,0.4,0.049,0.05,0.41,,NA,17.02,513.92,0.19,arid,DRY,36.20915,-118.782,0.37,0.13,0.79,0.09,13,30,10,30.81,2275,-1761.08,6611.35,7.82,22.99,74.62
RCBO19FC11,C,BlueOakRanch,190.52,FC,BO19FC,RCBO19F,BO,Riparian,11,20220511,2019,3,Young,4,,1.91,1.91,0.43,1.48,77.37,22.63,65.49,37.32,0.65,66.3,7.5,26.2,33.7,6.13,0.16,101.4,1.94,0.16,1.91,101.02,0.66,0.067,0.067,0.67,,NA,17.02,513.92,0.19,arid,DRY,36.20918,-118.782,0.56,0.16,1.25,0.09,19.1,30,10,71.63,2275,-1761.08,6611.35,16.13,55.5,77.48
RCBO19FT01,T,BlueOakRanch,88.26,FT,BO19FT,RCBO19F,BO,Riparian,1,20220511,2019,3,Young,0,,1.71,1.71,0.49,1.22,71.25,28.75,79.3,22.71,0.79,81.6,7.5,10.9,18.4,6.9,0.15,99.76,1.7,0.15,1.7,101.16,0.62,0.059,0.059,0.63,,NA,17.02,513.92,0.19,arid,DRY,36.20947,-118.783,0.42,0.17,0.98,0.06,17.1,30,10,50.27,2275,-1761.08,6646.48,14.41,35.87,71.35
RCBO19FT02,T,BlueOakRanch,88.26,FT,BO19FT,RCBO19F,BO,Riparian,2,20220511,2019,3,Young,0,,1.12,1.12,0.22,0.9,80.01,19.99,82.93,19.32,0.83,85.4,10,4.6,14.6,6.84,0.15,101.4,1.13,0.15,1.11,99.33,0.27,0.055,0.054,0.27,,NA,17.02,513.92,0.19,arid,DRY,36.20946,-118.783,0.31,0.08,1.19,0.06,11.2,30,10,39.98,2275,-1761.08,6646.48,7.85,32.13,80.37
RCBO19FT03,T,BlueOakRanch,88.26,FT,BO19FT,RCBO19F,BO,Riparian,3,20220511,2019,3,Young,4,,0.92,0.92,0.25,0.67,73.36,26.64,84.5,18.34,0.85,85.6,7.5,6.9,14.4,6.95,0.14,102.16,0.94,0.14,0.92,100.87,0.29,0.048,0.048,0.3,,NA,17.02,513.92,0.19,arid,DRY,36.20932,-118.783,0.23,0.09,1.29,0.06,9.2,30,10,35.6,2275,-1761.08,6646.48,9.68,25.93,72.84
RCBO19FT04,T,BlueOakRanch,88.26,FT,BO19FT,RCBO19F,BO,Riparian,4,20220511,2019,3,Young,0,,1.55,1.55,0.36,1.19,76.6,23.4,74.01,27.6,0.74,76.5,10,13.5,23.5,7.64,0.15,100.46,1.55,0.15,1.54,98.6,0.49,0.069,0.068,0.48,,NA,17.02,513.92,0.19,arid,DRY,36.20937,-118.783,0.41,0.12,1.24,0.06,15.5,30,10,57.66,2275,-1761.08,6646.48,13.39,44.27,76.78
RCBO19FT05,T,BlueOakRanch,88.26,FT,BO19FT,RCBO19F,BO,Riparian,5,20220511,2019,3,Young,0,0.18,1.83,1.65,0.16,1.49,91.35,8.65,75.42,27,0.75,78.8,10,11.2,21.2,7.68,0.17,99.95,1.83,0.17,1.83,99.42,0.21,0.043,0.043,0.2,,NA,17.02,513.92,0.19,arid,DRY,36.20936,-118.783,0.57,0.05,0.93,0.06,16.5,30,10,46.04,2275,-1761.08,6646.48,4.46,41.57,90.29
RCBO19FT06,T,BlueOakRanch,88.26,FT,BO19FT,RCBO19F,BO,Riparian,6,20220511,2019,3,Young,4,,3.5,3.5,1.27,2.23,63.6,36.4,67.09,35.09,0.67,74.9,10,15.1,25.1,5.63,0.33,99.62,3.48,0.33,3.49,102.15,1.9,0.125,0.128,1.9397,HIGH TEXTURE,NA,17.02,513.92,0.19,arid,DRY,36.20927,-118.783,0.76,0.43,0.98,0.06,35,30,10,102.9,2275,-1761.08,6646.48,37.34,65.56,63.71
RCBO19FT07,T,BlueOakRanch,88.26,FT,BO19FT,RCBO19F,BO,Riparian,7,20220511,2019,3,Young,4,,1.96,1.96,0.49,1.47,74.82,25.18,80.9,21.44,0.81,82,10,8,18,6.16,0.21,101.76,2,0.22,1.97,99.7,0.61,0.071,0.071,0.61,,NA,17.02,513.92,0.19,arid,DRY,36.20926,-118.783,0.5,0.17,1.29,0.06,19.6,30,10,75.85,2275,-1761.08,6646.48,18.96,56.89,75
RCBO19FT08,T,BlueOakRanch,88.26,FT,BO19FT,RCBO19F,BO,Riparian,8,20220511,2019,3,Young,0,,1.2,1.2,0.21,0.99,82.79,17.21,79.44,23.93,0.79,79.6,10,10.4,20.4,7.78,0.16,101.53,1.22,0.17,1.2,98.88,0.26,0.157,0.155,0.26,,NA,17.02,513.92,0.19,arid,DRY,36.20939,-118.783,0.34,0.07,0.92,0.06,12,30,10,33.12,2275,-1761.08,6646.48,5.8,27.32,82.49
RCBO19FT09,T,BlueOakRanch,88.26,FT,BO19FT,RCBO19F,BO,Riparian,9,20220511,2019,3,Young,2,0.01,0.87,0.86,0.07,0.79,92.13,7.87,76.06,25.71,0.76,77.9,10,12.1,22.1,7.81,0.08,99.71,0.87,0.08,0.87,98.55,0.09,0.043,0.042,0.09,,NA,17.02,513.92,0.19,arid,DRY,36.20923,-118.783,0.27,0.02,1,0.06,8.6,30,10,25.8,2275,-1761.08,6646.48,2.1,23.7,91.86
RCBO19FT10,T,BlueOakRanch,88.26,FT,BO19FT,RCBO19F,BO,Riparian,10,20220511,2019,3,Young,0,,1.41,1.41,0.19,1.22,86.39,13.61,76.78,26.03,0.77,79.6,7.5,12.9,20.4,6.44,0.19,99.65,1.41,0.19,1.41,98.96,0.25,0.057,0.057,0.25,,NA,17.02,513.92,0.19,arid,DRY,36.20914,-118.783,0.42,0.06,1.61,0.06,14.1,30,10,68.1,2275,-1761.08,6646.48,9.18,58.93,86.53
RCBO19FT11,T,BlueOakRanch,88.26,FT,BO19FT,RCBO19F,BO,Riparian,11,20220511,2019,3,Young,1,,1.38,1.38,0.24,1.14,82.47,17.53,63.65,39.06,0.64,58.7,17.5,23.8,41.3,6.81,0.18,101.7,1.41,0.18,1.39,99.1,0.38,0.058,0.057,0.38,,NA,17.02,513.92,0.19,arid,DRY,36.20921,-118.784,0.39,0.08,1.14,0.06,13.8,30,10,47.2,2278,-1764.08,6646.48,8.21,38.99,82.61
RCBV12RC01,C,BouveriePreserve,167.92,RC,BV12RC,RCBV12R,BV,RangePlanting,1,20220803,2012,10,Medium,0,,2.31,2.31,0.69,1.62,70.12,29.88,43.96,60.26,0.44,37.7,32.4,29.8,62.2,5.48,0.23,99.15,2.29,0.23,2.31,100.14,1.57,0.19,0.19,1.57,HIGH POM,NA,15.22,1016.65,0.47,semi_arid,DRY,38.36574,-122.509,0.52,0.22,1.06,0.05,23.1,30,10,73.46,1652,-635.35,9647.17,21.94,51.52,70.13
RCBV12RC02,C,BouveriePreserve,167.92,RC,BV12RC,RCBV12R,BV,RangePlanting,2,20220803,2012,10,Medium,0,,3.4,3.4,0.83,2.57,75.45,24.55,39.75,64.31,0.4,41.8,27.5,30.7,58.2,5.03,0.33,100.72,3.42,0.33,3.4,101.18,2.1,0.16,0.162,2.12,,NA,15.22,1016.65,0.47,semi_arid,DRY,38.36561,-122.509,0.83,0.27,1.01,0.05,34,30,10,103.02,1652,-635.35,9647.17,25.15,77.87,75.59
RCBV12RC03,C,BouveriePreserve,167.92,RC,BV12RC,RCBV12R,BV,RangePlanting,3,20220803,2012,10,Medium,0,,3.27,3.27,1.04,2.23,68.16,31.84,42.33,61.5,0.42,40.6,30,29.4,59.4,5.25,0.29,100.12,3.27,0.29,3.27,99.89,2.46,0.24,0.24,2.45,,NA,15.22,1016.65,0.47,semi_arid,DRY,38.36565,-122.509,0.72,0.34,0.85,0.05,32.7,30,10,83.39,1652,-635.35,9647.17,26.52,56.87,68.2
RCBV12RC04,C,BouveriePreserve,167.92,RC,BV12RC,RCBV12R,BV,RangePlanting,4,20220803,2012,10,Medium,0,,3.55,3.55,0.92,2.63,74,26,41.58,61.36,0.42,42.7,27.5,29.8,57.3,5.15,0.34,100.94,3.58,0.34,3.55,99.23,2.22,0.185,0.183,2.2,,NA,15.22,1016.65,0.47,semi_arid,DRY,38.36561,-122.509,0.85,0.3,1.07,0.05,35.5,30,10,113.96,1652,-635.35,9647.17,29.53,84.42,74.08
RCBV12RC05,C,BouveriePreserve,167.92,RC,BV12RC,RCBV12R,BV,RangePlanting,5,20220803,2012,10,Medium,0,,3.04,3.04,0.88,2.16,71.12,28.88,42.83,61.82,0.43,43.1,27.5,29.5,57,5.15,0.3,99.65,3.03,0.3,3.04,102.76,2.05,0.196,0.201,2.1,,NA,15.22,1016.65,0.47,semi_arid,DRY,38.3656,-122.509,0.7,0.29,0.89,0.05,30.4,30,10,81.17,1652,-635.35,9647.17,23.5,57.67,71.05
RCBV12RC06,C,BouveriePreserve,167.92,RC,BV12RC,RCBV12R,BV,RangePlanting,6,20220803,2012,10,Medium,0,,2.94,2.94,0.67,2.27,77.09,22.91,39.16,65.57,0.39,35.4,32.5,32.1,64.6,5.32,0.28,100.68,2.96,0.29,2.94,98.72,1.72,0.139,0.137,1.69,,NA,15.22,1016.65,0.47,semi_arid,DRY,38.36572,-122.509,0.74,0.22,1.12,0.05,29.4,30,10,98.78,1652,-635.35,9647.17,22.51,76.27,77.21
RCBV12RC07,C,BouveriePreserve,167.92,RC,BV12RC,RCBV12R,BV,RangePlanting,7,20220803,2012,10,Medium,0,,2.81,2.81,0.69,2.12,75.51,24.49,36.8,67.47,0.37,37.1,30,32.9,62.9,5.42,0.28,99.46,2.79,0.27,2.81,100.81,1.87,0.142,0.143,1.88,,NA,15.22,1016.65,0.47,semi_arid,DRY,38.36567,-122.509,0.69,0.22,1.12,0.05,28.1,30,10,94.42,1652,-635.35,9647.17,23.18,71.23,75.44
RCBV12RC08,C,BouveriePreserve,167.92,RC,BV12RC,RCBV12R,BV,RangePlanting,8,20220803,2012,10,Medium,0,,2.37,2.37,0.51,1.86,78.33,21.67,42.09,62.09,0.42,35.7,32.5,31.8,64.3,5.36,0.22,99.63,2.36,0.22,2.37,98.84,1.22,0.112,0.111,1.2,HIGH POM,NA,15.22,1016.65,0.47,semi_arid,DRY,38.36564,-122.509,0.6,0.17,1.31,0.05,23.7,30,10,93.14,1652,-635.35,9647.17,20.04,73.1,78.48
RCBV12RC09,C,BouveriePreserve,167.92,RC,BV12RC,RCBV12R,BV,RangePlanting,9,20220803,2012,10,Medium,0,,2.58,2.58,0.76,1.82,70.63,29.37,44.58,59.5,0.45,36.1,32.5,31.4,63.9,5.32,0.23,98.42,2.54,0.22,2.58,100.83,1.7,0.139,0.14,1.72,HIGH POM,NA,15.22,1016.65,0.47,semi_arid,DRY,38.36566,-122.509,0.59,0.25,0.95,0.05,25.8,30,10,73.53,1652,-635.35,9647.17,21.66,51.87,70.54
RCBV12RC10,C,BouveriePreserve,167.92,RC,BV12RC,RCBV12R,BV,RangePlanting,10,20220803,2012,10,Medium,0,,2.88,2.88,0.72,2.16,75.02,24.98,44.68,59.75,0.45,36.2,32.5,31.4,63.9,5.28,0.26,101.98,2.94,0.26,2.88,98.67,1.61,0.163,0.16,1.59,HIGH POM,NA,15.22,1016.65,0.47,semi_arid,DRY,38.36565,-122.509,0.7,0.23,1.2,0.05,28.8,30,10,103.68,1652,-635.35,9647.17,25.92,77.76,75
RCBV12RC11,C,BouveriePreserve,167.92,RC,BV12RC,RCBV12R,BV,RangePlanting,11,20220803,2012,10,Medium,0,,2.24,2.24,0.47,1.77,78.99,21.01,40.93,63.55,0.41,33,30,37,67,5.33,0.21,99.92,2.24,0.21,2.24,99.27,1.15,0.168,0.167,1.14,HIGH POM,NA,15.22,1016.65,0.47,semi_arid,DRY,38.36576,-122.509,0.57,0.15,1.31,0.05,22.4,30,10,88.03,1652,-635.35,9647.17,18.47,69.56,79.02
RCBV12RT01,T,BouveriePreserve,233.58,RT,BV12RT,RCBV12R,BV,RangePlanting,1,20220802,2012,10,Medium,0,,2.24,2.24,0.73,1.51,67.49,32.51,26.74,77.47,0.27,33.3,30.02,36.6,66.62,5.26,0.23,98.27,2.2,0.23,2.24,99.27,2.72,0.239,0.24,2.7031,HIGH TEXTURE,NA,15.22,1016.65,0.47,semi_arid,DRY,38.36618,-122.509,0.49,0.24,1.28,0.03,22.4,30,10,86.02,1652,-635.35,9647.17,28.03,57.98,67.4
RCBV12RT02,T,BouveriePreserve,233.58,RT,BV12RT,RCBV12R,BV,RangePlanting,2,20220802,2012,10,Medium,0,,3.75,3.75,1.23,2.52,67.27,32.73,28.11,75.44,0.28,32.2,29.9,37.8,67.7,5.34,0.34,99.89,3.74,0.33,3.75,99.98,4.37,0.3406,0.34,4.3656,,NA,15.22,1016.65,0.47,semi_arid,DRY,38.36625,-122.509,0.82,0.4,1.08,0.03,37.5,30,10,121.5,1652,-635.35,9647.17,39.85,81.65,67.2
RCBV12RT03,T,BouveriePreserve,233.58,RT,BV12RT,RCBV12R,BV,RangePlanting,3,20220802,2012,10,Medium,0,,3.29,3.29,0.81,2.48,75.26,24.74,27.16,77.06,0.27,36.8,35,28.2,63.2,5.26,0.29,102.51,3.37,0.3,3.29,100.71,3,0.2918,0.29,3.0178,HIGH TEXTURE,NA,15.22,1016.65,0.47,semi_arid,DRY,38.36624,-122.509,0.8,0.26,1.06,0.03,32.9,30,10,104.62,1652,-635.35,9647.17,25.76,78.86,75.38
RCBV12RT04,T,BouveriePreserve,233.58,RT,BV12RT,RCBV12R,BV,RangePlanting,4,20220802,2012,10,Medium,0,,3.19,3.19,1.24,1.95,61.21,38.79,27.48,76.42,0.27,28.9,32.5,38.6,71.1,5.41,0.3,100.57,3.21,0.3,3.19,99.29,4.5,0.3817,0.38,4.4714,,NA,15.22,1016.65,0.47,semi_arid,DRY,38.36609,-122.509,0.63,0.4,1.06,0.03,31.9,30,10,101.44,1652,-635.35,9647.17,39.43,62.01,61.13
RCBV12RT05,T,BouveriePreserve,233.58,RT,BV12RT,RCBV12R,BV,RangePlanting,5,20220802,2012,10,Medium,0,,2.45,2.45,0.54,1.91,78.1,21.9,22.59,81.79,0.23,28.7,30,41.3,71.3,5.14,0.27,98.79,2.42,0.27,2.45,100.49,2.38,0.2449,0.25,2.3865,HIGH TEXTURE,NA,15.22,1016.65,0.47,semi_arid,DRY,38.36609,-122.509,0.62,0.17,1.25,0.03,24.5,30,10,91.88,1652,-635.35,9647.17,20.25,71.63,77.96
RCBV12RT06,T,BouveriePreserve,233.58,RT,BV12RT,RCBV12R,BV,RangePlanting,6,20220802,2012,10,Medium,0,,3.69,3.69,1.13,2.56,69.33,30.67,25.99,77.62,0.26,32.3,32.4,35.3,67.7,5.33,0.34,100.39,3.71,0.35,3.69,101.06,4.36,0.3704,0.37,4.4009,HIGH TEXTURE,NA,15.22,1016.65,0.47,semi_arid,DRY,38.36613,-122.509,0.83,0.37,0.95,0.03,36.9,30,10,105.17,1652,-635.35,9647.17,32.21,72.96,69.37
RCBV12RT07,T,BouveriePreserve,233.58,RT,BV12RT,RCBV12R,BV,RangePlanting,7,20220802,2012,10,Medium,0,,2.99,2.99,0.7,2.29,76.56,23.44,23.71,80.04,0.24,30.9,30,39.2,69.2,5.14,0.27,101.07,3.02,0.28,2.99,99.28,2.96,0.3073,0.31,2.9342,HIGH TEXTURE,NA,15.22,1016.65,0.47,semi_arid,DRY,38.36615,-122.509,0.74,0.23,1.03,0.03,29.9,30,10,92.39,1652,-635.35,9647.17,21.63,70.76,76.59
RCBV12RT08,T,BouveriePreserve,233.58,RT,BV12RT,RCBV12R,BV,RangePlanting,8,20220802,2012,10,Medium,0,,2.9,2.9,0.76,2.14,73.87,26.13,28.6,75,0.29,31.6,27.5,40.9,68.4,5.15,0.29,99.16,2.87,0.29,2.9,98.92,2.65,0.211,0.209,2.62,,NA,15.22,1016.65,0.47,semi_arid,DRY,38.36607,-122.509,0.69,0.25,1.08,0.03,29,30,10,93.96,1652,-635.35,9647.17,24.62,69.34,73.8
RCBV12RT09,T,BouveriePreserve,233.58,RT,BV12RT,RCBV12R,BV,RangePlanting,9,20220802,2012,10,Medium,0,,3.05,3.05,1.13,1.92,62.79,37.21,27.61,75.93,0.28,30.5,30,39.5,69.5,5.33,0.31,100.82,3.08,0.31,3.05,100.04,4.11,0.29,0.29,4.11,,NA,15.22,1016.65,0.47,semi_arid,DRY,38.36609,-122.509,0.62,0.37,0.97,0.03,30.5,30,10,88.76,1652,-635.35,9647.17,32.88,55.87,62.95
RCBV12RT10,T,BouveriePreserve,233.58,RT,BV12RT,RCBV12R,BV,RangePlanting,10,20220802,2012,10,Medium,0,,2.49,2.49,0.7,1.79,71.83,28.17,22.48,81.06,0.22,30.1,32.5,37.4,69.9,5.31,0.26,101.51,2.52,0.27,2.49,101.44,3.12,0.263,0.267,3.17,HIGH TEXTURE,NA,15.22,1016.65,0.47,semi_arid,DRY,38.36613,-122.509,0.58,0.23,1.05,0.03,24.9,30,10,78.44,1652,-635.35,9647.17,22.05,56.39,71.89
RCBV12RT11,T,BouveriePreserve,233.58,RT,BV12RT,RCBV12R,BV,RangePlanting,11,20220802,2012,10,Medium,0,,3.24,3.24,0.94,2.3,71.05,28.95,30.85,73.14,0.31,30.5,30,39.5,69.5,5.2,0.33,99.37,3.22,0.33,3.24,99.68,3.04,0.296,0.295,3.04,not added,NA,15.22,1016.65,0.47,semi_arid,DRY,38.36619,-122.509,0.75,0.3,1.03,0.03,32.4,30,10,100.12,1652,-635.35,9647.17,29.05,71.07,70.98
RCCJ08FC01,C,CircleJNorrisRanch,,FC,CJ08FC,RCCJ08F,CJ,Riparian,1,20230330,2008,15,Old,1,,1.26,1.26,0.37,0.89,70.53,29.47,66.92,37.78,0.67,69.2,13.7,17,30.7,6.84,0.09,102.12,1.28,0.09,1.26,NA,0.55,NA,NA,NA,,NA,17.31,527.5,0.19,arid,DRY,36.22286,-118.831,0.38,0.16,1.28,0.09,12.6,30,10,48.38,2294,-1766.5,6415.83,14.21,34.18,70.65
RCCJ08FC02,C,CircleJNorrisRanch,,FC,CJ08FC,RCCJ08F,CJ,Riparian,2,20230330,2008,15,Old,3,,1.33,1.33,0.34,0.99,74.57,25.43,67.52,34.31,0.68,70.3,13.7,15.9,29.6,6.62,0.09,98.67,1.31,0.09,1.33,100.47,0.5,0.003,0,0.5037,,NA,17.31,527.5,0.19,arid,DRY,36.22286,-118.831,0.43,0.15,1.47,0.09,13.3,30,10,58.65,2294,-1766.5,6415.83,14.99,43.66,74.44
RCCJ08FC03,C,CircleJNorrisRanch,,FC,CJ08FC,RCCJ08F,CJ,Riparian,3,20230330,2008,15,Old,0,,1.06,1.06,0.26,0.8,75.54,24.46,60.15,43.91,0.6,62.7,15,22.3,37.3,6.73,0.16,98.96,1.05,0.16,1.06,99.45,0.43,0,0,0.4282,,NA,17.31,527.5,0.19,arid,DRY,36.22286,-118.831,0.35,0.11,1.58,0.09,10.6,30,10,50.24,2294,-1766.5,6415.83,12.32,37.92,75.48
RCCJ08FC04,C,CircleJNorrisRanch,,FC,CJ08FC,RCCJ08F,CJ,Riparian,4,20230330,2008,15,Old,0,,0.86,0.86,0.25,0.61,71.38,28.62,60.04,39.78,0.6,65.2,13.7,21,34.7,6.85,0.14,101.55,0.87,0.14,0.86,98.38,0.41,0.1152,0.11,0.4037,,NA,17.31,527.5,0.19,arid,DRY,36.22286,-118.831,0.26,0.11,2.13,0.09,8.6,30,10,54.95,2294,-1766.5,6415.83,15.98,38.98,70.94
RCCJ08FC05,C,CircleJNorrisRanch,,FC,CJ08FC,RCCJ08F,CJ,Riparian,5,20230330,2008,15,Old,0,,0.79,0.79,0.06,0.73,92.29,7.71,68.42,34.4,0.68,69.9,13.7,16.3,30,6.58,0.05,101.64,0.81,0.05,0.79,102.02,0.09,0.1028,0.1,0.091,,NA,17.31,527.5,0.19,arid,DRY,36.22286,-118.831,0.32,0.03,1.24,0.09,7.9,30,10,29.39,2294,-1766.5,6415.83,2.23,27.16,92.41
RCCJ08FC06,C,CircleJNorrisRanch,,FC,CJ08FC,RCCJ08F,CJ,Riparian,6,20230330,2008,15,Old,2,,1.23,1.23,0.65,0.58,46.82,53.18,75.97,19.61,0.76,84.2,7.5,8.3,15.8,6.75,0.14,99.93,1.23,0.14,1.23,100.25,0.86,0.1663,0.17,0.8633,high MAOM,NA,17.31,527.5,0.19,arid,DRY,36.22286,-118.831,0.25,0.28,0.9,0.09,12.3,30,10,33.21,2294,-1766.5,6415.83,17.55,15.66,47.15
RCCJ08FC07,C,CircleJNorrisRanch,,FC,CJ08FC,RCCJ08F,CJ,Riparian,7,20230330,2008,15,Old,0,,1.37,1.37,0.31,1.06,77.21,22.79,63.41,41.57,0.63,65.8,13.7,20.5,34.2,6.67,0.14,100.24,1.37,0.14,1.37,NA,0.49,NA,NA,NA,,NA,17.31,527.5,0.19,arid,DRY,36.22286,-118.831,0.46,0.13,1.38,0.09,13.7,30,10,56.72,2294,-1766.5,6415.83,12.83,43.88,77.36
RCCJ08FC08,C,CircleJNorrisRanch,,FC,CJ08FC,RCCJ08F,CJ,Riparian,8,20230330,2008,15,Old,0,,1.26,1.26,0.31,0.95,75.6,24.4,66.98,35.83,0.67,70.4,12.5,17.1,29.6,6.97,0.13,99.55,1.25,0.13,1.26,98.98,0.46,0.2179,0.22,0.4541,,NA,17.31,527.5,0.19,arid,DRY,36.22286,-118.831,0.41,0.13,1.43,0.09,12.6,30,10,54.05,2294,-1766.5,6415.83,13.3,40.76,75.41
RCCJ08FC09,C,CircleJNorrisRanch,,FC,CJ08FC,RCCJ08F,CJ,Riparian,9,20230330,2008,15,Old,0,,1.09,1.09,0.29,0.8,73.62,26.38,67.5,32.5,0.68,71,12.5,16.5,29,6.78,0.13,100.81,1.1,0.14,1.09,100.53,0.43,0.1217,0.12,0.4282,,NA,17.31,527.5,0.19,arid,DRY,36.22286,-118.831,0.35,0.13,1.4,0.09,10.9,30,10,45.78,2294,-1766.5,6415.83,12.18,33.6,73.39
RCCJ08FC10,C,CircleJNorrisRanch,,FC,CJ08FC,RCCJ08F,CJ,Riparian,10,20230330,2008,15,Old,1,,1.5,1.5,0.22,1.28,85.06,14.94,60.9,37.84,0.61,66.6,15,18.4,33.4,6.83,0.13,100.56,1.51,0.13,1.5,100.92,0.37,0.0027,0,0.3715,,NA,17.31,527.5,0.19,arid,DRY,36.22286,-118.831,0.55,0.1,1.49,0.09,15,30,10,67.05,2294,-1766.5,6415.83,9.83,57.22,85.34
RCCJ08FC11,C,CircleJNorrisRanch,,FC,CJ08FC,RCCJ08F,CJ,Riparian,11,20230330,2008,15,Old,0,,1.67,1.67,0.4,1.27,76.17,23.83,71.46,33.08,0.71,73.8,10,16.2,26.2,7.19,0.11,100.75,1.68,0.11,1.67,NA,0.56,NA,NA,NA,,NA,17.31,527.5,0.19,arid,DRY,36.22286,-118.831,0.55,0.17,1.57,0.09,16.7,30,10,78.66,2294,-1766.5,6415.83,18.84,59.82,76.05
RCCJ08FT01,T,CircleJNorrisRanch,,FT,CJ08FT,RCCJ08F,CJ,Riparian,1,20230330,2008,15,Old,4,,1.21,1.21,0.38,0.83,68.2,31.8,71.79,31.65,0.72,71.6,10,18.5,28.5,7.2,0.1,101.96,1.23,0.1,1.21,100.58,0.54,0.0063,0.01,0.5394,,NA,16.66,725.43,0.19,arid,DRY,40.32016,-122.185,0.24,0.11,0.93,0.07,12.1,30,10,33.76,1987,-1261.57,5066.74,10.6,23.16,68.6
RCCJ08FT02,T,CircleJNorrisRanch,,FT,CJ08FT,RCCJ08F,CJ,Riparian,2,20230330,2008,15,Old,4,,2.18,2.18,0.65,1.53,70.32,29.68,63.93,34.46,0.64,67.3,12.5,20.2,32.7,6.52,0.15,100.89,2.2,0.16,2.18,99.95,1.01,0.1023,0.1,1.0117,,NA,16.66,725.43,0.19,arid,DRY,40.32016,-122.185,0.44,0.19,0.86,0.07,21.8,30,10,56.24,1987,-1261.57,5066.74,16.77,39.47,70.18
RCCJ08FT03,T,CircleJNorrisRanch,,FT,CJ08FT,RCCJ08F,CJ,Riparian,3,20230330,2008,15,Old,4,,1.17,1.17,0.5,0.67,57.11,42.89,88.2,14.98,0.88,86.9,7.5,5.6,13.1,7.3,0.08,101.44,1.19,0.08,1.17,99.82,0.57,0.0177,0.02,0.5683,,NA,16.66,725.43,0.19,arid,DRY,40.32016,-122.185,0.19,0.14,0.62,0.07,11.7,30,10,21.76,1987,-1261.57,5066.74,9.3,12.46,57.26
RCCJ08FT04,T,CircleJNorrisRanch,,FT,CJ08FT,RCCJ08F,CJ,Riparian,4,20230330,2008,15,Old,1,,1.03,1.03,0.2,0.83,80.52,19.48,64.93,37.59,0.65,67.8,12.5,19.7,32.2,6.48,0.18,98.98,1.02,0.18,1.03,101.72,0.31,0.074,0.08,0.3158,,NA,16.66,725.43,0.19,arid,DRY,40.32016,-122.185,0.24,0.06,1.3,0.07,10.3,30,10,40.17,1987,-1261.57,5066.74,7.8,32.37,80.58
RCCJ08FT05,T,CircleJNorrisRanch,,FT,CJ08FT,RCCJ08F,CJ,Riparian,5,20230330,2008,15,Old,3,,1.2,1.2,0.21,0.99,82.26,17.74,64.31,36.43,0.64,65.7,12.5,21.8,34.3,6.65,0.16,99.06,1.19,0.16,1.2,99.75,0.33,0.0772,0.08,0.33,,NA,16.66,725.43,0.19,arid,DRY,40.32016,-122.185,0.29,0.06,1.11,0.07,12,30,10,39.96,1987,-1261.57,5066.74,6.99,32.97,82.51
RCCJ08FT06,T,CircleJNorrisRanch,,FT,CJ08FT,RCCJ08F,CJ,Riparian,6,20230330,2008,15,Old,3,,1.31,1.31,0.32,0.99,75.5,24.5,64.33,38.52,0.64,62.9,12.5,24.6,37.1,8.11,0.09,99.67,1.31,0.09,1.31,101.2,0.5,0.0808,0.08,0.5046,,NA,16.66,725.43,0.19,arid,DRY,40.32016,-122.185,0.29,0.09,1.03,0.07,13.1,30,10,40.48,1987,-1261.57,5066.74,9.89,30.59,75.57
RCCJ08FT07,T,CircleJNorrisRanch,,FT,CJ08FT,RCCJ08F,CJ,Riparian,7,20230330,2008,15,Old,0,,1.75,1.75,0.47,1.28,73.31,26.69,70.24,31.45,0.7,69.2,12.5,18.3,30.8,8.21,0.23,100.99,1.76,0.24,1.75,98.8,0.67,0.0966,0.1,0.657,,NA,16.66,725.43,0.19,arid,DRY,40.32016,-122.185,0.37,0.14,0.82,0.07,17.5,30,10,43.05,1987,-1261.57,5066.74,11.56,31.49,73.15
RCCJ08FT08,T,CircleJNorrisRanch,,FT,CJ08FT,RCCJ08F,CJ,Riparian,8,20230330,2008,15,Old,4,,2.2,2.2,0.86,1.34,60.71,39.29,70.45,32.77,0.7,67.9,12.5,19.6,32.1,6.84,0.15,100.89,2.22,0.15,2.2,101.05,1.23,0.1189,0.12,1.2399,,NA,16.66,725.43,0.19,arid,DRY,40.32016,-122.185,0.39,0.25,1.1,0.07,22,30,10,72.6,1987,-1261.57,5066.74,28.38,44.22,60.91
RCCJ08FT09,T,CircleJNorrisRanch,,FT,CJ08FT,RCCJ08F,CJ,Riparian,9,20230330,2008,15,Old,4,,1.64,1.64,0.42,1.22,74.29,25.71,68.47,36.19,0.68,66.7,12.5,20.8,33.3,8.05,0.19,100.5,1.65,0.19,1.64,NA,0.62,NA,NA,NA,,NA,16.66,725.43,0.19,arid,DRY,40.32016,-122.185,0.35,0.12,1.17,0.07,16.4,30,10,57.56,1987,-1261.57,5066.74,14.74,42.82,74.39
RCCJ08FT10,T,CircleJNorrisRanch,,FT,CJ08FT,RCCJ08F,CJ,Riparian,10,20230330,2008,15,Old,4,,1.9,1.9,0.66,1.24,65.17,34.83,70.7,31.5,0.71,71.2,10,18.8,28.8,7.06,0.23,101.79,1.93,0.23,1.9,100.13,0.94,0.1445,0.14,0.9376,,NA,16.66,725.43,0.19,arid,DRY,40.32016,-122.185,0.36,0.19,0.55,0.07,19,30,10,31.35,1987,-1261.57,5066.74,10.89,20.46,65.26
RCCJ08FT11,T,CircleJNorrisRanch,,FT,CJ08FT,RCCJ08F,CJ,Riparian,11,20230330,2008,15,Old,4,,2.32,2.32,0.55,1.77,76.18,23.82,60.07,41.04,0.6,60.9,17.5,21.6,39.1,6.72,0.25,99.1,2.3,0.25,2.32,101.1,0.92,0.0948,0.1,0.93,,NA,16.66,725.43,0.19,arid,DRY,40.32016,-122.185,0.51,0.16,1.1,0.07,23.2,30,10,76.56,1987,-1261.57,5066.74,18.15,58.41,76.29
RCCO15TC01,C,ColeRanch,144.77,TC,CO15TC,RCCO15T,CO,UplandOak,1,20220518,2015,7,Medium,0,,1.08,1.08,0.19,0.89,82.41,17.59,59.38,41.89,0.59,60.2,12.5,27.3,39.8,7.02,0.11,100.88,1.09,0.12,1.08,99.53,0.32,0.07,0.069,0.32,,NA,15.57,378.87,0.21,semi_arid,DRY,36.50667,-121.109,0.41,0.09,1.57,0.09,10.8,30,10,50.87,1849,-1470.13,5778.3,8.95,41.92,82.41
RCCO15TC02,C,ColeRanch,144.77,TC,CO15TC,RCCO15T,CO,UplandOak,2,20220518,2015,7,Medium,0,,1.12,1.12,0.25,0.87,77.8,22.2,60.64,40.78,0.61,62.2,12.5,25.3,37.8,7.24,0.13,100.48,1.12,0.13,1.11,100.26,0.41,0.088,0.088,0.41,,NA,15.57,378.87,0.21,semi_arid,DRY,36.50668,-121.109,0.4,0.11,1.67,0.09,11.2,30,10,56.11,1849,-1470.13,5778.3,12.53,43.59,77.69
RCCO15TC03,C,ColeRanch,144.77,TC,CO15TC,RCCO15T,CO,UplandOak,3,20220518,2015,7,Medium,0,,0.89,0.89,0.17,0.72,81.19,18.81,59.78,40.94,0.6,62.7,13.8,23.6,37.4,7.32,0.1,101.03,0.9,0.1,0.89,100.35,0.28,0.04,0.04,0.28,,NA,15.57,378.87,0.21,semi_arid,DRY,36.50679,-121.109,0.33,0.08,1.62,0.09,8.9,30,10,43.25,1849,-1470.13,5778.3,8.26,34.99,80.9
RCCO15TC04,C,ColeRanch,144.77,TC,CO15TC,RCCO15T,CO,UplandOak,4,20220518,2015,7,Medium,0,,0.89,0.89,0.17,0.72,80.77,19.23,61.13,39.93,0.61,63.4,12.5,24.1,36.6,7.19,0.12,99.8,0.89,0.12,0.89,100.21,0.28,0.057,0.057,0.28,,NA,15.57,378.87,0.21,semi_arid,DRY,36.50681,-121.109,0.33,0.08,1.51,0.09,8.9,30,10,40.32,1849,-1470.13,5778.3,7.7,32.62,80.9
RCCO15TC05,C,ColeRanch,144.77,TC,CO15TC,RCCO15T,CO,UplandOak,5,20220518,2015,7,Medium,0,,1,1,0.37,0.63,62.83,37.17,61.95,38.41,0.62,68.4,13.7,17.8,31.5,7.06,0.14,100.43,1,0.14,1,101.65,0.6,0.045,0.045,0.61,,NA,15.57,378.87,0.21,semi_arid,DRY,36.50683,-121.109,0.29,0.17,1.56,0.09,10,30,10,46.8,1849,-1470.13,5778.3,17.32,29.48,62.99
RCCO15TC06,C,ColeRanch,144.77,TC,CO15TC,RCCO15T,CO,UplandOak,6,20220518,2015,7,Medium,0,,1,1,0.1,0.9,90.37,9.63,40.11,59.71,0.4,65.5,15.01,19.5,34.51,7.29,0.13,101.35,1.01,0.13,1,100.16,0.24,0.06,0.06,0.24,HIGH TEXTURE,NA,15.57,378.87,0.21,semi_arid,DRY,36.50692,-121.109,0.41,0.05,1.64,0.09,10,30,10,49.2,1849,-1470.13,5778.3,4.92,44.28,90
RCCO15TC07,C,ColeRanch,144.77,TC,CO15TC,RCCO15T,CO,UplandOak,7,20220518,2015,7,Medium,0,,0.74,0.74,0.08,0.66,89.71,10.29,63.44,38.21,0.63,66.8,15,18.2,33.2,7.28,0.08,99.63,0.74,0.08,0.74,99.89,0.12,0.033,0.033,0.12,,NA,15.57,378.87,0.21,semi_arid,DRY,36.50693,-121.109,0.3,0.04,1.65,0.09,7.4,30,10,36.63,1849,-1470.13,5778.3,3.96,32.67,89.19
RCCO15TC08,C,ColeRanch,144.77,TC,CO15TC,RCCO15T,CO,UplandOak,8,20220518,2015,7,Medium,0,,1.06,1.06,0.2,0.86,80.85,19.15,61.51,39.75,0.62,65,12.5,22.5,35,7.34,0.15,100.69,1.07,0.15,1.06,102.25,0.33,0.046,0.047,0.34,,NA,15.57,378.87,0.21,semi_arid,DRY,36.50711,-121.109,0.39,0.09,1.84,0.09,10.6,30,10,58.51,1849,-1470.13,5778.3,11.04,47.47,81.13
RCCO15TC09,C,ColeRanch,144.77,TC,CO15TC,RCCO15T,CO,UplandOak,9,20220518,2015,7,Medium,0,,0.94,0.94,0.12,0.82,87.14,12.86,43.16,55.44,0.43,47.9,27.5,24.6,52.1,7.45,0.16,102.37,0.96,0.16,0.94,99.81,0.28,0.047,0.047,0.28,,NA,15.57,378.87,0.21,semi_arid,DRY,36.50717,-121.109,0.37,0.05,1.08,0.09,9.4,30,10,30.46,1849,-1470.13,5778.3,3.89,26.57,87.23
RCCO15TC10,C,ColeRanch,144.77,TC,CO15TC,RCCO15T,CO,UplandOak,10,20220518,2015,7,Medium,0,,1.24,1.24,0.24,1,80.48,19.52,29.89,68.23,0.3,35.1,37.4,27.5,64.9,7.38,0.17,100.23,1.24,0.17,1.24,99.05,0.81,0.068,0.067,0.8,,NA,15.57,378.87,0.21,semi_arid,DRY,36.50725,-121.109,0.46,0.11,0.87,0.09,12.4,30,10,32.36,1849,-1470.13,5778.3,6.26,26.1,80.66
RCCO15TC11,C,ColeRanch,144.77,TC,CO15TC,RCCO15T,CO,UplandOak,11,20220518,2015,7,Medium,0,,0.81,0.81,0.11,0.7,86.03,13.97,43.51,55.44,0.44,64.5,27.5,8,35.5,7.59,0.14,100.99,0.82,0.14,0.81,101.11,0.26,0.049,0.049,0.26,HIGH TEXTURE,NA,15.57,378.87,0.21,semi_arid,DRY,36.50744,-121.109,0.32,0.05,1.65,0.09,8.1,30,10,40.1,1849,-1470.13,5778.3,5.45,34.65,86.41
RCCO15TT01,T,ColeRanch,223.89,TT,CO15TT,RCCO15T,CO,UplandOak,1,20220518,2015,7,Medium,3,,1.17,1.17,0.32,0.85,72.58,27.42,58.32,42.43,0.58,59.8,13.7,26.5,40.2,7.33,0.14,101.52,1.19,0.14,1.17,98.66,0.55,0.053,0.053,0.55,,NA,15.57,378.87,0.21,semi_arid,DRY,36.50662,-121.109,0.34,0.13,1,0.09,11.7,30,10,35.1,1849,-1470.13,5778.3,9.6,25.5,72.65
RCCO15TT02,T,ColeRanch,223.89,TT,CO15TT,RCCO15T,CO,UplandOak,2,20220518,2015,7,Medium,1,,1.22,1.22,0.42,0.8,65.84,34.16,62.2,39.27,0.62,43.8,12.5,43.7,56.2,7.67,0.14,100.9,1.23,0.14,1.22,99.66,0.67,0.056,0.056,0.67,HIGH POM,NA,15.57,378.87,0.21,semi_arid,DRY,36.50668,-121.109,0.32,0.17,1.47,0.09,12.2,30,10,53.8,1849,-1470.13,5778.3,18.52,35.28,65.58
RCCO15TT03,T,ColeRanch,223.89,TT,CO15TT,RCCO15T,CO,UplandOak,3,20220518,2015,7,Medium,2,,1.1,1.1,0.32,0.78,70.46,29.54,61.31,39.63,0.61,65.4,12.5,22.1,34.6,7.59,0.11,101.5,1.12,0.11,1.1,100.94,0.53,0.916,0.925,0.54,,NA,15.57,378.87,0.21,semi_arid,DRY,36.50668,-121.109,0.32,0.13,1.34,0.09,11,30,10,44.22,1849,-1470.13,5778.3,12.86,31.36,70.92
RCCO15TT04,T,ColeRanch,223.89,TT,CO15TT,RCCO15T,CO,UplandOak,4,20220518,2015,7,Medium,0,,1.03,1.03,0.21,0.82,79.85,20.15,62.89,38.4,0.63,66.3,12.5,21.2,33.7,7.55,0.14,100.77,1.04,0.14,1.03,101.13,0.33,0.052,0.053,0.33,,NA,15.57,378.87,0.21,semi_arid,DRY,36.50674,-121.109,0.33,0.09,1.5,0.09,10.3,30,10,46.35,1849,-1470.13,5778.3,9.45,36.9,79.61
RCCO15TT05,T,ColeRanch,223.89,TT,CO15TT,RCCO15T,CO,UplandOak,5,20220518,2015,7,Medium,0,,1.32,1.32,0.27,1.05,79.78,20.22,62.06,38.65,0.62,63.7,15,21.4,36.4,7.44,0.13,101.81,1.34,0.14,1.32,100.38,0.43,0.051,0.052,0.43,,NA,15.57,378.87,0.21,semi_arid,DRY,36.50671,-121.109,0.43,0.11,1.62,0.09,13.2,30,10,64.15,1849,-1470.13,5778.3,13.12,51.03,79.55
RCCO15TT06,T,ColeRanch,223.89,TT,CO15TT,RCCO15T,CO,UplandOak,6,20220518,2015,7,Medium,0,,1.1,1.1,0.13,0.97,87.91,12.09,60.46,40.78,0.6,62.8,15,22.2,37.2,7.49,0.12,98.49,1.08,0.12,1.1,100.47,0.22,0.055,0.056,0.22,,NA,15.57,378.87,0.21,semi_arid,DRY,36.50683,-121.109,0.39,0.05,1.55,0.09,11,30,10,51.15,1849,-1470.13,5778.3,6.05,45.11,88.19
RCCO15TT07,T,ColeRanch,223.89,TT,CO15TT,RCCO15T,CO,UplandOak,7,20220518,2015,7,Medium,0,,0.93,0.93,0.22,0.71,75.84,24.16,64.2,37.43,0.64,66.5,12.5,21,33.5,7.76,0.13,101.95,0.95,0.13,0.93,100.05,0.35,0.054,0.054,0.35,,NA,15.57,378.87,0.21,semi_arid,DRY,36.50693,-121.109,0.29,0.09,1.22,0.09,9.3,30,10,34.04,1849,-1470.13,5778.3,8.05,25.99,76.35
RCCO15TT08,T,ColeRanch,223.89,TT,CO15TT,RCCO15T,CO,UplandOak,8,20220518,2015,7,Medium,0,,1.22,1.22,0.16,1.06,86.74,13.26,59.92,41.22,0.6,63.1,15,22,37,7.32,0.14,101.97,1.25,0.14,1.23,101.56,0.27,0.042,0.043,0.27,,NA,15.57,378.87,0.21,semi_arid,DRY,36.50702,-121.109,0.43,0.06,1.73,0.09,12.2,30,10,63.32,1849,-1470.13,5778.3,8.3,55.01,86.88
RCCO15TT09,T,ColeRanch,223.89,TT,CO15TT,RCCO15T,CO,UplandOak,9,20220518,2015,7,Medium,2,,1.61,1.61,0.46,1.15,71.69,28.31,54.26,46.64,0.54,55.3,20,24.7,44.7,7.95,0.13,102.75,1.65,0.14,1.61,100.66,0.84,0.049,0.05,0.84,,NA,15.57,378.87,0.21,semi_arid,DRY,36.50714,-121.109,0.47,0.19,1.48,0.09,16.1,30,10,71.48,1849,-1470.13,5778.3,20.42,51.06,71.43
RCCO15TT10,T,ColeRanch,223.89,TT,CO15TT,RCCO15T,CO,UplandOak,10,20220518,2015,7,Medium,0,,1.28,1.28,0.34,0.94,73.42,26.58,27.22,74.1,0.27,29.1,45,25.9,70.9,7.67,0.16,101.1,1.3,0.16,1.29,99.53,1.25,0.092,0.092,1.24,,NA,15.57,378.87,0.21,semi_arid,DRY,36.50721,-121.109,0.38,0.14,0.69,0.09,12.8,30,10,26.5,1849,-1470.13,5778.3,7.04,19.46,73.43
RCCO15TT11,T,ColeRanch,223.89,TT,CO15TT,RCCO15T,CO,UplandOak,11,20220518,2015,7,Medium,0,,0.99,0.99,0.11,0.88,88.89,11.11,32.36,67.64,0.32,33.5,37.5,29,66.5,7.43,0.13,101.1,1,0.13,0.99,100.87,0.34,0.066,0.067,0.34,,NA,15.57,378.87,0.21,semi_arid,DRY,36.50736,-121.109,0.36,0.04,1.28,0.09,9.9,30,10,38.02,1849,-1470.13,5778.3,4.22,33.79,88.87
RCCO18TC01,C,ColeRanch,,TC,CO18TC,RCCO18T,CO,UplandOak,1,2020519,2018,4,Young,0,,1.29,1.29,0.29,1,77.73,22.27,44.2,56.7,0.44,44.6,25,30.5,55.5,7.85,0.17,101.19,1.31,0.17,1.29,101.48,0.65,0.09,0.092,0.66,,NA,15.57,378.87,0.21,semi_arid,DRY,36.50829,-121.111,0.45,0.13,1.74,0.07,12.9,30,10,67.34,1849,-1470.13,5778.3,15.14,52.2,77.52
RCCO18TC02,C,ColeRanch,,TC,CO18TC,RCCO18T,CO,UplandOak,2,2020519,2018,4,Young,0,,2.39,2.39,0.6,1.79,75.09,24.91,40.78,61.96,0.41,40.8,27.5,31.7,59.2,7.67,0.29,101.37,2.42,0.29,2.39,102,1.46,0.159,0.163,1.48,,NA,15.57,378.87,0.21,semi_arid,DRY,36.50829,-121.111,0.81,0.27,1.14,0.07,23.9,30,10,81.74,1849,-1470.13,5778.3,20.52,61.22,74.9
RCCO18TC03,C,ColeRanch,,TC,CO18TC,RCCO18T,CO,UplandOak,3,2020519,2018,4,Young,0,,1.19,1.19,0.29,0.9,75.32,24.68,47.37,53.38,0.47,50.1,22.5,27.4,49.9,7.71,0.15,100.72,1.2,0.15,1.19,99.38,0.62,0.088,0.087,0.62,,NA,15.57,378.87,0.21,semi_arid,DRY,36.50825,-121.111,0.41,0.13,1.62,0.07,11.9,30,10,57.83,1849,-1470.13,5778.3,14.09,43.74,75.64
RCCO18TC04,C,ColeRanch,,TC,CO18TC,RCCO18T,CO,UplandOak,4,2020519,2018,4,Young,0,,1.3,1.3,0.35,0.95,73.4,26.6,47.37,52.81,0.47,50.8,20,29.2,49.2,7.33,0.18,101.25,1.32,0.19,1.3,100.9,0.73,0.083,0.084,0.74,,NA,15.57,378.87,0.21,semi_arid,DRY,36.50814,-121.111,0.43,0.16,1.34,0.07,13,30,10,52.26,1849,-1470.13,5778.3,14.07,38.19,73.08
RCCO18TC05,C,ColeRanch,,TC,CO18TC,RCCO18T,CO,UplandOak,5,2020519,2018,4,Young,0,,1.18,1.18,0.27,0.91,77.01,22.99,47.59,55.49,0.48,49.4,22.5,28.2,50.7,7.15,0.14,100.51,1.19,0.14,1.18,99.7,0.57,0.062,0.062,0.56,,NA,15.57,378.87,0.21,semi_arid,DRY,36.50804,-121.111,0.41,0.12,1.42,0.07,11.8,30,10,50.27,1849,-1470.13,5778.3,11.5,38.77,77.12
RCCO18TC06,C,ColeRanch,,TC,CO18TC,RCCO18T,CO,UplandOak,6,2020519,2018,4,Young,0,,1.59,1.59,0.49,1.1,69.11,30.89,41.62,58.95,0.42,45.1,25,29.9,54.9,7.32,0.19,101.31,1.62,0.2,1.6,99.92,1.18,0.097,0.097,1.18,,NA,15.57,378.87,0.21,semi_arid,DRY,36.50797,-121.111,0.5,0.22,1.69,0.07,15.9,30,10,80.61,1849,-1470.13,5778.3,24.84,55.77,69.18
RCCO18TC07,C,ColeRanch,,TC,CO18TC,RCCO18T,CO,UplandOak,7,2020519,2018,4,Young,0,,1.2,1.2,0.27,0.93,77.57,22.43,42.73,58.14,0.43,45.8,25,29.2,54.2,7.17,0.13,101.86,1.22,0.13,1.2,100.95,0.63,0.079,0.079,0.64,,NA,15.57,378.87,0.21,semi_arid,DRY,36.50787,-121.111,0.42,0.12,1.43,0.07,12,30,10,51.48,1849,-1470.13,5778.3,11.58,39.9,77.51
RCCO18TC08,C,ColeRanch,,TC,CO18TC,RCCO18T,CO,UplandOak,8,2020519,2018,4,Young,0,,2.01,2.01,0.58,1.43,71.09,28.91,51.43,49.29,0.51,44.9,22.5,32.6,55.1,7.08,0.22,101.29,2.04,0.22,2.01,100.66,1.13,0.088,0.088,1.13,HIGH POM,NA,15.57,378.87,0.21,semi_arid,DRY,36.50762,-121.111,0.65,0.26,1.15,0.07,20.1,30,10,69.35,1849,-1470.13,5778.3,20.01,49.34,71.15
RCCO18TC09,C,ColeRanch,,TC,CO18TC,RCCO18T,CO,UplandOak,9,2020519,2018,4,Young,0,,1.48,1.48,0.2,1.28,86.7,13.3,42.78,57.95,0.43,45.4,22.5,32.1,54.6,6.98,0.16,101.09,1.5,0.16,1.48,100.95,0.46,0.067,0.068,0.47,,NA,15.57,378.87,0.21,semi_arid,DRY,36.50774,-121.111,0.58,0.09,1.67,0.07,14.8,30,10,74.15,1849,-1470.13,5778.3,10.02,64.13,86.49
RCCO18TC10,C,ColeRanch,,TC,CO18TC,RCCO18T,CO,UplandOak,10,2020519,2018,4,Young,0,,1.24,1.24,0.2,1.04,84.09,15.91,41.98,59.14,0.42,45.5,22.5,32.1,54.6,6.81,0.18,100.02,1.24,0.18,1.24,99.95,0.47,0.059,0.059,0.47,,NA,15.57,378.87,0.21,semi_arid,DRY,36.50776,-121.111,0.47,0.09,1.75,0.07,12.4,30,10,65.1,1849,-1470.13,5778.3,10.5,54.6,83.87
RCCO18TC11,C,ColeRanch,,TC,CO18TC,RCCO18T,CO,UplandOak,11,2020519,2018,4,Young,0,,1.18,1.18,0.25,0.93,78.55,21.45,50.63,50.45,0.51,52.3,20,27.7,47.7,7.29,0.13,101.98,1.2,0.14,1.18,99.79,0.5,0.058,0.058,0.5,,NA,15.57,378.87,0.21,semi_arid,DRY,36.50788,-121.11,0.42,0.11,1.72,0.07,11.8,30,10,60.89,1849,-1470.13,5778.3,12.9,47.99,78.81
RCCO18TT01,T,ColeRanch,,TT,CO18TT,RCCO18T,CO,UplandOak,1,20220518,2018,4,Young,0,,2.57,2.57,0.39,2.18,84.96,15.04,33.91,67.43,0.34,36.9,32.5,30.6,63.1,7.47,0.28,101.34,2.61,0.28,2.58,99.75,1.14,0.113,0.113,1.14,,NA,15.57,378.87,0.21,semi_arid,DRY,36.50835,-121.111,1.01,0.18,1.3,0.04,25.7,30,10,100.23,1848,-1469.13,5778.3,15.21,85.02,84.82
RCCO18TT02,T,ColeRanch,,TT,CO18TT,RCCO18T,CO,UplandOak,2,20220518,2018,4,Young,1,,1.76,1.76,0.5,1.26,71.7,28.3,47.43,53.52,0.47,49.7,25,25.3,50.3,7.19,0.22,100.74,1.77,0.22,1.76,99.17,1.05,0.109,0.108,1.04,,NA,15.57,378.87,0.21,semi_arid,DRY,36.50827,-121.111,0.58,0.23,1.44,0.04,17.6,30,10,76.03,1849,-1470.13,5778.3,21.6,54.43,71.59
RCCO18TT03,T,ColeRanch,,TT,CO18TT,RCCO18T,CO,UplandOak,3,20220518,2018,4,Young,0,,1.64,1.64,0.35,1.29,78.53,21.47,48.24,53.6,0.48,51.1,22.5,26.4,48.9,7.25,0.2,101.41,1.66,0.2,1.64,101.39,0.73,0.095,0.096,0.74,,NA,15.57,378.87,0.21,semi_arid,DRY,36.50823,-121.111,0.6,0.16,1.56,0.04,16.4,30,10,76.75,1849,-1470.13,5778.3,16.38,60.37,78.66
RCCO18TT04,T,ColeRanch,,TT,CO18TT,RCCO18T,CO,UplandOak,4,20220518,2018,4,Young,0,,1.47,1.47,0.26,1.21,82.55,17.45,47.51,54.02,0.48,40,22.5,37.5,60,7.43,0.18,101.15,1.48,0.18,1.46,98.61,0.54,0.062,0.061,0.54,HIGH POM,NA,15.57,378.87,0.21,semi_arid,DRY,36.50817,-121.111,0.56,0.12,1.49,0.04,14.7,30,10,65.71,1849,-1470.13,5778.3,11.62,54.09,82.32
RCCO18TT05,T,ColeRanch,,TT,CO18TT,RCCO18T,CO,UplandOak,5,20220518,2018,4,Young,1,,1.25,1.25,0.23,1.02,81.4,18.6,50.55,51.28,0.51,51,22.5,26.5,49,7.5,0.17,100.55,1.25,0.17,1.24,101.42,0.46,0.07,0.071,0.47,,NA,15.57,378.87,0.21,semi_arid,DRY,36.5081,-121.111,0.47,0.11,1.63,0.04,12.5,30,10,61.13,1849,-1470.13,5778.3,11.25,49.88,81.6
RCCO18TT06,T,ColeRanch,,TT,CO18TT,RCCO18T,CO,UplandOak,6,20220518,2018,4,Young,0,,1.38,1.38,0.19,1.19,86.53,13.47,39.54,60.84,0.4,45.1,27.5,27.5,55,7.24,0.18,100.43,1.39,0.18,1.38,100.37,0.47,0.074,0.074,0.47,,NA,15.57,378.87,0.21,semi_arid,DRY,36.50793,-121.111,0.55,0.09,1.75,0.04,13.8,30,10,72.45,1849,-1470.13,5778.3,9.98,62.48,86.24
RCCO18TT07,T,ColeRanch,,TT,CO18TT,RCCO18T,CO,UplandOak,7,20220518,2018,4,Young,0,,1.09,1.09,0.15,0.94,86.3,13.7,43.91,57.35,0.44,46.3,27.5,26.2,53.7,7.08,0.14,100.39,1.09,0.14,1.09,99.38,0.34,0.046,0.045,0.34,,NA,15.57,378.87,0.21,semi_arid,DRY,36.50777,-121.111,0.43,0.07,1.66,0.04,10.9,30,10,54.28,1849,-1470.13,5778.3,7.47,46.81,86.24
RCCO18TT08,T,ColeRanch,,TT,CO18TT,RCCO18T,CO,UplandOak,8,20220518,2018,4,Young,2,,1.37,1.37,0.25,1.12,81.81,18.19,44.5,56.58,0.45,46.9,22.5,30.6,53.1,7.18,0.18,98.86,1.36,0.18,1.38,101.41,0.56,0.06,0.061,0.57,,NA,15.57,378.87,0.21,semi_arid,DRY,36.50763,-121.111,0.52,0.12,1.59,0.04,13.7,30,10,65.35,1849,-1470.13,5778.3,11.93,53.42,81.74
RCCO18TT09,T,ColeRanch,,TT,CO18TT,RCCO18T,CO,UplandOak,9,20220518,2018,4,Young,0,,1.35,1.35,0.19,1.16,85.61,14.39,48.56,53.96,0.49,50.1,22.5,27.4,49.9,6.92,0.15,102.12,1.38,0.15,1.35,98.79,0.4,0.064,0.063,0.4,,NA,15.57,378.87,0.21,semi_arid,DRY,36.50768,-121.111,0.54,0.09,1.61,0.04,13.5,30,10,65.21,1849,-1470.13,5778.3,9.18,56.03,85.92
RCCO18TT10,T,ColeRanch,,TT,CO18TT,RCCO18T,CO,UplandOak,10,20220518,2018,4,Young,0,,1.08,1.08,0.14,0.94,87.21,12.79,44.57,56.93,0.45,46.6,22.5,30.9,53.4,7.19,0.14,98.9,1.07,0.14,1.08,99.85,0.31,0.067,0.067,0.31,,NA,15.57,378.87,0.21,semi_arid,DRY,36.50783,-121.11,0.43,0.06,1.38,0.04,10.8,30,10,44.71,1849,-1470.13,5778.3,5.8,38.92,87.05
RCCO18TT11,T,ColeRanch,,TT,CO18TT,RCCO18T,CO,UplandOak,11,20220518,2018,4,Young,1,,1.36,1.36,0.25,1.11,81.26,18.74,49.01,52.96,0.49,52.8,20,27.2,47.2,7.17,0.17,100.06,1.36,0.17,1.36,99.62,0.52,0.092,0.092,0.52,,NA,15.57,378.87,0.21,semi_arid,DRY,36.50794,-121.11,0.51,0.12,1.51,0.04,13.6,30,10,61.61,1849,-1470.13,5778.3,11.33,50.28,81.61
RCEK14FC01,C,EklandRanch,122.49,FC,EK14FC,RCEK14F,EK,Riparian,1,20220426,2014,8,Medium,0,,1.65,1.65,0.54,1.11,67.29,32.71,15.45,84.55,0.15,26.9,32.5,40.6,73.1,7.46,0.15,98.43,1.63,0.15,1.65,98.55,3.49,0.2374,0.2339,3.442,HIGH TEXTURE,NA,17.32,608.08,0.32,semi_arid,DRY,39.90008,-122.512,0.53,0.26,1.6,0.04,16.5,30,10,78.8,1949,-1340.92,4176.74,25.79,53.01,67.27
RCEK14FC02,C,EklandRanch,122.49,FC,EK14FC,RCEK14F,EK,Riparian,2,20220426,2014,8,Medium,0,,1.76,1.76,0.67,1.09,61.77,38.23,28.21,72.5,0.28,38.2,22.5,39.4,61.9,7.43,0.19,99.72,1.76,0.19,1.76,100.13,2.39,0.1672,0.1674,2.3878,HIGH TEXTURE,NA,17.32,608.08,0.32,semi_arid,DRY,39.89998,-122.512,0.52,0.32,1.6,0.04,17.6,30,10,87.12,1955,-1346.92,4176.74,33.17,53.96,61.94
RCEK14FC03,C,EklandRanch,122.49,FC,EK14FC,RCEK14F,EK,Riparian,3,20220426,2014,8,Medium,1,,1.82,1.82,0.73,1.09,60.03,39.97,21.92,78.62,0.22,35.8,30,34.2,64.2,6.86,0.21,99.71,1.82,0.21,1.82,102.56,3.32,0.1948,0.1998,3.4041,HIGH TEXTURE,NA,17.32,608.08,0.32,semi_arid,DRY,39.90001,-122.511,0.52,0.35,1.28,0.04,18.2,30,10,69.89,1949,-1340.92,4176.74,28.03,41.86,59.89
RCEK14FC04,C,EklandRanch,122.49,FC,EK14FC,RCEK14F,EK,Riparian,4,20220426,2014,8,Medium,0,,0.75,0.75,0.24,0.51,68.43,31.57,24.77,75.95,0.25,35.2,25,39.8,64.8,6.59,0.09,98.7,0.74,0.09,0.75,99.08,0.96,0.0501,0.0496,0.9473,HIGH TEXTURE,NA,17.32,608.08,0.32,semi_arid,DRY,39.89996,-122.511,0.24,0.11,1.69,0.04,7.5,30,10,38.03,1955,-1346.92,4176.74,12.17,25.86,68
RCEK14FC05,C,EklandRanch,122.49,FC,EK14FC,RCEK14F,EK,Riparian,5,20220426,2014,8,Medium,0,,1.33,1.33,0.38,0.95,71.52,28.48,22.44,77.56,0.22,34.5,27.5,38,65.5,7.71,0.18,99.68,1.33,0.18,1.33,100.13,1.69,0.1447,0.1449,1.6904,HIGH TEXTURE,NA,17.32,608.08,0.32,semi_arid,DRY,39.89996,-122.511,0.45,0.18,1.57,0.04,13.3,30,10,62.64,1955,-1346.92,4176.74,17.9,44.75,71.44
RCEK14FC06,C,EklandRanch,122.49,FC,EK14FC,RCEK14F,EK,Riparian,6,20220426,2014,8,Medium,1,,1.21,1.21,0.28,0.93,77.17,22.83,25.09,75.09,0.25,32.2,27.5,40.3,67.8,6.93,0.17,102.64,1.24,0.17,1.21,101.19,1.1,0.0805,0.0814,1.1142,HIGH TEXTURE,NA,17.32,608.08,0.32,semi_arid,DRY,39.89987,-122.511,0.44,0.13,1.71,0.04,12.1,30,10,62.07,1955,-1346.92,4176.74,14.36,47.71,76.86
RCEK14FC07,C,EklandRanch,122.49,FC,EK14FC,RCEK14F,EK,Riparian,7,20220426,2014,8,Medium,0,,1.36,1.36,0.39,0.97,71.13,28.87,24.34,75.13,0.24,30,32.5,37.5,70,7.4,0.14,100.29,1.36,0.14,1.36,101.08,1.61,0.1254,0.1268,1.63,HIGH TEXTURE,NA,17.32,608.08,0.32,semi_arid,DRY,39.89976,-122.511,0.46,0.19,1.64,0.04,13.6,30,10,66.91,1955,-1346.92,4176.74,19.19,47.72,71.32
RCEK14FC08,C,EklandRanch,122.49,FC,EK14FC,RCEK14F,EK,Riparian,8,20220426,2014,8,Medium,0,,1.43,1.43,0.46,0.97,67.71,32.29,29.56,70.44,0.3,29.7,28.7,41.6,70.3,7.51,0.15,100.07,1.44,0.15,1.43,98.89,1.56,0.1389,0.1374,1.545,HIGH TEXTURE,NA,17.32,608.08,0.32,semi_arid,DRY,39.89973,-122.511,0.46,0.22,1.62,0.04,14.3,30,10,69.5,1955,-1346.92,4176.74,22.36,47.14,67.83
RCEK14FC09,C,EklandRanch,122.49,FC,EK14FC,RCEK14F,EK,Riparian,9,20220426,2014,8,Medium,0,,1.06,1.06,0.42,0.64,60.7,39.3,35.51,64.31,0.36,22.8,32.5,44.7,77.2,7.91,0.09,99.03,1.05,0.09,1.06,100.88,1.17,0.108,0.109,1.183,HIGH POM,NA,17.32,608.08,0.32,semi_arid,DRY,39.89968,-122.511,0.31,0.2,1.62,0.04,10.6,30,10,51.52,1955,-1346.92,4176.74,20.41,31.1,60.36
RCEK14FC10,C,EklandRanch,122.49,FC,EK14FC,RCEK14F,EK,Riparian,10,20220426,2014,8,Medium,0,,1.07,1.07,0.36,0.71,65.99,34.01,24.29,76.24,0.24,32.6,27.5,39.9,67.4,6.87,0.15,99.16,1.06,0.15,1.07,98.84,1.5,0.1296,0.1281,1.4804,HIGH TEXTURE,NA,17.32,608.08,0.32,semi_arid,DRY,39.89966,-122.511,0.34,0.17,1.61,0.04,10.7,30,10,51.68,1955,-1346.92,4176.74,17.39,34.29,66.35
RCEK14FC11,C,EklandRanch,122.49,FC,EK14FC,RCEK14F,EK,Riparian,11,20220426,2014,8,Medium,0,,1.46,1.46,0.54,0.92,63.31,36.69,27.32,70.58,0.27,31,30,39.1,69.1,7.26,0.17,99.78,1.46,0.17,1.46,99.19,1.96,0.1597,0.1584,1.9448,HIGH TEXTURE,NA,17.32,608.08,0.32,semi_arid,DRY,39.89951,-122.511,0.44,0.26,1.53,0.04,14.6,30,10,67.01,1955,-1346.92,4176.74,24.79,42.23,63.02
RCEK14FT01,T,EklandRanch,217.48,FT,EK14FT,RCEK14F,EK,Riparian,1,20220426,2014,8,Medium,1,,1.09,1.09,0.42,0.67,61.56,38.44,30.45,70.81,0.3,42.1,17.5,40.4,57.9,6.25,0.15,100.64,1.1,0.15,1.09,98.98,1.38,0.0972,0.0962,1.3623,HIGH TEXTURE,NA,17.32,608.08,0.32,semi_arid,DRY,39.89885,-122.51,0.27,0.17,1.99,0.1,10.9,30,10,65.07,1955,-1346.92,4238.48,25.07,40,61.47
RCEK14FT02,T,EklandRanch,217.48,FT,EK14FT,RCEK14F,EK,Riparian,2,20220426,2014,8,Medium,0,,0.73,0.73,0.3,0.43,58.91,41.09,19.6,82.42,0.2,30.8,26.3,42.9,69.2,6.91,0.14,102.15,0.75,0.15,0.73,100.15,1.53,0.05,0.055,1.53,HIGH TEXTURE,NA,17.32,608.08,0.32,semi_arid,DRY,39.89884,-122.51,0.17,0.12,0.8,0.1,7.3,30,10,17.52,1955,-1346.92,4176.74,7.2,10.32,58.9
RCEK14FT03,T,EklandRanch,217.48,FT,EK14FT,RCEK14F,EK,Riparian,3,20220426,2014,8,Medium,1,,0.69,0.69,0.26,0.43,62.99,37.01,33.02,67.53,0.33,37.8,30,32.3,62.3,6.87,0.15,99.86,0.69,0.15,0.69,101.28,0.77,0.02,0.017,0.78,HIGH TEXTURE,NA,17.32,608.08,0.32,semi_arid,DRY,39.89898,-122.51,0.17,0.1,1.34,0.1,6.9,30,10,27.74,1955,-1346.92,4176.74,10.45,17.29,62.33
RCEK14FT04,T,EklandRanch,217.48,FT,EK14FT,RCEK14F,EK,Riparian,4,20220426,2014,8,Medium,0,,4.6,4.6,1.55,3.05,66.33,33.67,21.63,78.37,0.22,33.3,27.5,39.2,66.7,7.09,0.4,99.66,4.59,0.4,4.6,99.93,7.16,0.4568,0.4565,7.1559,HIGH TEXTURE,NA,17.32,608.08,0.32,semi_arid,DRY,39.89903,-122.51,1.23,0.62,1.15,0.1,46,30,10,158.7,1955,-1346.92,4176.74,53.48,105.23,66.31
RCEK14FT05,T,EklandRanch,217.48,FT,EK14FT,RCEK14F,EK,Riparian,5,20220426,2014,8,Medium,0,,1.77,1.77,0.55,1.22,68.82,31.18,26.67,73.87,0.27,34,26.2,39.8,66,6.73,0.19,101.71,1.8,0.19,1.77,100.67,2.07,0.1157,0.1165,2.0823,HIGH TEXTURE,NA,17.32,608.08,0.32,semi_arid,DRY,39.89902,-122.509,0.49,0.22,1.3,0.1,17.7,30,10,71.21,1955,-1346.92,4176.74,22.13,49.08,68.92
RCEK14FT06,T,EklandRanch,217.48,FT,EK14FT,RCEK14F,EK,Riparian,6,20220426,2014,8,Medium,2,,0.88,0.88,0.4,0.48,54.85,45.15,28.17,72,0.28,38.8,27.5,33.7,61.2,6.93,0.15,100.59,0.89,0.15,0.88,100.68,1.41,0.12,0.12,1.42,HIGH TEXTURE,NA,17.32,608.08,0.32,semi_arid,DRY,39.89905,-122.509,0.19,0.16,1.18,0.1,8.8,30,10,31.15,1955,-1346.92,4176.74,14.16,16.99,54.54
RCEK14FT07,T,EklandRanch,217.48,FT,EK14FT,RCEK14F,EK,Riparian,7,20220426,2014,8,Medium,4,,3.24,3.24,1.5,1.74,53.58,46.42,21.18,79.35,0.21,30.2,27.5,42.3,69.8,7.08,0.32,100.07,3.24,0.32,3.24,102.75,7.1,0.4779,0.491,7.2967,HIGH TEXTURE,NA,17.32,608.08,0.32,semi_arid,DRY,39.89917,-122.509,0.7,0.6,1.3,0.1,32.4,30,10,126.36,1955,-1346.92,4176.74,58.5,67.86,53.7
RCEK14FT08,T,EklandRanch,217.48,FT,EK14FT,RCEK14F,EK,Riparian,8,20220426,2014,8,Medium,1,,1.17,1.17,0.29,0.88,74.91,25.09,29.15,71.55,0.29,35.3,27.5,37.3,64.8,6.72,0.12,99.07,1.16,0.12,1.17,100.66,1.01,0.1185,0.1193,1.0137,HIGH TEXTURE,NA,17.32,608.08,0.32,semi_arid,DRY,39.89908,-122.509,0.35,0.12,1.55,0.1,11.7,30,10,54.41,1955,-1346.92,4176.74,13.49,40.92,75.21
RCEK14FT09,T,EklandRanch,217.48,FT,EK14FT,RCEK14F,EK,Riparian,9,20220426,2014,8,Medium,4,,1.76,1.76,0.99,0.77,43.74,56.26,29.48,71.4,0.29,36.5,32.5,31,63.5,7.01,0.18,99.57,1.76,0.18,1.76,99.57,3.36,0.2454,0.2443,3.3445,HIGH TEXTURE,NA,17.32,608.08,0.32,semi_arid,DRY,39.89898,-122.509,0.31,0.4,1.23,0.1,17.6,30,10,64.94,1955,-1346.92,4176.74,36.53,28.41,43.75
RCEK14FT10,T,EklandRanch,217.48,FT,EK14FT,RCEK14F,EK,Riparian,10,20220426,2014,8,Medium,2,,2.23,2.23,0.9,1.33,59.73,40.27,34.77,65.77,0.35,41.4,26.2,32.4,58.6,6.92,0.21,99.88,2.22,0.21,2.23,99.88,2.58,0.1572,0.1571,2.5796,HIGH TEXTURE,NA,17.32,608.08,0.32,semi_arid,DRY,39.89895,-122.509,0.53,0.36,1.37,0.1,22.3,30,10,91.65,1955,-1346.92,4176.74,36.99,54.66,59.64
RCEK14FT11,T,EklandRanch,217.48,FT,EK14FT,RCEK14F,EK,Riparian,11,20220426,2014,8,Medium,0,,1.02,1.02,0.3,0.72,70.29,29.71,25.53,74.82,0.26,40.4,20,39.6,59.6,6.82,0.11,102.7,1.05,0.11,1.02,100.42,1.19,0.1013,0.1017,1.1917,HIGH TEXTURE,NA,17.32,608.08,0.32,semi_arid,DRY,39.89893,-122.508,0.29,0.12,1.5,0.1,10.2,30,10,45.9,1953,-1344.92,4201.7,13.5,32.4,70.59
RCEK14RC01,C,EklandRanch,231.53,RC,EK14RC,RCEK14R,EK,RangePlanting,1,20220426,2014,8,Medium,0,,1.19,1.19,0.36,0.83,69.34,30.66,28.73,74.51,0.29,29.4,25,45.6,70.6,6.67,0.13,100,1.19,0.13,1.19,99.09,1.27,0.11,0.109,1.26,,NA,17.32,608.08,0.31,semi_arid,DRY,39.90381,-122.517,0.41,0.18,1.84,0.06,11.9,30,10,65.69,1948,-1339.92,4201.7,19.87,45.82,69.75
RCEK14RC02,C,EklandRanch,231.53,RC,EK14RC,RCEK14R,EK,RangePlanting,2,20220426,2014,8,Medium,0,,2.14,2.14,0.56,1.58,73.69,26.31,16.91,84.94,0.17,18.3,37.5,44.2,81.7,6.87,0.25,99.05,2.12,0.24,2.14,98.69,3.33,0.277,0.273,3.29,,NA,17.32,608.08,0.31,semi_arid,DRY,39.90376,-122.517,0.77,0.27,1.38,0.06,21.4,30,10,88.6,1948,-1339.92,4201.7,23.18,65.41,73.83
RCEK14RC03,C,EklandRanch,231.53,RC,EK14RC,RCEK14R,EK,RangePlanting,3,20220426,2014,8,Medium,0,,1.22,1.22,0.4,0.82,66.9,33.1,20.71,79.82,0.21,23.5,32.5,44,76.5,6.8,0.16,100.12,1.22,0.16,1.22,99.89,1.95,0.132,0.132,1.95,,NA,17.32,608.08,0.31,semi_arid,DRY,39.90392,-122.518,0.4,0.2,1.77,0.06,12.2,30,10,64.78,1948,-1339.92,4201.7,21.24,43.54,67.21
RCEK14RC04,C,EklandRanch,231.53,RC,EK14RC,RCEK14R,EK,RangePlanting,4,20220426,2014,8,Medium,0,,0.81,0.81,0.29,0.52,64.51,35.49,23.42,80.18,0.23,24.4,22.5,53.1,75.6,6.79,0.16,101.46,0.82,0.16,0.81,100.81,1.23,0.07,0.069,1.24,,NA,17.32,608.08,0.31,semi_arid,DRY,39.90398,-122.518,0.25,0.14,1.78,0.06,8.1,30,10,43.25,1948,-1339.92,4201.7,15.49,27.77,64.21
RCEK14RC05,C,EklandRanch,231.53,RC,EK14RC,RCEK14R,EK,RangePlanting,5,20220426,2014,8,Medium,0,,1.65,1.65,0.46,1.19,71.96,28.04,21.72,79.74,0.22,23.9,32.5,43.6,76.1,6.76,0.2,99.2,1.64,0.2,1.65,98.98,2.13,0.2,0.198,2.11,,NA,17.32,608.08,0.31,semi_arid,DRY,39.90434,-122.518,0.58,0.22,1.73,0.06,16.5,30,10,85.64,1948,-1339.92,4201.7,23.87,61.76,72.12
RCEK14RC06,C,EklandRanch,231.53,RC,EK14RC,RCEK14R,EK,RangePlanting,6,20220426,2014,8,Medium,0,,1.27,1.27,0.44,0.83,64.98,35.02,31.1,70.32,0.31,28,27.5,44.5,72,6.59,0.18,100.07,1.27,0.18,1.27,100.13,1.43,0.119,0.119,1.43,,NA,17.32,608.08,0.31,semi_arid,DRY,39.90429,-122.518,0.41,0.22,1.78,0.06,12.7,30,10,67.82,1948,-1339.92,4201.7,23.5,44.32,65.35
RCEK14RC07,C,EklandRanch,231.53,RC,EK14RC,RCEK14R,EK,RangePlanting,7,20220426,2014,8,Medium,0,,1.41,1.41,0.32,1.09,77.41,22.59,15.54,86.07,0.16,20.7,32.5,46.8,79.3,6.77,0.19,101.99,1.43,0.19,1.41,99.51,2.05,0.185,0.184,2.04,,NA,17.32,608.08,0.31,semi_arid,DRY,39.9041,-122.518,0.53,0.16,1.52,0.06,14.1,30,10,64.3,1948,-1339.92,4201.7,14.59,49.7,77.29
RCEK14RC08,C,EklandRanch,231.53,RC,EK14RC,RCEK14R,EK,RangePlanting,8,20220426,2014,8,Medium,0,,1.13,1.13,0.32,0.81,71.92,28.08,12.25,87.03,0.12,17.3,37.5,45.2,82.7,6.82,0.13,101.36,1.15,0.13,1.13,99.1,2.59,0.211,0.209,2.56,,NA,17.32,608.08,0.31,semi_arid,DRY,39.90407,-122.518,0.4,0.16,1.82,0.06,11.3,30,10,61.7,1948,-1339.92,4201.7,17.47,44.23,71.69
RCEK14RC09,C,EklandRanch,231.53,RC,EK14RC,RCEK14R,EK,RangePlanting,9,20220426,2014,8,Medium,0,,1.72,1.72,0.58,1.14,66.39,33.61,13.11,87.97,0.13,20.6,32.5,46.9,79.4,6.44,0.19,100.97,1.74,0.19,1.72,99.89,4.41,0.373,0.373,4.4,HIGH TEXTURE,NA,17.32,608.08,0.31,semi_arid,DRY,39.90415,-122.518,0.56,0.28,1.46,0.06,17.2,30,10,75.34,1948,-1339.92,4201.7,25.4,49.93,66.27
RCEK14RC10,C,EklandRanch,231.53,RC,EK14RC,RCEK14R,EK,RangePlanting,10,20220426,2014,8,Medium,0,,1.19,1.19,0.38,0.81,68.39,31.61,11.83,88.91,0.12,17.7,35,47.4,82.4,6.73,0.17,98.9,1.17,0.17,1.19,99.33,3.18,0.256,0.254,3.16,,NA,17.32,608.08,0.31,semi_arid,DRY,39.90452,-122.518,0.4,0.19,1.47,0.06,11.9,30,10,52.48,1948,-1339.92,4201.7,16.76,35.72,68.06
RCEK14RC11,C,EklandRanch,231.53,RC,EK14RC,RCEK14R,EK,RangePlanting,11,20220426,2014,8,Medium,0,,1.77,1.77,0.52,1.25,70.72,29.28,9.89,90.47,0.1,14.8,40,45.3,85.3,6.64,0.22,100.44,1.78,0.22,1.77,98.62,5.24,0.42,0.415,5.17,,NA,17.32,608.08,0.31,semi_arid,DRY,39.90445,-122.518,0.61,0.25,1.38,0.06,17.7,30,10,73.28,1948,-1339.92,4238.48,21.53,51.75,70.62
RCEK14RT01,T,EklandRanch,216.25,RT,EK14RT,RCEK14R,EK,RangePlanting,1,20220427,2014,8,Medium,0,,0.94,0.94,0.25,0.69,73.93,26.07,27.53,73.36,0.28,34.1,28.7,37.2,65.9,6.2,0.15,102.17,0.96,0.15,0.94,99.9,0.89,0.089,0.089,0.89,,NA,17.32,608.08,0.31,semi_arid,DRY,39.89868,-122.509,0.33,0.12,1.58,0.03,9.4,30,10,44.56,1955,-1346.92,4238.48,11.85,32.71,73.41
RCEK14RT02,T,EklandRanch,216.25,RT,EK14RT,RCEK14R,EK,RangePlanting,2,20220427,2014,8,Medium,0,,0.9,0.9,0.28,0.62,69.19,30.81,30.47,70.65,0.3,31.2,25,43.8,68.8,6.4,0.08,100.2,0.9,0.08,0.9,100.67,0.91,0.082,0.082,0.91,,NA,17.32,608.08,0.31,semi_arid,DRY,39.89867,-122.509,0.29,0.13,1.72,0.03,9,30,10,46.44,1955,-1346.92,4238.48,14.45,31.99,68.88
RCEK14RT03,T,EklandRanch,216.25,RT,EK14RT,RCEK14R,EK,RangePlanting,3,20220427,2014,8,Medium,0,,1,1,0.34,0.66,66.15,33.85,32.24,69.22,0.32,30.6,22.5,46.9,69.4,6.36,0.1,99.18,0.99,0.1,1,102.09,1.05,0.088,0.09,1.07,,NA,17.32,608.08,0.31,semi_arid,DRY,39.8986,-122.509,0.31,0.16,1.39,0.03,10,30,10,41.7,1955,-1346.92,4238.48,14.18,27.52,66
RCEK14RT04,T,EklandRanch,216.25,RT,EK14RT,RCEK14R,EK,RangePlanting,4,20220427,2014,8,Medium,0,,0.94,0.94,0.33,0.61,64.63,35.37,28.42,72.84,0.28,34.1,27.5,38.4,65.9,6.38,0.13,100.18,0.95,0.13,0.94,101.61,1.17,0.068,0.069,1.19,,NA,17.32,608.08,0.31,semi_arid,DRY,39.89851,-122.509,0.29,0.16,1.59,0.03,9.4,30,10,44.84,1955,-1346.92,4238.48,15.74,29.1,64.9
RCEK14RT05,T,EklandRanch,216.25,RT,EK14RT,RCEK14R,EK,RangePlanting,5,20220427,2014,8,Medium,0,,0.94,0.94,0.25,0.69,73.21,26.79,31.48,69.63,0.31,35.7,27.5,36.8,64.3,6.39,0.14,99.85,0.94,0.14,0.94,100.41,0.8,0.048,0.048,0.81,,NA,17.32,608.08,0.31,semi_arid,DRY,39.89853,-122.509,0.33,0.12,1.64,0.03,9.4,30,10,46.25,1955,-1346.92,4238.48,12.3,33.95,73.41
RCEK14RT06,T,EklandRanch,216.25,RT,EK14RT,RCEK14R,EK,RangePlanting,6,20220427,2014,8,Medium,0,,1.12,1.12,0.26,0.86,76.86,23.14,29.45,71.6,0.29,32.6,22.5,44.9,67.4,6.32,0.15,98.96,1.11,0.14,1.12,102.15,0.88,0.083,0.085,0.9,,NA,17.32,608.08,0.31,semi_arid,DRY,39.89864,-122.509,0.41,0.12,1.56,0.03,11.2,30,10,52.42,1955,-1346.92,4238.48,12.17,40.25,76.78
RCEK14RT07,T,EklandRanch,216.25,RT,EK14RT,RCEK14R,EK,RangePlanting,7,20220427,2014,8,Medium,0,,0.93,0.93,0.21,0.72,77.63,22.37,26.33,74.56,0.26,29.1,25,45.9,70.9,6.01,0.11,99.03,0.92,0.11,0.93,100.92,0.79,0.057,0.057,0.8,,NA,17.32,608.08,0.31,semi_arid,DRY,39.89836,-122.509,0.34,0.1,1.63,0.03,9.3,30,10,45.48,1955,-1346.92,4238.48,10.27,35.21,77.42
RCEK14RT08,T,EklandRanch,216.25,RT,EK14RT,RCEK14R,EK,RangePlanting,8,20220427,2014,8,Medium,0,,0.93,0.93,0.22,0.71,75.86,24.14,29.16,72.34,0.29,31.1,22.5,46.4,68.9,6.34,0.1,100.35,0.94,0.1,0.93,101.24,0.77,0.042,0.042,0.78,,NA,17.32,608.08,0.31,semi_arid,DRY,39.8983,-122.509,0.34,0.1,1.72,0.03,9.3,30,10,47.99,1955,-1346.92,4238.48,11.35,36.64,76.35
RCEK14RT09,T,EklandRanch,216.25,RT,EK14RT,RCEK14R,EK,RangePlanting,9,20220427,2014,8,Medium,0,,1.27,1.27,0.21,1.06,83.09,16.91,21.47,79.79,0.21,23.5,27.5,49.1,76.6,6.28,0.13,98.89,1.26,0.12,1.27,98.8,1,0.069,0.068,0.99,,NA,17.32,608.08,0.31,semi_arid,DRY,39.89837,-122.509,0.5,0.1,1.6,0.03,12.7,30,10,60.39,1955,-1346.92,4238.48,9.99,50.4,83.46
RCEK14RT10,T,EklandRanch,216.25,RT,EK14RT,RCEK14R,EK,RangePlanting,10,20220427,2014,8,Medium,0,,1.06,1.06,0.23,0.83,78.56,21.44,22.5,79.31,0.23,26.9,25,48.1,73.1,6.42,0.14,99.55,1.06,0.14,1.06,100.21,1.01,0.085,0.085,1.01,,NA,17.32,608.08,0.31,semi_arid,DRY,39.89817,-122.509,0.39,0.11,1.54,0.03,10.6,30,10,48.97,1955,-1346.92,4238.48,10.63,38.35,78.31
RCEK14RT11,T,EklandRanch,216.25,RT,EK14RT,RCEK14R,EK,RangePlanting,11,20220427,2014,8,Medium,0,,1.21,1.21,0.41,0.8,66.17,33.83,26.41,75,0.26,28.2,22.5,49.3,71.8,6.38,0.12,99.81,1.21,0.12,1.21,99.77,1.55,0.118,0.117,1.54,,NA,17.32,608.08,0.31,semi_arid,DRY,39.89811,-122.51,0.38,0.19,1.48,0.03,12.1,30,10,53.72,1955,-1346.92,4176.74,18.2,35.52,66.12
RCEK16TC01,C,EklandRanch,200.8,TC,EK16TC,RCEK16T,EK,UplandOak,1,20220425,2016,6,Medium,0,,0.82,0.82,0.17,0.65,79.58,20.42,24.63,76.85,0.25,30.1,27.5,42.4,69.9,6.89,0.13,101,0.83,0.13,0.82,NA,0.68,NA,NA,NA,,NA,17.32,608.08,0.31,semi_arid,DRY,39.89961,-122.511,0.34,0.09,1.75,0.04,8.2,30,10,43.05,1955,-1346.92,4176.74,8.93,34.13,79.28
RCEK16TC02,C,EklandRanch,200.8,TC,EK16TC,RCEK16T,EK,UplandOak,2,20220425,2016,6,Medium,0,,1.31,1.31,0.27,1.04,79.3,20.7,22.5,78.58,0.23,28.9,27.5,43.6,71.1,7.12,0.16,101.39,1.33,0.16,1.31,NA,1.21,NA,NA,NA,HIGH TEXTURE,NA,17.32,608.08,0.31,semi_arid,DRY,39.89967,-122.511,0.54,0.14,1.76,0.04,13.1,30,10,69.17,1955,-1346.92,4176.74,14.26,54.91,79.38
RCEK16TC03,C,EklandRanch,200.8,TC,EK16TC,RCEK16T,EK,UplandOak,3,20220425,2016,6,Medium,0,,1.06,1.06,0.37,0.69,64.66,35.34,30.16,71.45,0.3,38.4,22.5,39.1,61.6,6.52,0.19,102.32,1.08,0.2,1.06,NA,1.24,NA,NA,NA,HIGH TEXTURE,NA,17.32,608.08,0.31,semi_arid,DRY,39.89977,-122.511,0.36,0.19,1.66,0.04,10.6,30,10,52.79,1955,-1346.92,4176.74,18.43,34.36,65.09
RCEK16TC04,C,EklandRanch,200.8,TC,EK16TC,RCEK16T,EK,UplandOak,4,20220425,2016,6,Medium,0,,0.78,0.78,0.13,0.65,83.13,16.87,28.39,70.89,0.28,37.6,22.5,40,62.5,7.26,0.1,99.64,0.78,0.1,0.78,NA,0.46,NA,NA,NA,HIGH TEXTURE,NA,17.32,608.08,0.31,semi_arid,DRY,39.89979,-122.511,0.34,0.07,1.85,0.04,7.8,30,10,43.29,1955,-1346.92,4176.74,7.22,36.08,83.34
RCEK16TC05,C,EklandRanch,200.8,TT,EK16TC,RCEK16T,EK,UplandOak,5,20220425,2016,6,Medium,0,,1.34,1.34,0.29,1.05,78.52,21.48,29.72,72.2,0.3,35.4,17.5,47.1,64.6,6.5,0.15,100.19,1.34,0.15,1.34,NA,0.97,NA,NA,NA,,NA,17.32,608.08,0.31,semi_arid,DRY,39.89994,-122.511,0.54,0.15,1.85,0.04,13.4,30,10,74.37,1955,-1346.92,4176.74,16.1,58.28,78.36
RCEK16TC06,C,EklandRanch,200.8,TC,EK16TC,RCEK16T,EK,UplandOak,6,20220425,2016,6,Medium,0,,0.71,0.71,0.16,0.55,77.85,22.15,29.4,71.65,0.29,34.6,20,45.4,65.4,6.4,0.09,99.24,0.71,0.09,0.72,NA,0.54,NA,NA,NA,,NA,17.32,608.08,0.31,semi_arid,DRY,39.89994,-122.511,0.29,0.08,1.8,0.04,7.1,30,10,38.34,1955,-1346.92,4176.74,8.64,29.7,77.46
RCEK16TC07,C,EklandRanch,200.8,TC,EK16TC,RCEK16T,EK,UplandOak,7,20220425,2016,6,Medium,0,,1.15,1.15,0.29,0.86,75.11,24.89,34.3,67.15,0.34,44,15,41,56,6.42,1.73,101.68,1.17,1.76,1.15,NA,0.83,NA,NA,NA,HIGH TEXTURE,NA,17.32,608.08,0.31,semi_arid,DRY,39.9,-122.511,0.45,0.15,1.73,0.04,11.5,30,10,59.69,1955,-1346.92,4176.74,15.05,44.63,74.77
RCEK16TC08,C,EklandRanch,200.8,TC,EK16TC,RCEK16T,EK,UplandOak,8,20220425,2016,6,Medium,0,,0.92,0.92,0.26,0.66,71.38,28.62,29.42,72.38,0.29,31.1,20,48.9,68.9,6.45,0.14,100.48,0.92,0.14,0.92,NA,0.89,NA,NA,NA,,NA,17.32,608.08,0.31,semi_arid,DRY,39.89991,-122.511,0.34,0.13,1.86,0.04,9.2,30,10,51.34,1955,-1346.92,4176.74,14.51,36.83,71.74
RCEK16TC09,C,EklandRanch,200.8,TC,EK16TC,RCEK16T,EK,UplandOak,9,20220425,2016,6,Medium,0,,1.26,1.26,0.16,1.1,87.24,12.76,33.75,68.38,0.34,41.6,17.5,40.9,58.4,6.48,0.17,101.35,1.28,0.17,1.26,NA,0.48,NA,NA,NA,HIGH TEXTURE,NA,17.32,608.08,0.31,semi_arid,DRY,39.90005,-122.511,0.57,0.08,1.81,0.04,12.6,30,10,68.42,1949,-1340.92,4176.74,8.69,59.73,87.3
RCEK16TC10,C,EklandRanch,200.8,TC,EK16TC,RCEK16T,EK,UplandOak,10,20220425,2016,6,Medium,0,,1.1,1.1,0.23,0.87,79.22,20.78,25.18,74.82,0.25,32.3,32.5,35.2,67.7,6.65,0.16,99.18,1.09,0.16,1.1,NA,0.91,NA,NA,NA,HIGH TEXTURE,NA,17.32,608.08,0.31,semi_arid,DRY,39.90015,-122.511,0.45,0.12,1.53,0.04,11,30,10,50.49,1949,-1340.92,4176.74,10.56,39.93,79.08
RCEK16TC11,C,EklandRanch,200.8,TC,EK16TC,RCEK16T,EK,UplandOak,11,20220425,2016,6,Medium,0,,1.07,1.07,0.37,0.7,65.31,34.69,26.62,76.81,0.27,29.5,32.5,38,70.5,6.76,0.19,NA,,NA,#VALUE!,NA,1.39,NA,NA,NA,Missing from shippment - broken box,NA,17.32,608.08,0.31,semi_arid,DRY,39.9002,-122.511,0.36,0.19,1.42,0.04,10.7,30,10,45.58,1949,-1340.92,4176.74,15.76,29.82,65.42
RCEK16TT01,T,EklandRanch,176.42,TT,EK16TT,RCEK16T,EK,UplandOak,1,20220425,2016,6,Medium,1,,1.14,1.14,0.45,0.7,61.03,38.97,26.39,75.94,0.26,31.9,20,48.1,68.1,6.67,0.14,99.82,1.14,0.14,1.14,99.19,1.69,0.15,0.151,1.67,,NA,17.32,608.08,0.31,semi_arid,DRY,39.89953,-122.509,0.37,0.24,1.61,0.03,11.4,30,10,55.06,1955,-1346.92,4176.74,21.74,33.81,61.41
RCEK16TT02,T,EklandRanch,176.42,TT,EK16TT,RCEK16T,EK,UplandOak,2,20220425,2016,6,Medium,1,,0.92,0.92,0.3,0.62,67.4,32.6,21.62,80.89,0.22,27.4,20,52.6,72.6,6.63,0.11,99.35,0.92,0.1,0.92,99.01,1.39,0.14,0.138,1.38,,NA,17.32,608.08,0.31,semi_arid,DRY,39.89963,-122.509,0.33,0.16,1.75,0.03,9.2,30,10,48.3,1955,-1346.92,4176.74,15.75,32.55,67.39
RCEK16TT03,T,EklandRanch,176.42,TT,EK16TT,RCEK16T,EK,UplandOak,3,20220425,2016,6,Medium,0,,0.74,0.74,0.17,0.57,77.6,22.4,24.32,77.12,0.24,26.6,22.5,50.9,73.4,6.41,0.09,102.31,0.76,0.1,0.74,98.88,0.68,0.05,0.054,0.67,,NA,17.32,608.08,0.31,semi_arid,DRY,39.89975,-122.509,0.3,0.09,1.69,0.03,7.4,30,10,37.52,1955,-1346.92,4176.74,8.62,28.9,77.03
RCEK16TT04,T,EklandRanch,176.42,TT,EK16TT,RCEK16T,EK,UplandOak,4,20220425,2016,6,Medium,2,,0.94,0.94,0.16,0.78,82.95,17.05,26.09,76.64,0.26,26.2,20,53.8,73.8,7.06,0.09,99.63,0.93,0.09,0.93,99.89,0.61,0.04,0.035,0.61,,NA,17.32,608.08,0.31,semi_arid,DRY,39.89982,-122.509,0.41,0.08,1.78,0.03,9.4,30,10,50.2,1955,-1346.92,4176.74,8.54,41.65,82.97
RCEK16TT05,T,EklandRanch,176.42,TT,EK16TT,RCEK16T,EK,UplandOak,5,20220425,2016,6,Medium,0,,0.8,0.8,0.14,0.66,82.08,17.92,26.32,75.32,0.26,31.8,17.5,50.8,68.3,6.4,0.15,101.5,0.81,0.15,0.8,98.85,0.54,0.05,0.048,0.54,,NA,17.32,608.08,0.31,semi_arid,DRY,39.89992,-122.509,0.35,0.07,1.85,0.03,8,30,10,44.4,1955,-1346.92,4176.74,7.77,36.63,82.5
RCEK16TT06,T,EklandRanch,176.42,TT,EK16TT,RCEK16T,EK,UplandOak,6,20220425,2016,6,Medium,1,,0.68,0.68,0.12,0.56,82.51,17.49,28.03,73.48,0.28,33.6,17.5,48.9,66.4,6.36,0.14,100.02,0.68,0.14,0.68,100.05,0.42,0.03,0.03,0.42,,NA,17.32,608.08,0.31,semi_arid,DRY,39.89999,-122.509,0.3,0.06,1.96,0.03,6.8,30,10,39.98,1955,-1346.92,4176.74,7.06,32.93,82.37
RCEK16TT07,T,EklandRanch,176.42,TT,EK16TT,RCEK16T,EK,UplandOak,7,20220425,2016,6,Medium,1,,0.72,0.72,0.18,0.54,75.5,24.5,24.33,78.53,0.24,25.4,17.5,57.1,74.6,6.53,0.13,100.91,0.73,0.13,0.72,100.01,0.73,0.17,0.167,0.73,Missing from shippment - broken box,NA,17.32,608.08,0.31,semi_arid,DRY,39.9001,-122.509,0.29,0.1,1.93,0.03,7.2,30,10,41.69,1949,-1340.92,4221.61,10.42,31.27,75.01
RCEK16TT08,T,EklandRanch,176.42,TT,EK16TT,RCEK16T,EK,UplandOak,8,20220425,2016,6,Medium,0,,0.8,0.8,0.17,0.63,79.11,20.89,25.8,76.69,0.26,34.5,17.5,48,65.5,6.23,0.07,99.4,0.79,0.07,0.79,101.42,0.65,0.04,0.039,0.66,HIGH TEXTURE,NA,17.32,608.08,0.31,semi_arid,DRY,39.90012,-122.509,0.33,0.09,1.76,0.03,8,30,10,42.24,1949,-1340.92,4221.61,8.98,33.26,78.74
RCEK16TT09,T,EklandRanch,176.42,TT,EK16TT,RCEK16T,EK,UplandOak,9,20220425,2016,6,Medium,2,,1.22,1.22,0.37,0.85,69.43,30.57,21.66,81.05,0.22,24.7,20,55.3,75.3,6.79,0.14,100.97,1.23,0.14,1.22,102.11,1.72,0.19,0.191,1.76,Missing from shippment - broken box,NA,17.32,608.08,0.31,semi_arid,DRY,39.90022,-122.509,0.45,0.2,1.77,0.03,12.2,30,10,64.78,1949,-1340.92,4221.61,19.65,45.14,69.68
RCEK16TT10,T,EklandRanch,176.42,TT,EK16TT,RCEK16T,EK,UplandOak,10,20220425,2016,6,Medium,1,,1.09,1.09,0.31,0.77,71.12,28.88,20.89,81.62,0.21,24.6,22.5,52.9,75.4,6.88,0.16,101.14,1.1,0.17,1.09,NA,1.5,NA,NA,NA,Missing from shippment - broken box,NA,17.32,608.08,0.31,semi_arid,DRY,39.90023,-122.509,0.41,0.16,1.71,0.03,10.9,30,10,55.92,1949,-1340.92,4221.61,15.9,39.5,70.64
RCEK16TT11,T,EklandRanch,176.42,TT,EK16TT,RCEK16T,EK,UplandOak,11,20220425,2016,6,Medium,0,,0.95,0.95,0.25,0.7,74.06,25.94,16.41,85.88,0.16,20.1,20,60,80,6.79,0.14,100.05,0.95,0.14,0.95,NA,1.5,NA,NA,NA,Missing from shippment - broken box,NA,17.32,608.08,0.31,semi_arid,DRY,39.90025,-122.509,0.37,0.13,1.61,0.03,9.5,30,10,45.89,1949,-1340.92,4221.61,12.08,33.81,73.68
RCFS18FC01,C,FiveSpringsFarm,414.95,FC,FS18FC,RCFS18F,FS,Riparian,1,20220217,2018,4,Young,0,,1.63,1.63,0.31,1.32,80.99,19.01,33.57,69.79,0.34,41.2,30,28.8,58.8,5.85,0.17,101.83,1.66,0.18,1.63,100.2,0.92,0.0598,0.0599,0.9253,Dequarantined,NA,14.68,805.54,0.47,semi_arid,DRY,38.25503,-122.544,0.37,0.09,1.07,0.04,16.3,30,10,52.32,1670,-864.46,8388,9.95,42.37,80.98
RCFS18FC02,C,FiveSpringsFarm,414.95,FC,FS18FC,RCFS18F,FS,Riparian,2,20220217,2018,4,Young,0,,2.68,2.68,0.56,2.12,79.02,20.98,44.58,59.03,0.45,47.1,21.3,31.6,52.9,5.91,0.27,99.75,2.68,0.27,2.68,100,1.26,0.1003,0.1003,1.2612,,NA,14.68,805.54,0.47,semi_arid,DRY,38.25458,-122.544,0.6,0.16,0.77,0.04,26.8,30,10,61.91,1670,-864.46,8388,12.94,48.97,79.1
RCFS18FC03,C,FiveSpringsFarm,414.95,FC,FS18FC,RCFS18F,FS,Riparian,3,20220217,2018,4,Young,0,,1.44,1.44,0.56,0.88,60.96,39.04,64.62,38.55,0.65,58.9,18.7,22.4,41.1,6.18,0.17,99.6,1.43,0.17,1.44,102.01,0.87,0.0843,0.0859,0.8876,HIGH POM,NA,14.68,805.54,0.47,semi_arid,DRY,38.25435,-122.544,0.25,0.16,0.9,0.04,14.4,30,10,40.74,1670,-864.46,8388,15.84,24.9,61.12
RCFS18FC04,C,FiveSpringsFarm,414.95,FC,FS18FC,RCFS18F,FS,Riparian,4,20220217,2018,4,Young,0,,3.03,3.03,0.21,2.82,92.96,7.04,12.97,91.47,0.13,21,47.5,31.5,79,5.65,0.33,100.01,3.03,0.33,3.03,101.51,1.65,0.0961,0.0975,1.6697,HIGH TEXTURE,NA,14.68,805.54,0.47,semi_arid,DRY,38.25486,-122.544,0.8,0.06,0.92,0.04,30.3,30,10,83.63,1670,-864.46,8388,5.8,77.83,93.06
RCFS18FC05,C,FiveSpringsFarm,414.95,FC,FS18FC,RCFS18F,FS,Riparian,5,20220217,2018,4,Young,0,,2.47,2.47,0.5,1.97,79.73,20.27,56.39,47.26,0.56,49.6,25,25.5,50.5,5.96,0.24,101.01,2.5,0.24,2.47,98.62,0.89,0.0808,0.0797,0.8753,HIGH POM,NA,14.68,805.54,0.47,semi_arid,DRY,38.25424,-122.543,0.56,0.14,0.89,0.04,24.7,30,10,65.95,1670,-864.46,8388,13.35,52.6,79.76
RCFS18FC06,C,FiveSpringsFarm,414.95,FC,FS18FC,RCFS18F,FS,Riparian,6,20220217,2018,4,Young,0,,2.69,2.69,0.4,2.29,85.27,14.73,8.66,94.48,0.09,18.1,37.5,44.4,81.9,5.49,0.29,98.65,2.65,0.29,2.69,99.23,4.58,0.2899,0.2877,4.5393,HIGH TEXTURE,NA,14.68,805.54,0.47,semi_arid,DRY,38.25415,-122.543,0.65,0.11,0.84,0.04,26.9,30,10,67.79,1670,-864.46,8388,10.08,57.71,85.13
RCFS18FC07,C,FiveSpringsFarm,414.95,FC,FS18FC,RCFS18F,FS,Riparian,7,20220217,2018,4,Young,0,,2.06,2.06,0.21,1.85,89.84,10.16,13.81,89.13,0.14,20.3,38.8,40.9,79.7,6.38,0.17,99.83,2.06,0.17,2.06,99.68,1.52,0.0811,0.0808,1.5113,HIGH TEXTURE,NA,14.68,805.54,0.47,semi_arid,DRY,38.25339,-122.544,0.52,0.06,1.09,0.04,20.6,30,10,67.36,1670,-864.46,8388,6.87,60.5,89.82
RCFS18FC08,C,FiveSpringsFarm,414.95,FC,FS18FC,RCFS18F,FS,Riparian,8,20220217,2018,4,Young,0,,2.17,2.17,0.65,1.52,69.88,30.12,48.38,54.69,0.48,52.2,21.3,26.5,47.8,5.74,0.24,99.71,2.17,0.24,2.17,98.38,1.35,0.0701,0.069,1.3292,,NA,14.68,805.54,0.47,semi_arid,DRY,38.25412,-122.543,0.43,0.18,1.03,0.04,21.7,30,10,67.05,1670,-864.46,8388,20.09,46.97,70.05
RCFS18FC09,C,FiveSpringsFarm,414.95,FC,FS18FC,RCFS18F,FS,Riparian,9,20220217,2018,4,Young,0,,1.7,1.7,0.35,1.35,79.68,20.32,20.82,82.9,0.21,27,36.2,36.7,72.9,6.11,0.23,100.14,1.7,0.23,1.7,100.34,1.66,0.1216,0.122,1.665,,NA,14.68,805.54,0.47,semi_arid,DRY,38.25401,-122.543,0.38,0.1,0.85,0.04,17,30,10,43.35,1670,-864.46,8388,8.93,34.43,79.42
RCFS18FC10,C,FiveSpringsFarm,414.95,FC,FS18FC,RCFS18F,FS,Riparian,10,20220217,2018,4,Young,0,,2.61,2.61,0.26,2.35,89.98,10.02,15.06,86.57,0.15,20.5,38.7,40.7,79.4,6.16,0.29,99.09,2.59,0.28,2.61,99.43,1.74,0.149,0.1481,1.7259,,NA,14.68,805.54,0.47,semi_arid,DRY,38.25386,-122.544,0.66,0.07,0.84,0.04,26.1,30,10,65.77,1670,-864.46,8388,6.55,59.22,90.04
RCFS18FC11,C,FiveSpringsFarm,414.95,FC,FS18FC,RCFS18F,FS,Riparian,11,20220217,2018,4,Young,0,,3.43,3.43,0.44,2.99,87.05,12.95,19.79,83.22,0.2,26.3,35,38.7,73.7,5.88,0.38,100.58,3.45,0.38,3.43,100.72,2.25,0.161,0.1622,2.2611,HIGH TEXTURE,NA,14.68,805.54,0.47,semi_arid,DRY,38.25357,-122.543,0.84,0.12,1.13,0.04,34.3,30,10,116.28,1670,-864.46,8307.17,14.92,101.36,87.17
RCFS18FT01,T,FiveSpringsFarm,208.28,FT,FS18FT,RCFS18F,FS,Riparian,1,20220209,2018,4,Young,2,,1.26,1.26,0.33,0.93,73.88,26.12,28.47,74.77,0.28,30.1,42.5,27.5,70,6.92,0.14,100.84,1.27,0.15,1.26,98.75,1.16,0.0557,0.055,1.1416,,NA,14.68,805.54,0.47,semi_arid,DRY,38.24888,-122.545,0.28,0.1,1.02,0.06,12.6,30,10,38.56,1665,-859.46,8307.17,10.1,28.46,73.81
RCFS18FT02,T,FiveSpringsFarm,208.28,FT,FS18FT,RCFS18F,FS,Riparian,2,20220209,2018,4,Young,,,0.85,0.85,0.2,0.65,76.89,23.11,26.48,77.78,0.26,28,47.5,24.6,72.1,7.02,0.12,98.94,0.84,0.12,0.85,99.32,0.74,0.08,0.083,0.74,,NA,14.68,805.54,0.47,semi_arid,DRY,38.24895,-122.545,0.2,0.06,1.02,0.06,8.5,30,10,26.01,1665,-859.46,8307.17,6.12,19.89,76.47
RCFS18FT03,T,FiveSpringsFarm,208.28,FT,FS18FT,RCFS18F,FS,Riparian,3,20220209,2018,4,Young,0,,1.43,1.43,0.26,1.17,81.64,18.36,29.87,72.99,0.3,32,42.5,25.6,68.1,6.7,0.18,99.35,1.43,0.18,1.43,102.26,0.88,0.0378,0.0386,0.8985,,NA,14.68,805.54,0.47,semi_arid,DRY,38.24913,-122.545,0.36,0.08,1.02,0.06,14.3,30,10,43.76,1665,-859.46,8307.17,7.96,35.8,81.81
RCFS18FT04,T,FiveSpringsFarm,208.28,FT,FS18FT,RCFS18F,FS,Riparian,4,20220209,2018,4,Young,,,1.87,1.87,0.49,1.38,73.65,26.35,29.23,74.69,0.29,30.8,42.5,26.7,69.2,7.07,0.22,101.29,1.89,0.22,1.87,99.81,1.69,0.1468,0.1465,1.6828,,NA,14.68,805.54,0.47,semi_arid,DRY,38.2493,-122.545,0.42,0.15,1.02,0.06,18.7,30,10,57.22,1665,-859.46,8307.17,14.99,42.23,73.8
RCFS18FT05,T,FiveSpringsFarm,208.28,FT,FS18FT,RCFS18F,FS,Riparian,5,20220209,2018,4,Young,,,1.63,1.63,0.36,1.27,77.73,22.27,25.23,78.43,0.25,26.6,50,23.4,73.4,6.47,0.2,99.15,1.61,0.2,1.63,100.2,1.44,0.0757,0.0759,1.4416,,NA,14.68,805.54,0.47,semi_arid,DRY,38.24951,-122.545,0.39,0.11,1.02,0.06,16.3,30,10,49.88,1665,-859.46,8526.52,11.02,38.86,77.91
RCFS18FT06,T,FiveSpringsFarm,208.28,FT,FS18FT,RCFS18F,FS,Riparian,6,20220209,2018,4,Young,0,,1.22,1.22,0.19,1.03,84.35,15.65,27.39,75.62,0.27,28,42.5,29.5,72,6.32,0.16,100.1,1.23,0.16,1.22,100.52,0.7,0.0721,0.0724,0.7005,,NA,14.68,805.54,0.47,semi_arid,DRY,38.24977,-122.544,0.32,0.06,1.02,0.06,12.2,30,10,37.33,1665,-859.46,8526.52,5.81,31.52,84.44
RCFS18FT07,T,FiveSpringsFarm,208.28,FT,FS18FT,RCFS18F,FS,Riparian,7,20220209,2018,4,Young,,,1.34,1.34,0.25,1.09,81.68,18.32,42.41,61.43,0.42,42.2,35,22.8,57.8,7.3,0.14,99.23,1.33,0.14,1.34,98.97,0.58,0.0358,0.0354,0.5731,,NA,14.68,805.54,0.47,semi_arid,DRY,38.24978,-122.544,0.33,0.08,1.15,0.06,13.4,30,10,46.23,1665,-859.46,8526.52,8.63,37.61,81.35
RCFS18FT08,T,FiveSpringsFarm,208.28,FT,FS18FT,RCFS18F,FS,Riparian,8,20220209,2018,4,Young,,,1.75,1.75,0.3,1.45,83.12,16.88,24.6,79.29,0.25,25.5,50,24.6,74.6,6.76,0.21,99.68,1.74,0.21,1.75,99.31,1.2,0.1084,0.1076,1.1928,,NA,14.68,805.54,0.47,semi_arid,DRY,38.25004,-122.544,0.44,0.09,0.86,0.06,17.5,30,10,45.15,1670,-864.46,8526.52,7.74,37.41,82.86
RCFS18FT09,T,FiveSpringsFarm,208.28,FT,FS18FT,RCFS18F,FS,Riparian,9,20220209,2018,4,Young,0,,1.01,1.01,0.17,0.84,82.8,17.2,22.62,81.51,0.23,24,52.4,23.6,76,7.42,0.11,100.86,1.02,0.11,1.01,100.45,0.77,0.0531,0.0533,0.7716,,NA,14.68,805.54,0.47,semi_arid,DRY,38.24989,-122.544,0.26,0.05,1.02,0.06,10.1,30,10,30.91,1665,-859.46,8526.52,5.2,25.7,83.14
RCFS18FT10,T,FiveSpringsFarm,208.28,FT,FS18FT,RCFS18F,FS,Riparian,10,20220209,2018,4,Young,,,1.58,1.58,0.14,1.44,91.11,8.89,28.83,75.5,0.29,29.2,47.5,23.3,70.8,6.04,0.17,99.58,1.57,0.16,1.58,99.55,0.49,0.0548,0.0546,0.4845,,NA,14.68,805.54,0.47,semi_arid,DRY,38.24948,-122.544,0.44,0.04,1.05,0.06,15.8,30,10,49.77,1665,-859.46,8526.52,4.41,45.36,91.14
RCFS18FT11,T,FiveSpringsFarm,208.28,FT,FS18FT,RCFS18F,FS,Riparian,11,20220209,2018,4,Young,0,,1.12,1.12,0.26,0.86,77.02,22.98,20.51,83.12,0.21,22.9,47.5,29.6,77.1,7.48,0.14,99.42,1.11,0.14,1.12,99.67,1.26,0.0695,0.0692,1.251,,NA,14.68,805.54,0.47,semi_arid,DRY,38.24998,-122.544,0.26,0.08,1.02,0.06,11.2,30,10,34.27,1665,-859.46,8526.52,7.96,26.32,76.8
RCFV07FC01,C,FarViewRanch,177.6,FC,FV07FC,RCFV07F,FV,Riparian,1,20220308,2007,15,Old,2,,2.11,2.11,1.03,1.08,51.09,48.91,40.79,60.47,0.41,43.3,20,36.7,56.7,7.43,0.18,99.44,2.1,0.18,2.11,101.83,2.53,0.134,0.137,2.58,,NA,16.7,745.98,0.4,semi_arid,DRY,39.36052,-121.438,0.43,0.41,1.17,0.07,21.1,30,10,74.06,1976,-1230.02,6231.35,36.15,37.91,51.19
RCFV07FC02,C,FarViewRanch,177.6,FC,FV07FC,RCFV07F,FV,Riparian,2,20220308,2007,15,Old,4,,1.79,1.79,0.66,1.13,63.34,36.66,44.64,54.83,0.45,43.3,20,36.7,56.7,5.94,0.19,98.55,1.76,0.19,1.79,99.43,1.47,0.068,0.068,1.46,,NA,16.7,745.98,0.4,semi_arid,DRY,39.36049,-121.438,0.45,0.27,1.43,0.07,17.9,30,10,76.79,1976,-1230.02,6231.35,28.31,48.48,63.13
RCFV07FC03,C,FarViewRanch,177.6,FC,FV07FC,RCFV07F,FV,Riparian,3,20220308,2007,15,Old,4,,1.26,1.26,0.56,0.7,55.49,44.51,50.98,50.09,0.51,51,17.5,31.5,49,6.74,0.15,100.81,1.27,0.15,1.26,99.09,1.1,0.076,0.076,1.09,,NA,16.7,745.98,0.4,semi_arid,DRY,39.36031,-121.438,0.28,0.23,1.44,0.07,12.6,30,10,54.43,1976,-1230.02,6231.35,24.19,30.24,55.56
RCFV07FC04,C,FarViewRanch,177.6,FC,FV07FC,RCFV07F,FV,Riparian,4,20220308,2007,15,Old,4,,2.5,2.5,1.6,0.9,36.01,63.99,46.91,53.79,0.47,46.1,18.7,35.2,53.9,6,0.18,100.56,2.52,0.18,2.5,102.01,3.41,0.107,0.11,3.48,,NA,16.7,745.98,0.4,semi_arid,DRY,39.36006,-121.438,0.36,0.64,1.32,0.07,25,30,10,99,1976,-1230.02,6231.35,63.36,35.64,36
RCFV07FC05,C,FarViewRanch,177.6,FC,FV07FC,RCFV07F,FV,Riparian,5,20220308,2007,15,Old,4,,1.14,1.14,0.51,0.63,55.11,44.89,49.21,52.2,0.49,49.3,17.5,33.2,50.7,6.48,0.14,101.48,1.16,0.14,1.14,99.11,1.04,0.064,0.063,1.03,,NA,16.7,745.98,0.4,semi_arid,DRY,39.35997,-121.438,0.25,0.21,1.5,0.07,11.4,30,10,51.3,1976,-1230.02,6231.35,22.95,28.35,55.26
RCFV07FC06,C,FarViewRanch,177.6,FC,FV07FC,RCFV07F,FV,Riparian,6,20220308,2007,15,Old,4,,1.19,1.19,0.36,0.83,70.07,29.93,51.61,49.64,0.52,50.7,17.5,31.8,49.3,6.62,0.13,98.9,1.18,0.13,1.19,100.65,0.69,0.054,0.054,0.7,,NA,16.7,745.98,0.4,semi_arid,DRY,39.35989,-121.438,0.33,0.14,1.3,0.07,11.9,30,10,47.84,1976,-1230.02,6231.35,14.47,33.37,69.75
RCFV07FC07,C,FarViewRanch,177.6,FC,FV07FC,RCFV07F,FV,Riparian,7,20220308,2007,15,Old,4,,1.12,1.12,0.35,0.77,68.56,31.44,48.23,53.71,0.48,47.9,17.5,34.6,52.1,6.56,0.09,99.13,1.11,0.09,1.12,101.04,0.73,0.054,0.055,0.74,,NA,16.7,745.98,0.4,semi_arid,DRY,39.35989,-121.438,0.31,0.14,1.67,0.07,11.2,30,10,56.11,1976,-1230.02,6231.35,17.54,38.58,68.76
RCFV07FC08,C,FarViewRanch,177.6,FC,FV07FC,RCFV07F,FV,Riparian,8,20220308,2007,15,Old,4,,1.42,1.42,0.72,0.7,48.97,51.03,67.09,34.53,0.67,59.9,15,25.1,40.1,6.34,0.13,100.36,1.42,0.13,1.42,101.65,1.08,0.069,0.07,1.1,HIGH POM,NA,16.7,745.98,0.4,semi_arid,DRY,39.3597,-121.438,0.28,0.29,1.37,0.07,14.2,30,10,58.36,1976,-1230.02,6231.35,29.59,28.77,49.3
RCFV07FC09,C,FarViewRanch,177.6,FC,FV07FC,RCFV07F,FV,Riparian,9,20220308,2007,15,Old,1,,2.56,2.56,0.61,1.95,76.35,23.65,53.11,48.72,0.53,52.6,17.5,29.9,47.4,7.05,0.21,100.67,2.58,0.21,2.56,102.43,1.14,0.059,0.06,1.17,,NA,16.7,745.98,0.4,semi_arid,DRY,39.35954,-121.439,0.78,0.25,1.01,0.07,25.6,30,10,77.57,1976,-1230.02,6231.35,18.48,59.09,76.18
RCFV07FC10,C,FarViewRanch,177.6,FC,FV07FC,RCFV07F,FV,Riparian,10,20220308,2007,15,Old,0,,1.91,1.91,0.46,1.45,76.09,23.91,33.33,66.67,0.33,33.8,20,46.2,66.2,6.53,0.22,100.13,1.92,0.22,1.91,99.84,1.37,0.1,0.1,1.37,,NA,16.7,745.98,0.4,semi_arid,DRY,39.35945,-121.439,0.58,0.18,1.17,0.07,19.1,30,10,67.04,1976,-1230.02,6231.35,16.15,50.9,75.92
RCFV07FC11,C,FarViewRanch,177.6,FC,FV07FC,RCFV07F,FV,Riparian,11,20220308,2007,15,Old,0,,1.64,1.64,0.65,0.99,60.08,39.92,47.79,54.13,0.48,48.7,17.5,33.8,51.3,6.81,0.2,100.87,1.65,0.2,1.64,100.24,1.37,0.072,0.072,1.37,,NA,16.7,745.98,0.4,semi_arid,DRY,39.35943,-121.438,0.4,0.26,1.3,0.07,16.4,30,10,65.93,1976,-1230.02,6223.7,26.13,39.8,60.37
RCFV07FT01,T,FarViewRanch,221.74,FT,FV07FT,RCFV07F,FV,Riparian,1,20220309,2007,15,Old,2,,1.2,1.2,0.31,0.89,73.95,26.05,25.77,75.32,0.26,31.3,22.5,46.2,68.7,6.06,0.19,101.34,1.22,0.19,1.2,99.05,1.21,0.0558,0.0552,1.2017,,NA,16.7,745.98,0.4,semi_arid,DRY,39.36355,-121.439,0.35,0.12,1.33,0.05,12,30,10,47.88,1976,-1230.02,6223.7,12.37,35.51,74.16
RCFV07FT02,T,FarViewRanch,221.74,FT,FV07FT,RCFV07F,FV,Riparian,2,20220309,2007,15,Old,4,,2.83,2.83,1.12,1.71,60.33,39.67,53.21,47.68,0.53,55.2,15,29.8,44.8,6.89,0.2,100.11,2.83,0.2,2.82,101.45,2.11,0.0967,0.0981,2.1406,,NA,16.7,745.98,0.4,semi_arid,DRY,39.36329,-121.439,0.67,0.44,0.95,0.05,28.3,30,10,80.66,1976,-1230.02,6223.7,31.92,48.74,60.43
RCFV07FT03,T,FarViewRanch,221.74,FT,FV07FT,RCFV07F,FV,Riparian,3,20220309,2007,15,Old,4,,1.84,1.84,0.83,1.01,54.86,45.14,48.21,53.21,0.48,54.2,17.5,28.3,45.8,6.52,0.22,99.21,1.83,0.22,1.84,99.87,1.72,0.0885,0.0884,1.7204,,NA,16.7,745.98,0.4,semi_arid,DRY,39.36325,-121.439,0.4,0.33,1.44,0.05,18.4,30,10,79.49,1976,-1230.02,6231.35,35.86,43.63,54.89
RCFV07FT04,T,FarViewRanch,221.74,FT,FV07FT,RCFV07F,FV,Riparian,4,20220309,2007,15,Old,4,,1.28,1.28,0.4,0.88,68.71,31.29,32.04,68.84,0.32,37.6,20,42.4,62.4,6.19,0.21,101.68,1.3,0.21,1.28,98.68,1.25,0.076,0.075,1.2336,,NA,16.7,745.98,0.4,semi_arid,DRY,39.36252,-121.439,0.35,0.16,1.35,0.05,12.8,30,10,51.84,1976,-1230.02,6223.7,16.2,35.64,68.75
RCFV07FT05,T,FarViewRanch,221.74,FT,FV07FT,RCFV07F,FV,Riparian,5,20220309,2007,15,Old,0,,1.08,1.08,0.32,0.76,70.61,29.39,27.08,74.01,0.27,33.5,20,46.5,66.5,6.3,0.3,100.54,1.08,0.3,1.08,100.35,1.17,0.0578,0.058,1.1759,HIGH TEXTURE,NA,16.7,745.98,0.4,semi_arid,DRY,39.36311,-121.439,0.3,0.13,1.35,0.05,10.8,30,10,43.74,1976,-1230.02,6223.7,12.96,30.78,70.37
RCFV07FT06,T,FarViewRanch,221.74,FT,FV07FT,RCFV07F,FV,Riparian,6,20220309,2007,15,Old,3,,1.29,1.29,0.32,0.97,74.92,25.08,31.11,70.12,0.31,40.5,17.5,42,59.5,6.37,0.29,100.16,1.3,0.29,1.29,100.15,1.04,0.079,0.079,1.04,,NA,16.7,745.98,0.4,semi_arid,DRY,39.3629,-121.439,0.38,0.13,1.35,0.05,12.9,30,10,52.25,1976,-1230.02,6223.7,12.96,39.29,75.2
RCFV07FT07,T,FarViewRanch,221.74,FT,FV07FT,RCFV07F,FV,Riparian,7,20220309,2007,15,Old,0,,1.47,1.47,0.37,1.1,74.74,25.26,39.08,61.27,0.39,45.8,22.5,31.7,54.2,6.35,0.17,99.58,1.47,0.16,1.47,98.56,0.95,0.086,0.085,0.94,,NA,16.7,745.98,0.4,semi_arid,DRY,39.3635,-121.439,0.43,0.15,1.46,0.05,14.7,30,10,64.39,1976,-1230.02,6223.7,16.21,48.18,74.83
RCFV07FT08,T,FarViewRanch,221.74,FT,FV07FT,RCFV07F,FV,Riparian,8,20220309,2007,15,Old,4,,0.99,0.99,0.3,0.69,69.2,30.8,39.6,61.66,0.4,44.7,25,30.3,55.3,6.92,0.14,100.36,1.42,0.13,1.42,98.61,0.77,0.069,0.068,0.76,,NA,16.7,745.98,0.4,semi_arid,DRY,39.3628,-121.439,0.27,0.12,1.4,0.05,9.9,30,10,41.58,1976,-1230.02,6231.35,12.6,28.98,69.7
RCFV07FT09,T,FarViewRanch,221.74,FT,FV07FT,RCFV07F,FV,Riparian,9,20220309,2007,15,Old,2,,2.05,2.05,0.39,1.66,80.82,19.18,37.09,63.64,0.37,36.3,23.8,40,63.8,6.71,0.19,100.5,2.06,0.19,2.05,101.41,1.06,0.085,0.086,1.07,,NA,16.7,745.98,0.4,semi_arid,DRY,39.36253,-121.439,0.65,0.15,1.2,0.05,20.5,30,10,73.8,1976,-1230.02,6231.35,14.04,59.76,80.98
RCFV07FT10,T,FarViewRanch,221.74,FT,FV07FT,RCFV07F,FV,Riparian,10,20220309,2007,15,Old,0,,1.3,1.3,0.62,0.68,52.4,47.6,28.65,72.06,0.29,36,21.3,42.7,64,6.47,0.15,100.87,1.31,0.15,1.3,100.37,2.16,0.111,0.112,2.16,,NA,16.7,745.98,0.4,semi_arid,DRY,39.36252,-121.439,0.27,0.24,1.44,0.05,13,30,10,56.16,1976,-1230.02,6223.7,26.78,29.38,52.31
RCFV07FT11,T,FarViewRanch,221.74,FT,FV07FT,RCFV07F,FV,Riparian,11,20220309,2007,15,Old,0,,2.53,2.53,0.55,1.98,78.39,21.61,18.72,81.28,0.19,26.7,27.5,45.8,73.3,5.96,0.23,99.16,2.51,0.23,2.53,99.33,2.92,0.175,0.174,2.9,,NA,16.7,745.98,0.4,semi_arid,DRY,39.36237,-121.438,0.78,0.22,1.17,0.05,25.3,30,10,88.8,1976,-1230.02,6223.7,19.31,69.5,78.27
RCFV20FC01,C,FarViewRanch,349.29,FC,FV20FC,RCFV20F,FV,Riparian,1,20220308,2020,2,Young,2,,1.57,1.57,0.4,1.17,74.8,25.2,37.32,65.07,0.37,41.5,22.5,36.1,58.6,6.32,0.17,99.96,1.57,0.17,1.57,101.06,1.06,0.118,0.119,1.07,,NA,16.63,789.72,0.4,semi_arid,DRY,39.36063,-121.434,0.46,0.16,1.45,0.06,15.7,30,10,68.3,1976,-1186.28,6223.7,17.4,50.9,74.52
RCFV20FC02,C,FarViewRanch,349.29,FC,FV20FC,RCFV20F,FV,Riparian,2,20220308,2020,2,Young,2,,2.33,2.33,0.45,1.88,80.74,19.26,36.19,66.23,0.36,46,20,34,54,7.15,0.2,102.2,2.38,0.2,2.33,101.67,1.24,0.123,0.125,1.26,HIGH TEXTURE,NA,16.63,789.72,0.4,semi_arid,DRY,39.36056,-121.434,0.74,0.18,1.27,0.06,23.3,30,10,88.77,1976,-1186.28,6223.7,17.15,71.63,80.69
RCFV20FC03,C,FarViewRanch,349.29,FC,FV20FC,RCFV20F,FV,Riparian,3,20220308,2020,2,Young,2,,1.14,1.14,0.24,0.9,78.51,21.49,38.88,62.57,0.39,43,25,32,57,6.15,0.15,102.91,1.17,0.16,1.14,100.58,0.63,0.092,0.093,0.63,,NA,16.63,789.72,0.4,semi_arid,DRY,39.36044,-121.434,0.36,0.1,1.42,0.06,11.4,30,10,48.56,1976,-1186.28,6223.7,10.22,38.34,78.95
RCFV20FC04,C,FarViewRanch,349.29,FC,FV20FC,RCFV20F,FV,Riparian,4,20220308,2020,2,Young,4,,1.96,1.96,0.48,1.48,75.75,24.26,37.73,64.65,0.38,37,25,38,63,6.3,0.21,101.09,1.98,0.21,1.96,99.69,1.26,0.134,0.133,1.26,,NA,16.63,789.72,0.4,semi_arid,DRY,39.36054,-121.434,0.59,0.19,1.46,0.06,19.6,30,10,85.85,1976,-1186.28,6223.7,21.02,64.82,75.5
RCFV20FC05,C,FarViewRanch,349.29,FC,FV20FC,RCFV20F,FV,Riparian,5,20220308,2020,2,Young,0,,2.09,2.09,0.37,1.72,82.28,17.72,40.26,61.93,0.4,41.4,25,33.6,58.6,6.54,0.22,98.87,2.07,0.22,2.09,99.27,0.92,0.063,0.062,0.92,,NA,16.63,789.72,0.4,semi_arid,DRY,39.36042,-121.434,0.68,0.15,1.24,0.06,20.9,30,10,77.75,1976,-1186.28,6223.7,13.76,63.98,82.29
RCFV20FC06,C,FarViewRanch,349.29,FC,FV20FC,RCFV20F,FV,Riparian,6,20220308,2020,2,Young,0,,1.29,1.29,0.27,1.02,79.01,20.99,42.31,59.71,0.42,41.9,20,38.1,58.1,6.72,0.16,100.99,1.31,0.16,1.29,100.92,0.64,0.036,0.036,0.64,,NA,16.63,789.72,0.4,semi_arid,DRY,39.36039,-121.434,0.4,0.11,1.13,0.06,12.9,30,10,43.73,1976,-1186.28,6223.7,9.15,34.58,79.08
RCFV20FC07,C,FarViewRanch,349.29,FC,FV20FC,RCFV20F,FV,Riparian,7,20220308,2020,2,Young,0,,1.64,1.64,0.55,1.09,66.65,33.35,36.95,64.71,0.37,42.3,18.8,38.9,57.7,6.58,0.17,100.69,1.65,0.17,1.63,99.96,1.48,0.136,0.136,1.48,,NA,16.63,789.72,0.4,semi_arid,DRY,39.36052,-121.434,0.43,0.22,1.47,0.06,16.4,30,10,72.32,1976,-1186.28,6223.7,24.26,48.07,66.47
RCFV20FC08,C,FarViewRanch,349.29,FC,FV20FC,RCFV20F,FV,Riparian,8,20220308,2020,2,Young,0,,2.07,2.07,0.33,1.74,84.01,15.99,38.04,63.77,0.38,40.2,25,34.8,59.8,6.54,0.23,98.64,2.05,0.23,2.07,99.87,0.87,0.108,0.108,0.87,,NA,16.63,789.72,0.4,semi_arid,DRY,39.36047,-121.434,0.69,0.13,1.29,0.06,20.7,30,10,80.11,1976,-1186.28,6223.7,12.77,67.34,84.06
RCFV20FC09,C,FarViewRanch,349.29,FC,FV20FC,RCFV20F,FV,Riparian,9,20220308,2020,2,Young,1,,1.33,1.33,0.34,0.99,74.52,25.48,45.8,56.57,0.46,46.1,20,33.9,53.9,6.33,0.16,99.75,1.33,0.16,1.33,99.86,0.74,0.114,0.114,0.74,,NA,16.63,789.72,0.4,semi_arid,DRY,39.36048,-121.434,0.39,0.13,1.55,0.06,13.3,30,10,61.85,1976,-1186.28,6223.7,15.81,46.04,74.44
RCFV20FC10,C,FarViewRanch,349.29,FC,FV20FC,RCFV20F,FV,Riparian,10,20220308,2020,2,Young,1,,1.71,1.71,0.32,1.39,81.44,18.56,46.67,56.11,0.47,46.8,20,33.2,53.2,6.08,0.15,101.07,1.73,0.15,1.71,101.36,0.68,0.098,0.099,0.69,,NA,16.63,789.72,0.4,semi_arid,DRY,39.36049,-121.434,0.55,0.13,1.44,0.06,17.1,30,10,73.87,1976,-1186.28,6223.7,13.82,60.05,81.29
RCFV20FC11,C,FarViewRanch,349.29,FC,FV20FC,RCFV20F,FV,Riparian,11,20220308,2020,2,Young,2,,2.15,2.15,0.24,1.91,88.94,11.06,35.49,66.17,0.35,40.4,27.5,32.1,59.6,6.87,0.18,100.41,2.16,0.18,2.15,99.16,0.67,0.041,0.041,0.67,,NA,16.63,789.72,0.4,semi_arid,DRY,39.36043,-121.434,0.76,0.1,0.84,0.06,21.5,30,10,54.18,1976,-1186.28,6231.35,6.05,48.13,88.83
RCFV20FT01,T,FarViewRanch,287.4,FT,FV20FT,RCFV20F,FV,Riparian,1,20220310,2020,2,Young,0,,0.77,0.77,0.17,0.6,77.98,22.02,38.59,63.08,0.39,43.8,12.5,43.7,56.2,6.27,0.13,101.82,0.78,0.13,0.77,99.34,0.44,0.08,0.084,0.44,,NA,16.63,789.72,0.4,semi_arid,DRY,39.36037,-121.435,0.22,0.06,1.68,0.07,7.7,30,10,38.81,1976,-1186.28,6231.35,8.57,30.24,77.92
RCFV20FT02,T,FarViewRanch,287.4,FT,FV20FT,RCFV20F,FV,Riparian,2,20220310,2020,2,Young,0,,1.16,1.16,0.28,0.88,76.28,23.72,38.21,63.93,0.38,39.5,17.5,43,60.5,6.25,0.16,100.4,1.17,0.16,1.16,101.6,0.72,0.069,0.07,0.74,,NA,16.63,789.72,0.4,semi_arid,DRY,39.36029,-121.435,0.32,0.1,1.24,0.07,11.6,30,10,43.15,1976,-1186.28,6231.35,10.42,32.74,75.87
RCFV20FT03,T,FarViewRanch,287.4,FT,FV20FT,RCFV20F,FV,Riparian,3,20220310,2020,2,Young,0,,1.22,1.22,0.32,0.9,73.54,26.46,35.47,66.49,0.35,32.8,20,47.2,67.2,6.4,0.16,99.72,1.22,0.16,1.22,101.36,0.91,0.09,0.092,0.92,,NA,16.63,789.72,0.4,semi_arid,DRY,39.36016,-121.435,0.33,0.12,1.24,0.07,12.2,30,10,45.38,1976,-1186.28,6231.35,11.9,33.48,73.78
RCFV20FT04,T,FarViewRanch,287.4,FT,FV20FT,RCFV20F,FV,Riparian,4,20220310,2020,2,Young,0,,1.02,1.02,0.19,0.83,81.8,18.2,41.25,61.43,0.41,37,17.5,45.5,63,6.7,0.1,102.37,1.05,0.1,1.02,101.42,0.45,0.087,0.089,0.45,,NA,16.63,789.72,0.4,semi_arid,DRY,39.36007,-121.435,0.3,0.07,1.11,0.07,10.2,30,10,33.97,1976,-1186.28,6231.35,6.33,27.64,81.37
RCFV20FT05,T,FarViewRanch,287.4,FT,FV20FT,RCFV20F,FV,Riparian,5,20220310,2020,2,Young,1,,1.73,1.73,0.31,1.42,82.04,17.96,38.84,63.27,0.39,42.5,17.5,40,57.5,6.88,0.19,98.4,1.7,0.18,1.73,99.96,0.8,0.086,0.086,0.8,,NA,16.63,789.72,0.4,semi_arid,DRY,39.35998,-121.435,0.52,0.11,1.25,0.07,17.3,30,10,64.88,1976,-1186.28,6231.35,11.63,53.25,82.07
RCFV20FT06,T,FarViewRanch,287.4,FT,FV20FT,RCFV20F,FV,Riparian,6,20220310,2020,2,Young,0,,1.8,1.8,0.36,1.44,79.87,20.13,32.35,69.49,0.32,42.7,17.5,39.8,57.3,6.63,0.16,99.32,1.79,0.16,1.8,102.12,1.12,0.064,0.065,1.15,HIGH TEXTURE,NA,16.63,789.72,0.4,semi_arid,DRY,39.36,-121.435,0.52,0.13,1.09,0.07,18,30,10,58.86,1976,-1186.28,6231.35,11.77,47.09,80
RCFV20FT07,T,FarViewRanch,287.4,FT,FV20FT,RCFV20F,FV,Riparian,7,20220310,2020,2,Young,0,,1.72,1.72,0.34,1.38,80.35,19.65,42.25,58.98,0.42,35.8,20,44.2,64.2,6.82,0.18,99.5,1.72,0.18,1.72,100.16,0.8,0.044,0.044,0.81,HIGH POM,NA,16.63,789.72,0.4,semi_arid,DRY,39.35974,-121.435,0.5,0.12,1.29,0.07,17.2,30,10,66.56,1976,-1186.28,6231.35,13.16,53.41,80.24
RCFV20FT08,T,FarViewRanch,287.4,FT,FV20FT,RCFV20F,FV,Riparian,8,20220310,2020,2,Young,0,,2.22,2.22,0.45,1.77,79.9,20.1,41.7,58.86,0.42,43.7,17.5,38.9,56.4,7.02,0.23,99.31,2.21,0.22,2.22,102.8,1.07,0.127,0.13,1.1,,NA,16.63,789.72,0.4,semi_arid,DRY,39.35986,-121.435,0.64,0.16,1.15,0.07,22.2,30,10,76.59,1976,-1186.28,6231.35,15.53,61.07,79.74
RCFV20FT09,T,FarViewRanch,287.4,FT,FV20FT,RCFV20F,FV,Riparian,9,20220310,2020,2,Young,1,,2.58,2.58,0.47,2.11,81.6,18.4,35.42,66.55,0.35,45,20,35,55,6.61,0.22,100.07,2.58,0.22,2.58,101.14,1.34,0.114,0.115,1.35,HIGH TEXTURE,NA,16.63,789.72,0.4,semi_arid,DRY,39.35993,-121.435,0.77,0.17,1.14,0.07,25.8,30,10,88.24,1976,-1186.28,6231.35,16.07,72.16,81.78
RCFV20FT10,T,FarViewRanch,287.4,FT,FV20FT,RCFV20F,FV,Riparian,10,20220310,2020,2,Young,1,,2.52,2.52,0.5,2.02,80.03,19.97,32.05,70.51,0.32,39.1,20,40.9,60.9,6.92,0.27,102.28,2.57,0.28,2.52,103.05,1.57,0.137,0.141,1.62,HIGH TEXTURE,NA,16.63,789.72,0.4,semi_arid,DRY,39.35997,-121.435,0.73,0.18,0.77,0.07,25.2,30,10,58.21,1976,-1186.28,6231.35,11.55,46.66,80.16
RCFV20FT11,T,FarViewRanch,287.4,FT,FV20FT,RCFV20F,FV,Riparian,11,20220310,2020,2,Young,0,,1.4,1.4,0.27,1.13,81,19,31.67,71.11,0.32,36.8,22.5,40.7,63.2,6.7,0.17,99.71,1.4,0.17,1.4,101.63,0.84,0.062,0.063,0.85,,NA,16.63,789.72,0.4,semi_arid,DRY,39.36018,-121.435,0.41,0.1,1.36,0.07,14,30,10,57.12,1976,-1186.28,6231.35,11.02,46.1,80.71
RCGL18FC01,C,GlennRanch,135.63,FC,GL18FC,RCGL18F,GL,Riparian,1,20220228,2018,4,Young,,,2.03,2.03,0.32,1.71,84.04,15.96,35.6,67.26,0.36,41.7,20,38.3,58.3,5.37,0.23,101.39,2.06,0.23,2.03,99.87,0.91,0.113,0.112,0.91,HIGH TEXTURE,NA,14.4,862.51,0.54,dry_sub,WET,38.19749,-122.654,0.74,0.14,1.48,0.03,20.3,30,10,90.13,1613,-750.49,11276.3,14.21,75.92,84.23
RCGL18FC02,C,GlennRanch,135.63,FC,GL18FC,RCGL18F,GL,Riparian,2,20220228,2018,4,Young,,,2.66,2.66,0.47,2.19,82.2,17.8,30.35,73.74,0.3,33.1,32.5,34.4,66.9,5.79,0.28,100.81,2.68,0.28,2.66,98.93,1.56,0.098,0.098,1.55,,NA,14.4,862.51,0.54,dry_sub,WET,38.19766,-122.655,0.95,0.2,1.42,0.03,26.6,30,10,113.32,1613,-750.49,11276.3,20.02,93.29,82.32
RCGL18FC03,C,GlennRanch,135.63,FC,GL18FC,RCGL18F,GL,Riparian,3,20220228,2018,4,Young,,,2.54,2.54,0.53,2.01,79.11,20.89,31.21,72.52,0.31,29.4,35,35.6,70.6,6.23,0.22,102.12,2.59,0.23,2.54,99.8,1.7,0.12,0.119,1.7,,NA,14.4,862.51,0.54,dry_sub,WET,38.19761,-122.655,0.87,0.23,1.59,0.03,25.4,30,10,121.16,1613,-750.49,11276.3,25.28,95.88,79.14
RCGL18FC04,C,GlennRanch,135.63,FC,GL18FC,RCGL18F,GL,Riparian,4,20220228,2018,4,Young,,,2.71,2.71,0.46,2.25,83.03,16.97,31.5,72.71,0.32,31.1,35,33.9,68.9,6.35,0.31,98.44,2.67,0.3,2.71,98.95,1.46,0.112,0.111,1.45,,NA,14.4,862.51,0.54,dry_sub,WET,38.19761,-122.655,0.98,0.2,1.43,0.03,27.1,30,10,116.26,1613,-750.49,11276.3,19.73,96.53,83.03
RCGL18FC05,C,GlennRanch,135.63,FC,GL18FC,RCGL18F,GL,Riparian,5,20220228,2018,4,Young,,,3.02,3.02,0.55,2.47,81.86,18.14,34.02,70.68,0.34,34.4,37.5,28.2,65.7,6,0.27,99.84,3.01,0.26,3.01,99.05,1.61,0.117,0.116,1.59,,NA,14.4,862.51,0.54,dry_sub,WET,38.19745,-122.655,1.07,0.24,1.46,0.03,30.2,30,10,132.28,1613,-750.49,11276.3,24.09,108.19,81.79
RCGL18FC06,C,GlennRanch,135.63,FC,GL18FC,RCGL18F,GL,Riparian,6,20220228,2018,4,Young,,,2.65,2.65,0.48,2.17,81.99,18.01,29.83,72.42,0.3,38.7,32.5,28.8,61.3,6.19,0.26,101.31,2.68,0.26,2.65,NA,1.6,NA,NA,NA,HIGH TEXTURE,NA,14.4,862.51,0.54,dry_sub,WET,38.19749,-122.655,0.94,0.21,1.5,0.03,26.5,30,10,119.25,1613,-750.49,11276.3,21.6,97.65,81.89
RCGL18FC07,C,GlennRanch,135.63,FC,GL18FC,RCGL18F,GL,Riparian,7,20220228,2018,4,Young,,,2.34,2.34,0.4,1.94,83.02,16.98,29.66,73.69,0.3,31.9,35,33.2,68.2,6.06,0.27,100.22,2.34,0.27,2.33,100.77,1.34,0.12,0.121,1.35,,NA,14.4,862.51,0.54,dry_sub,WET,38.19744,-122.655,0.84,0.17,1.46,0.03,23.4,30,10,102.49,1613,-750.49,11276.3,17.52,84.97,82.91
RCGL18FC08,C,GlennRanch,135.63,FC,GL18FC,RCGL18F,GL,Riparian,8,20220228,2018,4,Young,,,1.6,1.6,0.37,1.23,76.73,23.27,28.86,74.86,0.29,29.3,30,40.7,70.7,5.85,0.21,101.93,1.63,0.22,1.6,100.19,1.29,0.142,0.142,1.29,,NA,14.4,862.51,0.54,dry_sub,WET,38.19725,-122.655,0.54,0.16,1.35,0.03,16,30,10,64.8,1613,-750.49,11276.3,14.99,49.82,76.88
RCGL18FC09,C,GlennRanch,135.63,FC,GL18FC,RCGL18F,GL,Riparian,9,20220228,2018,4,Young,,,2.87,2.87,0.5,2.37,82.46,17.54,25.05,78.88,0.25,26.7,30,43.4,73.4,5.45,0.28,98.6,2.83,0.28,2.87,99.52,2.01,0.156,0.155,2,,NA,14.4,862.51,0.54,dry_sub,WET,38.19723,-122.656,1.03,0.22,1.39,0.03,28.7,30,10,119.68,1613,-750.49,11276.3,20.85,98.83,82.58
RCGL18FC10,C,GlennRanch,135.63,FC,GL18FC,RCGL18F,GL,Riparian,10,20220228,2018,4,Young,,,1.37,1.37,0.42,0.95,69.38,30.62,51.79,51.6,0.52,50.6,22.5,26.9,49.4,6.11,0.13,100.91,1.38,0.13,1.37,98.64,0.81,0.06,0.059,0.8,,NA,14.4,862.51,0.54,dry_sub,WET,38.19717,-122.656,0.41,0.18,1.61,0.03,13.7,30,10,66.17,1613,-750.49,11276.3,20.29,45.89,69.35
RCGL18FC11,C,GlennRanch,135.63,FC,GL18FC,RCGL18F,GL,Riparian,11,20220228,2018,4,Young,,,3.05,3.05,0.41,2.64,86.66,13.34,23.93,79.04,0.24,25,35,40,75,5.71,0.34,98.94,3.02,0.33,3.05,99.25,1.7,0.121,0.12,1.69,,NA,14.4,862.51,0.54,dry_sub,WET,38.19702,-122.656,1.15,0.18,1.31,0.03,30.5,30,10,119.87,1613,-750.49,9122.91,16.11,103.75,86.55
RCGL18FT01,T,GlennRanch,329.38,FT,GL18FT,RCGL18F,GL,Riparian,1,20220228,2018,4,Young,,,3.77,3.77,0.61,3.16,83.86,16.14,27.79,76.75,0.28,36.4,27.5,36.2,63.7,5.92,0.34,101.29,3.81,0.35,3.76,99.67,2.19,0.07,0.07,2.18,HIGH TEXTURE,NA,14.4,862.51,0.54,dry_sub,WET,38.19937,-122.654,1.26,0.24,1.07,0.08,37.7,30,10,121.02,1613,-750.49,9122.91,19.58,101.44,83.82
RCGL18FT02,T,GlennRanch,329.38,FT,GL18FT,RCGL18F,GL,Riparian,2,20220228,2018,4,Young,,,3.09,3.09,0.48,2.61,84.42,15.58,34.88,69.2,0.35,38.2,22.5,39.3,61.8,5.78,0.28,101.62,3.14,0.28,3.09,101.47,1.38,0.16,0.16,1.4,,NA,14.4,862.51,0.54,dry_sub,WET,38.19937,-122.654,1.04,0.19,1.44,0.08,30.9,30,10,133.49,1613,-750.49,11730.91,20.74,112.75,84.46
RCGL18FT03,T,GlennRanch,329.38,FT,GL18FT,RCGL18F,GL,Riparian,3,20220228,2018,4,Young,,,2.15,2.15,0.45,1.7,78.96,21.04,52.59,51.3,0.53,55.2,22.5,22.4,44.9,6.76,0.26,102.49,2.21,0.26,2.16,98.09,0.86,0.134,0.136,0.84,,NA,14.4,862.51,0.54,dry_sub,WET,38.19926,-122.655,0.68,0.18,1.25,0.08,21.5,30,10,80.63,1613,-750.49,11730.91,16.88,63.75,79.06
RCGL18FT04,T,GlennRanch,329.38,FT,GL18FT,RCGL18F,GL,Riparian,4,20220228,2018,4,Young,,,1.94,1.94,0.3,1.64,84.5,15.5,46.97,56.63,0.47,52.3,25,22.7,47.7,6.2,0.23,102.09,1.98,0.24,1.94,98.73,0.64,0.09,0.088,0.64,,NA,14.4,862.51,0.54,dry_sub,WET,38.19919,-122.655,0.65,0.12,1.51,0.08,19.4,30,10,87.88,1613,-750.49,11730.91,13.59,74.29,84.54
RCGL18FT05,T,GlennRanch,329.38,FT,GL18FT,RCGL18F,GL,Riparian,5,20220228,2018,4,Young,,,2.47,2.47,0.52,1.95,79.12,20.88,44.85,58.41,0.45,48.6,20,31.4,51.4,6.14,0.24,100.88,2.49,0.24,2.47,98.96,1.15,0.302,0.301,1.14,,NA,14.4,862.51,0.54,dry_sub,WET,38.19917,-122.655,0.78,0.21,1.45,0.08,24.7,30,10,107.45,1613,-750.49,11730.91,22.62,84.83,78.95
RCGL18FT06,T,GlennRanch,329.38,FT,GL18FT,RCGL18F,GL,Riparian,6,20220228,2018,4,Young,,,2.65,2.65,0.56,2.09,79.06,20.94,41.42,62.04,0.41,48.1,27.5,24.4,51.9,5.98,0.31,99.85,2.65,0.31,2.65,101.3,1.34,0.107,0.106,1.36,HIGH TEXTURE,NA,14.4,862.51,0.54,dry_sub,WET,38.19916,-122.655,0.83,0.22,0.67,0.08,26.5,30,10,53.27,1613,-750.49,11276.3,11.26,42.01,78.86
RCGL18FT07,T,GlennRanch,329.38,FT,GL18FT,RCGL18F,GL,Riparian,7,20220228,2018,4,Young,,,1.96,1.96,0.59,1.37,70.09,29.91,55.3,49.24,0.55,53.5,20,26.5,46.5,6.19,0.28,101.22,1.99,0.29,1.97,99.76,1.06,0.113,0.114,1.06,,NA,14.4,862.51,0.54,dry_sub,WET,38.19903,-122.655,0.55,0.24,1.44,0.08,19.6,30,10,84.67,1613,-750.49,11276.3,25.49,59.18,69.89
RCGL18FT08,T,GlennRanch,329.38,FT,GL18FT,RCGL18F,GL,Riparian,8,20220228,2018,4,Young,,,1.86,1.86,0.35,1.51,81.37,18.63,52.49,50.28,0.52,52.5,20,27.5,47.5,6.12,0.19,99.01,1.84,0.19,1.86,99.09,0.66,0.091,0.091,0.66,,NA,14.4,862.51,0.54,dry_sub,WET,38.19896,-122.655,0.6,0.14,1.7,0.08,18.6,30,10,94.86,1613,-750.49,11276.3,17.85,77.01,81.18
RCGL18FT09,T,GlennRanch,329.38,FT,GL18FT,RCGL18F,GL,Riparian,9,20220228,2018,4,Young,,,1.93,1.93,0.39,1.54,79.74,20.26,52.84,49.81,0.53,57.3,22.5,20.2,42.7,5.93,0.2,101.19,1.95,0.2,1.93,98.92,0.74,0.086,0.085,0.73,,NA,14.4,862.51,0.54,dry_sub,WET,38.19874,-122.655,0.61,0.16,1.3,0.08,19.3,30,10,75.27,1613,-750.49,11276.3,15.21,60.06,79.79
RCGL18FT10,T,GlennRanch,329.38,FT,GL18FT,RCGL18F,GL,Riparian,10,20220228,2018,4,Young,,,2.2,2.2,0.32,1.88,85.28,14.72,39.02,65.91,0.39,41.4,25,33.6,58.6,6.03,0.2,98.79,2.17,0.2,2.2,98.78,0.83,0.094,0.093,0.82,,NA,14.4,862.51,0.54,dry_sub,WET,38.19868,-122.656,0.75,0.13,1.36,0.08,22,30,10,89.76,1613,-750.49,11276.3,13.06,76.7,85.45
RCGL18FT11,T,GlennRanch,329.38,FT,GL18FT,RCGL18F,GL,Riparian,11,20220228,2018,4,Young,,,2.31,2.31,0.59,1.72,74.45,25.55,48.77,54.05,0.49,42.9,20,37.2,57.2,6.39,0.2,101.65,2.35,0.21,2.31,99.19,1.21,0.059,0.058,1.2,,NA,14.4,862.51,0.54,dry_sub,WET,38.19868,-122.656,0.69,0.24,1.42,0.08,23.1,30,10,98.41,1613,-750.49,11276.3,25.13,73.27,74.45
RCJF02TC01,C,JellysFerry,168.99,TC,JF02TC,RCJF02T,JF,UplandOak,1,20221208,2002,20,Old,2,,1.13,1.13,0.33,0.8,71.01,28.99,53.71,49.14,0.54,56.9,12.5,30.7,43.2,6.83,0.19,101,1.15,0.19,1.13,0.61,0.61,NA,NA,NA,,NA,16.66,725.43,0.36,semi_arid,DRY,40.3184,-122.182,0.26,0.11,0.97,0.06,11.3,30,10,32.88,1987,-1261.57,5066.74,9.6,23.28,70.8
RCJF02TC02,C,JellysFerry,168.99,TC,JF02TC,RCJF02T,JF,UplandOak,2,20221208,2002,20,Old,0,,0.93,0.93,0.29,0.64,68.38,31.62,54.46,45.36,0.54,60,13.7,26.3,40,6.61,0.14,99.6,0.93,0.14,0.93,0.54,0.54,NA,NA,NA,,NA,16.66,725.43,0.36,semi_arid,DRY,40.3184,-122.182,0.21,0.09,1.03,0.06,9.3,30,10,28.74,1987,-1261.57,5066.74,8.96,19.78,68.82
RCJF02TC03,C,JellysFerry,168.99,TC,JF02TC,RCJF02T,JF,UplandOak,3,20221208,2002,20,Old,0,,0.96,0.96,0.35,0.61,63.67,36.33,57.22,45.06,0.57,62.2,10,27.8,37.8,6.62,0.16,100.16,0.97,0.16,0.96,0.61,0.61,NA,NA,NA,,NA,16.66,725.43,0.36,semi_arid,DRY,40.3184,-122.182,0.2,0.11,1.25,0.06,9.6,30,10,36,1987,-1261.57,5066.74,13.13,22.88,63.56
RCJF02TC04,C,JellysFerry,168.99,TC,JF02TC,RCJF02T,JF,UplandOak,4,20221208,2002,20,Old,0,,1.12,1.12,0.31,0.81,72.24,27.76,49.9,53.73,0.5,57,15,28,43,6.53,0.14,98.48,1.1,0.14,1.12,0.63,0.62,NA,NA,NA,missing from sheet - high texture,NA,16.66,725.43,0.36,semi_arid,DRY,40.3184,-122.182,0.26,0.1,0.84,0.06,11.2,30,10,28.22,1987,-1261.57,5066.74,7.81,20.41,72.32
RCJF02TC05,C,JellysFerry,168.99,TC,JF02TC,RCJF02T,JF,UplandOak,5,20221208,2002,20,Old,0,,1.05,1.05,0.38,0.67,63.61,36.39,47.14,55.73,0.47,56.7,13.7,29.6,43.3,6.44,0.11,101.61,1.07,0.11,1.05,0.81,0.81,NA,NA,NA,high texture,NA,16.66,725.43,0.36,semi_arid,DRY,40.3184,-122.182,0.22,0.12,1.18,0.06,10.5,30,10,37.17,1987,-1261.57,5066.74,13.45,23.72,63.81
RCJF02TC06,C,JellysFerry,168.99,TC,JF02TC,RCJF02T,JF,UplandOak,6,20221208,2002,20,Old,0,,1.15,1.15,0.32,0.83,72.56,27.44,53.64,49.04,0.54,58.6,12.5,28.9,41.4,6.5,0.12,101.52,1.17,0.12,1.15,0.59,0.59,NA,NA,NA,,NA,16.66,725.43,0.36,semi_arid,DRY,40.3184,-122.182,0.27,0.1,0.64,0.06,11.5,30,10,22.08,1987,-1261.57,5066.74,6.14,15.94,72.19
RCJF02TC07,C,JellysFerry,168.99,TC,JF02TC,RCJF02T,JF,UplandOak,7,20221208,2002,20,Old,0,,0.97,0.97,0.27,0.7,71.79,28.21,45.64,55.66,0.46,57.6,13.8,28.6,42.4,6.61,0.14,101.96,0.99,0.14,0.97,0.6,0.6,NA,NA,NA,high texture,NA,16.66,725.43,0.36,semi_arid,DRY,40.3184,-122.182,0.23,0.09,1.37,0.06,9.7,30,10,39.87,1987,-1261.57,5066.74,11.1,28.77,72.16
RCJF02TC08,C,JellysFerry,168.99,TC,JF02TC,RCJF02T,JF,UplandOak,8,20221208,2002,20,Old,0,,1,1,0.23,0.77,76.66,23.34,55.51,47.48,0.56,58.4,13.8,27.8,41.6,6.61,0.11,100.93,1.01,0.11,1,0.42,0.42,NA,NA,NA,,NA,16.66,725.43,0.36,semi_arid,DRY,40.3184,-122.182,0.25,0.08,1.13,0.06,10,30,10,33.9,1987,-1261.57,5066.74,7.8,26.1,76.99
RCJF02TC09,C,JellysFerry,168.99,TC,JF02TC,RCJF02T,JF,UplandOak,9,20221208,2002,20,Old,0,,0.93,0.93,0.25,0.68,72.99,27.01,50.09,54.59,0.5,62.5,12.5,25,37.5,6.55,0.14,100.71,0.93,0.14,0.93,0.5,0.5,NA,NA,NA,high texture,NA,16.66,725.43,0.36,semi_arid,DRY,40.3184,-122.182,0.22,0.08,1.09,0.06,9.3,30,10,30.41,1987,-1261.57,5066.74,8.18,22.24,73.13
RCJF02TC10,C,JellysFerry,168.99,TC,JF02TC,RCJF02T,JF,UplandOak,10,20221208,2002,20,Old,0,,1.08,1.08,0.28,0.8,73.68,26.32,38.54,57.73,0.39,54,15,31,46,6.41,0.14,98.64,1.06,0.14,1.08,0.74,0.74,NA,NA,NA,high texture,NA,16.66,725.43,0.36,semi_arid,DRY,40.3184,-122.182,0.26,0.09,1.27,0.06,10.8,30,10,41.15,1987,-1261.57,5066.74,10.67,30.48,74.07
RCJF02TC11,C,JellysFerry,168.99,TC,JF02TC,RCJF02T,JF,UplandOak,11,20221208,2002,20,Old,0,,1.02,1.02,0.41,0.61,59.75,40.25,58.65,44.55,0.59,59,13.7,27.2,40.9,6.87,0.14,99.29,1.01,0.14,1.02,0.46,0.7,NA,NA,NA,,NA,16.66,725.43,0.36,semi_arid,DRY,40.3184,-122.182,0.2,0.13,1.16,0.06,10.2,30,10,35.5,1987,-1261.57,5066.74,14.27,21.23,59.8
RCJF02TT01,T,JellysFerry,170.07,TT,JF02TT,RCJF02T,JF,UplandOak,1,20221208,2002,20,Old,0,,1.03,1.03,0.29,0.74,71.64,28.36,59.49,43.22,0.59,62.9,15,22.1,37.1,6.62,0.11,99.85,1.03,0.18,1.03,0.49,0.49,NA,NA,NA,,NA,13.03,905.84,0.36,semi_arid,DRY,38.26513,-122.922,0.24,0.1,1.2,0.06,10.3,30,10,37.08,1421,-515.16,12798.78,10.44,26.64,71.84
RCJF02TT02,T,JellysFerry,170.07,TT,JF02TT,RCJF02T,JF,UplandOak,2,20221208,2002,20,Old,4,,1.16,1.16,0.34,0.82,70.51,29.49,49.73,46.35,0.5,61,15,24,39,6.61,0.12,101.98,1.18,0.12,1.16,0.69,0.69,NA,NA,NA,high texture,NA,13.03,905.84,0.36,semi_arid,DRY,38.26513,-122.922,0.27,0.11,1.06,0.06,11.6,30,10,36.89,1421,-515.16,12798.78,10.81,26.08,70.7
RCJF02TT03,T,JellysFerry,170.07,TT,JF02TT,RCJF02T,JF,UplandOak,3,20221208,2002,20,Old,2,,1.17,1.17,0.27,0.9,76.88,23.12,45.14,56.95,0.45,58.1,15,27,42,6.81,0.19,100.08,1.18,0.19,1.17,0.6,0.6,NA,NA,NA,high texture,NA,13.03,905.84,0.36,semi_arid,DRY,38.26513,-122.922,0.3,0.09,1.17,0.06,11.7,30,10,41.07,1421,-515.16,12798.78,9.48,31.59,76.92
RCJF02TT04,T,JellysFerry,170.07,TT,JF02TT,RCJF02T,JF,UplandOak,4,20221208,2002,20,Old,4,,1.2,1.2,0.38,0.82,68.7,31.3,53.28,50.91,0.53,55.3,15,29.7,44.7,6.68,0.15,98.5,1.19,0.15,1.2,0.7,0.7,NA,NA,NA,,NA,13.03,905.84,0.36,semi_arid,DRY,38.26513,-122.922,0.27,0.13,1.25,0.06,12,30,10,45,1421,-515.16,12798.78,14.25,30.75,68.33
RCJF02TT05,T,JellysFerry,170.07,TT,JF02TT,RCJF02T,JF,UplandOak,5,20221208,2002,20,Old,4,,0.92,0.92,0.22,0.7,76.61,23.39,48.75,47.86,0.49,59,15,26,41,6.85,0.17,101.63,0.93,0.18,0.92,0.44,0.44,NA,NA,NA,high texture,NA,13.03,905.84,0.36,semi_arid,DRY,38.26513,-122.922,0.23,0.07,1.08,0.06,9.2,30,10,29.81,1421,-515.16,12798.78,7.13,22.68,76.08
RCJF02TT06,T,JellysFerry,170.07,TT,JF02TT,RCJF02T,JF,UplandOak,6,20221208,2002,20,Old,4,,1.19,1.19,0.34,0.85,71.6,28.4,49.81,52.65,0.5,55.9,16.2,27.9,44.1,6.65,0.17,98.61,1.17,0.17,1.19,0.68,0.68,NA,NA,NA,high texture,NA,13.03,905.84,0.36,semi_arid,DRY,38.26513,-122.922,0.28,0.11,1.34,0.06,11.9,30,10,47.84,1421,-515.16,12798.78,13.67,34.17,71.43
RCJF02TT07,T,JellysFerry,170.07,TT,JF02TT,RCJF02T,JF,UplandOak,7,20221208,2002,20,Old,4,,1.22,1.22,0.38,0.84,68.93,31.07,49.9,51.81,0.5,60.3,15,24.7,39.7,6.75,0.17,102.23,1.25,0.18,1.22,0.76,0.76,NA,NA,NA,high texture,NA,13.03,905.84,0.36,semi_arid,DRY,38.26513,-122.922,0.28,0.13,0.56,0.06,12.2,30,10,20.5,1421,-515.16,12798.78,6.38,14.11,68.83
RCJF02TT08,T,JellysFerry,170.07,TT,JF02TT,RCJF02T,JF,UplandOak,8,20221208,2002,20,Old,4,,0.92,0.92,0.27,0.65,70.64,29.36,53.33,50,0.53,56,15,29,44,6.9,0.16,98.8,0.91,0.16,0.92,0.51,0.51,NA,NA,NA,,NA,13.03,905.84,0.36,semi_arid,DRY,38.26513,-122.922,0.21,0.09,1.1,0.06,9.2,30,10,30.36,1421,-515.16,12798.78,8.91,21.45,70.65
RCJF02TT09,T,JellysFerry,170.07,TT,JF02TT,RCJF02T,JF,UplandOak,9,20221208,2002,20,Old,4,,0.96,0.96,0.3,0.66,69.22,30.78,54.42,49.62,0.54,58.4,16.2,25.4,41.6,6.78,0.18,100.42,0.96,0.18,0.96,0.54,0.54,NA,NA,NA,,NA,13.03,905.84,0.36,semi_arid,DRY,38.26513,-122.922,0.22,0.1,1.12,0.06,9.6,30,10,32.26,1421,-515.16,12798.78,10.08,22.18,68.75
RCJF02TT10,T,JellysFerry,170.07,TT,JF02TT,RCJF02T,JF,UplandOak,10,20221208,2002,20,Old,4,,1.18,1.18,0.46,0.72,60.95,39.05,51.63,52.01,0.52,58.8,15,26.2,41.2,6.81,0.3,99.29,1.17,0.29,1.18,0.89,0.89,NA,NA,NA,high texture,NA,13.03,905.84,0.36,semi_arid,DRY,38.26513,-122.922,0.24,0.15,1.12,0.06,11.8,30,10,39.65,1421,-515.16,12798.78,15.46,24.19,61.01
RCJF02TT11,T,JellysFerry,170.07,TT,JF02TT,RCJF02T,JF,UplandOak,11,20221208,2002,20,Old,4,,0.96,0.96,0.37,0.59,61.29,38.71,51.06,53.37,0.51,57.3,13.8,29,42.8,6.78,0.16,99.73,0.96,0.16,0.96,0.73,0.73,NA,NA,NA,high texture,NA,13.03,905.84,0.36,semi_arid,DRY,38.26513,-122.922,0.19,0.12,1.07,0.06,9.6,30,10,30.82,1421,-515.16,5066.74,11.88,18.94,61.45
RCJF14TC01,C,JellysFerry,296.55,TC,JF14TC,RCJF14T,JF,UplandOak,1,20230126,2014,9,Medium,0,,1.34,1.34,0.25,1.09,81.05,18.95,53.1,49.82,0.53,58.2,15,26.9,41.9,6.42,0.11,100.5,1.35,0.11,1.34,NA,0.48,NA,NA,NA,,NA,16.66,725.43,0.36,semi_arid,DRY,40.3188,-122.186,0.41,0.09,0.97,0.07,13.4,30,10,38.99,1987,-1261.57,5066.74,7.28,31.72,81.35
RCJF14TC02,C,JellysFerry,296.55,TC,JF14TC,RCJF14T,JF,UplandOak,2,20230126,2014,9,Medium,0,,1.42,1.42,0.32,1.09,77.27,22.73,53.37,50.48,0.53,55.5,15,29.5,44.5,6.64,0.14,100.2,1.42,0.14,1.42,NA,0.6,NA,NA,NA,,NA,16.66,725.43,0.36,semi_arid,DRY,40.3188,-122.186,0.41,0.12,1.27,0.07,14.2,30,10,54.1,1987,-1261.57,5066.74,12.19,41.53,76.77
RCJF14TC03,C,JellysFerry,296.55,TC,JF14TC,RCJF14T,JF,UplandOak,3,20230126,2014,9,Medium,0,,1.14,1.14,0.22,0.91,80.29,19.71,54.81,45.56,0.55,55.5,15,29.5,44.5,6.61,0.13,100.56,1.14,0.13,1.14,NA,0.41,NA,NA,NA,,NA,16.66,725.43,0.36,semi_arid,DRY,40.3188,-122.186,0.34,0.08,0.98,0.07,11.4,30,10,33.52,1987,-1261.57,5066.74,6.47,26.75,79.8
RCJF14TC04,C,JellysFerry,296.55,TC,JF14TC,RCJF14T,JF,UplandOak,4,20230126,2014,9,Medium,0,,1.41,1.41,0.28,1.13,80.13,19.87,42.28,60.66,0.42,47.5,17.5,35,52.5,6.49,0.27,98.52,1.39,0.26,1.41,NA,0.66,NA,NA,NA,,NA,16.66,725.43,0.36,semi_arid,DRY,40.3188,-122.186,0.43,0.11,1.15,0.07,14.1,30,10,48.65,1987,-1261.57,5066.74,9.66,38.99,80.14
RCJF14TC05,C,JellysFerry,296.55,TC,JF14TC,RCJF14T,JF,UplandOak,5,20230126,2014,9,Medium,0,,1.38,1.38,0.31,1.07,77.51,22.49,41.25,62.43,0.41,46.9,18.7,34.4,53.1,6.58,0.21,101.13,1.4,0.21,1.38,NA,0.75,NA,NA,NA,,NA,16.66,725.43,0.36,semi_arid,DRY,40.3188,-122.186,0.4,0.12,1.48,0.07,13.8,30,10,61.27,1987,-1261.57,5066.74,13.76,47.51,77.54
RCJF14TC06,C,JellysFerry,296.55,TC,JF14TC,RCJF14T,JF,UplandOak,6,20230126,2014,9,Medium,0,,1.35,1.35,0.25,1.11,81.62,18.38,41.95,61.49,0.42,48,17.5,34.5,52,6.44,0.22,101.11,1.37,0.22,1.35,NA,0.59,NA,NA,NA,high texture,NA,16.66,725.43,0.36,semi_arid,DRY,40.3188,-122.186,0.42,0.09,1.12,0.07,13.5,30,10,45.36,1987,-1261.57,5066.74,8.4,37.3,82.23
RCJF14TC07,C,JellysFerry,296.55,TC,JF14TC,RCJF14T,JF,UplandOak,7,20230126,2014,9,Medium,0,,1.28,1.28,0.24,1.04,81.53,18.47,41,62.45,0.41,46.3,20,33.7,53.7,6.25,0.11,99.81,1.27,0.11,1.28,NA,0.58,NA,NA,NA,missing from sheet high texture,NA,16.66,725.43,0.36,semi_arid,DRY,40.3188,-122.186,0.39,0.09,0.95,0.07,12.8,30,10,36.48,1987,-1261.57,5066.74,6.84,29.64,81.25
RCJF14TC08,C,JellysFerry,296.55,TC,JF14TC,RCJF14T,JF,UplandOak,8,20230126,2014,9,Medium,0,,1.25,1.25,0.2,1.05,84.05,15.95,37.28,65.01,0.37,46.7,20,33.3,53.3,6.51,0.11,102.66,1.28,0.11,1.25,NA,0.53,NA,NA,NA,high texture,NA,16.66,725.43,0.36,semi_arid,DRY,40.3188,-122.186,0.4,0.08,1.46,0.07,12.5,30,10,54.75,1987,-1261.57,5066.74,8.76,45.99,84
RCJF14TC09,C,JellysFerry,296.55,TC,JF14TC,RCJF14T,JF,UplandOak,9,20230126,2014,9,Medium,0,,1.32,1.32,0.25,1.08,81.24,18.76,37.98,65.46,0.38,44.5,20,35.5,55.5,6.55,0.12,99.6,1.32,0.12,1.32,NA,0.65,NA,NA,NA,high texture,NA,16.66,725.43,0.36,semi_arid,DRY,40.3188,-122.186,0.41,0.09,1.4,0.07,13.2,30,10,55.44,1987,-1261.57,5066.74,10.5,45.36,81.82
RCJF14TC10,C,JellysFerry,296.55,TC,JF14TC,RCJF14T,JF,UplandOak,10,20230126,2014,9,Medium,0,,1.18,1.18,0.17,1.02,85.8,14.2,36.49,66.19,0.36,42.8,20,37.3,57.3,6.61,0.22,100.19,1.19,0.22,1.18,NA,0.46,NA,NA,NA,high texture,NA,16.66,725.43,0.36,semi_arid,DRY,40.3188,-122.186,0.39,0.06,1.48,0.07,11.8,30,10,52.39,1987,-1261.57,5066.74,7.55,45.29,86.45
RCJF14TC11,C,JellysFerry,296.55,TC,JF14TC,RCJF14T,JF,UplandOak,11,20230126,2014,9,Medium,0,,1.35,1.35,0.24,1.12,82.55,17.45,37.09,65.97,0.37,43.6,18.7,37.7,56.4,6.94,0.12,101.17,1.37,0.12,1.35,NA,0.64,NA,NA,NA,high texture,NA,16.66,725.43,0.36,semi_arid,DRY,40.3188,-122.186,0.42,0.09,1.59,0.07,13.5,30,10,64.4,1987,-1261.57,5066.74,11.45,53.42,82.95
RCJF14TT01,T,JellysFerry,271.79,TT,JF14TT,RCJF14T,JF,UplandOak,1,20230126,2014,9,Medium,0,,1.17,1.17,0.26,0.91,77.63,22.37,67.55,35.29,0.68,68.9,7.5,23.6,31.1,6.87,0.12,101.69,1.19,0.12,1.17,NA,0.39,NA,NA,NA,,NA,16.66,725.43,0.36,semi_arid,DRY,40.31806,-122.183,0.31,0.09,1.27,0.03,11.7,30,10,44.58,1987,-1261.57,5066.74,9.91,34.67,77.77
RCJF14TT02,T,JellysFerry,271.79,TT,JF14TT,RCJF14T,JF,UplandOak,2,20230126,2014,9,Medium,0,,1.09,1.09,0.37,0.72,66.01,33.99,65.29,36.77,0.65,67.7,10,22.3,32.3,6.81,0.19,99.49,1.08,0.19,1.09,NA,0.57,NA,NA,NA,,NA,16.66,725.43,0.36,semi_arid,DRY,40.31806,-122.183,0.25,0.13,1.26,0.03,10.9,30,10,41.2,1987,-1261.57,5066.74,13.99,27.22,66.07
RCJF14TT03,T,JellysFerry,271.79,TT,JF14TT,RCJF14T,JF,UplandOak,3,20230126,2014,9,Medium,1,,1.21,1.21,0.25,0.96,79.33,20.67,62.64,39.74,0.63,64.4,12.5,23.1,35.6,6.73,0.18,99.74,1.21,0.17,1.21,NA,0.4,NA,NA,NA,,NA,16.66,725.43,0.36,semi_arid,DRY,40.31806,-122.183,0.33,0.09,1.27,0.03,12.1,30,10,46.1,1987,-1261.57,5066.74,9.53,36.58,79.35
RCJF14TT04,T,JellysFerry,271.79,TT,JF14TT,RCJF14T,JF,UplandOak,4,20230126,2014,9,Medium,0,,1.23,1.23,0.21,1.02,82.63,17.37,59.29,42.57,0.59,60.9,12.5,26.7,39.2,6.73,0.18,100.7,1.24,0.18,1.23,NA,0.36,NA,NA,NA,,NA,16.66,725.43,0.36,semi_arid,DRY,40.31806,-122.183,0.35,0.07,1.08,0.03,12.3,30,10,39.85,1987,-1261.57,5066.74,6.8,33.05,82.94
RCJF14TT05,T,JellysFerry,271.79,TT,JF14TT,RCJF14T,JF,UplandOak,5,20230126,2014,9,Medium,0,,1.2,1.2,0.4,0.8,66.42,33.58,58.08,44.46,0.58,59.1,15,25.9,40.9,6.94,0.09,100.81,1.21,0.09,1.2,NA,0.69,NA,NA,NA,,NA,16.66,725.43,0.36,semi_arid,DRY,40.31806,-122.183,0.27,0.14,1.17,0.03,12,30,10,42.12,1987,-1261.57,5066.74,14.04,28.08,66.67
RCJF14TT06,T,JellysFerry,271.79,TT,JF14TT,RCJF14T,JF,UplandOak,6,20230126,2014,9,Medium,0,,1.14,1.14,0.3,0.84,73.61,26.39,59.24,43.48,0.59,61.4,12.5,26.1,38.6,6.78,0.15,100.17,1.15,0.15,1.14,NA,0.51,NA,NA,NA,,NA,16.66,725.43,0.36,semi_arid,DRY,40.31806,-122.183,0.29,0.1,1.13,0.03,11.4,30,10,38.65,1987,-1261.57,5066.74,10.17,28.48,73.69
RCJF14TT07,T,JellysFerry,271.79,TT,JF14TT,RCJF14T,JF,UplandOak,7,20230126,2014,9,Medium,0,,1.16,1.16,0.37,0.79,67.84,32.16,56.05,46.64,0.56,59.5,15,25.5,40.5,6.66,0.09,98.83,1.15,0.09,1.16,NA,0.67,NA,NA,NA,,NA,16.66,725.43,0.36,semi_arid,DRY,40.31806,-122.183,0.27,0.13,1.2,0.03,11.6,30,10,41.76,1987,-1261.57,5066.74,13.32,28.44,68.1
RCJF14TT08,T,JellysFerry,271.79,TT,JF14TT,RCJF14T,JF,UplandOak,8,20230126,2014,9,Medium,0,,2.35,2.35,0.33,2.02,86.05,13.95,55.34,47.33,0.55,59.3,12.5,28.2,40.7,6.71,0.24,99.75,2.34,0.24,2.35,NA,0.59,NA,NA,NA,,NA,16.66,725.43,0.36,semi_arid,DRY,40.31806,-122.183,0.69,0.11,1.14,0.03,23.5,30,10,80.37,1987,-1261.57,5066.74,11.29,69.08,85.95
RCJF14TT09,T,JellysFerry,271.79,TT,JF14TT,RCJF14T,JF,UplandOak,9,20230126,2014,9,Medium,0,,1.04,1.04,0.27,0.76,73.59,26.41,53.1,49.81,0.53,59.1,15,25.9,40.9,6.68,0.18,100.32,1.04,0.18,1.04,NA,0.52,NA,NA,NA,high texture,NA,16.66,725.43,0.36,semi_arid,DRY,40.31806,-122.183,0.26,0.09,0.98,0.03,10.4,30,10,30.58,1987,-1261.57,5066.74,7.94,22.34,73.05
RCJF14TT10,T,JellysFerry,271.79,TT,JF14TT,RCJF14T,JF,UplandOak,10,20230126,2014,9,Medium,2,,1.18,1.18,0.4,0.78,65.99,34.01,58.05,45.59,0.58,60.8,12.5,26.7,39.2,6.78,0.2,100.2,1.18,0.2,1.18,NA,0.69,NA,NA,NA,,NA,16.66,725.43,0.36,semi_arid,DRY,40.31806,-122.183,0.27,0.14,0.96,0.03,11.8,30,10,33.98,1987,-1261.57,5066.74,11.52,22.46,66.1
RCJF14TT11,T,JellysFerry,271.79,TT,JF14TT,RCJF14T,JF,UplandOak,11,20230126,2014,9,Medium,0,,0.96,0.96,0.35,0.61,63.89,36.11,55.7,47.24,0.56,57.9,13.7,28.4,42.1,6.68,0.08,99.62,0.96,0.08,0.96,NA,0.62,NA,NA,NA,,NA,16.66,725.43,0.36,semi_arid,DRY,40.31806,-122.183,0.21,0.12,1.03,0.03,9.6,30,10,29.66,1987,-1261.57,5066.74,10.82,18.85,63.55
RCLC14FC01,C,LynchCanyonOpenSpace,588.79,FC,LC14FC,RCLC14F,LC,Riparian,1,20220412,2014,8,Medium,0,,3.19,3.19,0.28,2.91,91.29,8.71,12.22,90.79,0.12,18.7,50,31.4,81.4,5.63,0.29,98.88,3.15,0.29,3.19,98.68,2.28,0.1687,0.1664,2.2446,high texture,NA,15.15,584.09,0.44,semi_arid,DRY,38.18221,-122.209,1.16,0.11,1.04,0.04,31.9,30,10,99.53,1750,-1165.91,7642.87,8.74,90.79,91.22
RCLC14FC02,C,LynchCanyonOpenSpace,588.79,FC,LC14FC,RCLC14F,LC,Riparian,2,20220412,2014,8,Medium,0,,2.9,2.9,0.53,2.37,81.71,18.29,13.94,90.15,0.14,20.2,50,29.9,79.9,5.75,0.27,98.5,2.86,0.27,2.9,102.55,3.8,0.2837,0.291,3.9011,,NA,15.15,584.09,0.44,semi_arid,DRY,38.1821,-122.209,0.95,0.21,1.32,0.04,29,30,10,114.84,1750,-1165.91,7642.87,20.99,93.85,81.72
RCLC14FC03,C,LynchCanyonOpenSpace,588.79,FC,LC14FC,RCLC14F,LC,Riparian,3,20220412,2014,8,Medium,0,,2.72,2.72,0.39,2.33,85.55,14.45,12.2,91.31,0.12,16.1,45,38.9,83.9,5.63,0.27,99.32,2.7,0.26,2.72,101.4,3.22,0.2348,0.2381,3.2669,,NA,15.15,584.09,0.44,semi_arid,DRY,38.18206,-122.209,0.93,0.16,1.27,0.04,27.2,30,10,103.63,1750,-1165.91,7642.87,14.86,88.77,85.66
RCLC14FC04,C,LynchCanyonOpenSpace,588.79,FC,LC14FC,RCLC14F,LC,Riparian,4,20220412,2014,8,Medium,0,,2.73,2.73,0.35,2.38,87.15,12.85,14.29,88.64,0.14,21.9,35,43.1,78.1,5.69,0.31,101.44,2.77,0.31,2.73,101.37,2.46,0.19,0.1926,2.4886,high texture,NA,15.15,584.09,0.44,semi_arid,DRY,38.18214,-122.21,0.95,0.14,1.35,0.04,27.3,30,10,110.57,1750,-1165.91,7642.87,14.18,96.39,87.18
RCLC14FC05,C,LynchCanyonOpenSpace,588.79,FC,LC14FC,RCLC14F,LC,Riparian,5,20220412,2014,8,Medium,0,,2.49,2.49,0.69,1.8,72.44,27.56,19.19,82.92,0.19,25.7,27.5,46.8,74.3,5.7,0.29,98.34,2.45,0.29,2.49,98.77,3.58,0.2553,0.2522,3.5315,high texture,NA,15.15,584.09,0.44,semi_arid,DRY,38.18213,-122.21,0.72,0.28,1.49,0.04,24.9,30,10,111.3,1750,-1165.91,7642.87,30.84,80.46,72.29
RCLC14FC06,C,LynchCanyonOpenSpace,588.79,FC,LC14FC,RCLC14F,LC,Riparian,6,20220412,2014,8,Medium,0,,2.92,2.92,0.39,2.53,86.74,13.26,14.46,89.64,0.14,23.2,35,41.8,76.8,5.61,0.33,100.15,2.93,0.33,2.92,101.23,2.68,0.2066,0.2092,2.7111,high texture,NA,15.15,584.09,0.44,semi_arid,DRY,38.18202,-122.21,1.01,0.16,1.4,0.04,29.2,30,10,122.64,1750,-1165.91,7642.87,16.38,106.26,86.64
RCLC14FC07,C,LynchCanyonOpenSpace,588.79,FC,LC14FC,RCLC14F,LC,Riparian,7,20220412,2014,8,Medium,0,,2.7,2.7,0.47,2.23,82.57,17.43,18.2,85.29,0.18,26.9,30,43.2,73.2,5.55,0.3,100.48,2.71,0.31,2.7,99.94,2.59,0.1804,0.1803,2.5846,high texture,NA,15.15,584.09,0.44,semi_arid,DRY,38.18201,-122.21,0.89,0.19,1.42,0.04,27,30,10,115.02,1750,-1165.91,7642.87,20.02,95,82.59
RCLC14FC08,C,LynchCanyonOpenSpace,588.79,FC,LC14FC,RCLC14F,LC,Riparian,8,20220412,2014,8,Medium,0,,2.96,2.96,0.42,2.54,85.64,14.36,20.59,82.56,0.21,23.5,40,36.5,76.5,5.81,0.31,100.55,2.98,0.31,2.96,100.78,2.06,0.1738,0.1751,2.0799,,NA,15.15,584.09,0.44,semi_arid,DRY,38.18185,-122.21,1.01,0.17,1.25,0.04,29.6,30,10,111,1750,-1165.91,7642.87,15.75,95.25,85.81
RCLC14FC09,C,LynchCanyonOpenSpace,588.79,FC,LC14FC,RCLC14F,LC,Riparian,9,20220412,2014,8,Medium,0,,2.46,2.46,0.42,2.04,83.1,16.9,20.74,82.22,0.21,28.3,30,41.7,71.7,5.54,0.29,99.44,2.44,0.29,2.46,98.79,2,0.1471,0.1453,1.9794,high texture,NA,15.15,584.09,0.44,semi_arid,DRY,38.18199,-122.21,0.81,0.17,1.43,0.04,24.6,30,10,105.53,1750,-1165.91,7642.87,18.02,87.52,82.93
RCLC14FC10,C,LynchCanyonOpenSpace,588.79,FC,LC14FC,RCLC14F,LC,Riparian,10,20220412,2014,8,Medium,0,,3,3,0.58,2.42,80.79,19.21,21.27,82,0.21,28.8,35,36.2,71.2,5.47,0.29,99.26,2.97,0.29,3,98.77,2.71,0.4271,0.4218,2.6762,high texture,NA,15.15,584.09,0.44,semi_arid,DRY,38.182,-122.21,0.97,0.23,1.41,0.04,30,30,10,126.9,1750,-1165.91,7642.87,24.53,102.37,80.67
RCLC14FC11,C,LynchCanyonOpenSpace,588.79,FC,LC14FC,RCLC14F,LC,Riparian,11,20220412,2014,8,Medium,0,,2.17,2.17,0.63,1.54,70.9,29.1,17.79,85.3,0.18,23.6,47.5,28.9,76.4,6.84,0.25,99.23,2.15,0.25,2.17,98.71,3.55,0.247,0.2438,3.5038,,NA,15.15,584.09,0.44,semi_arid,DRY,38.18175,-122.21,0.61,0.25,1.22,0.04,21.7,30,10,79.42,1750,-1165.91,8328.7,23.06,56.36,70.96
RCLC14FT01,T,LynchCanyonOpenSpace,467.15,FT,LC14FT,RCLC14F,LC,Riparian,1,20220412,2014,8,Medium,4,,1.65,1.65,0.34,1.31,79.18,20.82,25.33,72.97,0.25,36.1,27.5,36.4,63.9,5.7,0.18,99.46,1.64,0.18,1.65,102.79,1.36,0.0791,0.0813,1.3936,high texture,NA,15.15,584.09,0.44,semi_arid,DRY,38.18748,-122.192,0.47,0.12,1.18,0.03,16.5,30,10,58.41,1745,-1160.91,8328.7,12.04,46.37,79.39
RCLC14FT02,T,LynchCanyonOpenSpace,467.15,FT,LC14FT,RCLC14F,LC,Riparian,2,20220412,2014,8,Medium,2,,1.3,1.3,0.27,1.03,79.31,20.69,29.23,73.26,0.29,40.1,22.5,37.4,59.9,6.03,0.19,100.15,1.3,0.19,1.3,101.85,0.92,0.0693,0.0706,0.9375,high texture,NA,15.15,584.09,0.44,semi_arid,DRY,38.18746,-122.192,0.37,0.1,1.27,0.03,13,30,10,49.53,1745,-1160.91,8328.7,10.29,39.24,79.22
RCLC14FT03,T,LynchCanyonOpenSpace,467.15,FT,LC14FT,RCLC14F,LC,Riparian,3,20220412,2014,8,Medium,0,,3.01,3.01,0.61,2.4,79.74,20.26,33.4,69.79,0.33,43.8,26.3,30,56.3,5.33,0.35,101.07,3.04,0.35,3.01,100.61,1.83,0.144,0.1449,1.8366,high texture,NA,15.35,631.22,0.44,semi_arid,DRY,38.18764,-122.193,0.86,0.22,1.23,0.03,30.1,30,10,111.07,1745,-1113.78,8328.7,22.51,88.56,79.73
RCLC14FT04,T,LynchCanyonOpenSpace,467.15,FT,LC14FT,RCLC14F,LC,Riparian,4,20220412,2014,8,Medium,1,,2.59,2.59,0.5,2.09,80.87,19.13,36.06,68.03,0.36,42.9,26.2,30.9,57.1,5.31,0.31,102.1,2.65,0.32,2.59,100.9,1.37,0.0997,0.1006,1.3868,,NA,15.35,631.22,0.44,semi_arid,DRY,38.18757,-122.193,0.75,0.18,1.26,0.03,25.9,30,10,97.9,1745,-1113.78,8328.7,18.9,79,80.69
RCLC14FT05,T,LynchCanyonOpenSpace,467.15,FT,LC14FT,RCLC14F,LC,Riparian,5,20220412,2014,8,Medium,4,,1.62,1.62,0.21,1.41,87.02,12.98,33.87,68.62,0.34,40.8,32.4,26.8,59.2,5.9,0.23,99.93,1.62,0.23,1.62,100.13,0.62,0.0808,0.0809,0.6217,high texture,NA,15.15,584.09,0.44,semi_arid,DRY,38.18743,-122.193,0.5,0.07,1.08,0.03,16.2,30,10,52.49,1745,-1160.91,8328.7,6.8,45.68,87.03
RCLC14FT06,T,LynchCanyonOpenSpace,467.15,FT,LC14FT,RCLC14F,LC,Riparian,6,20220412,2014,8,Medium,3,,3.09,3.09,0.6,2.49,80.66,19.34,38.66,64.87,0.39,46.8,27.5,25.7,53.2,5.31,0.36,100.14,3.09,0.36,3.09,99.26,1.55,0.1499,0.1488,1.5346,high texture,NA,15.15,584.09,0.44,semi_arid,DRY,38.18732,-122.193,0.89,0.21,1.15,0.03,30.9,30,10,106.61,1745,-1160.91,8328.7,20.7,85.91,80.58
RCLC14FT07,T,LynchCanyonOpenSpace,467.15,FT,LC14FT,RCLC14F,LC,Riparian,7,20220412,2014,8,Medium,2,,2.26,2.26,0.36,1.9,83.98,16.02,41.23,62.31,0.41,50.9,23.7,25.4,49.1,5.22,0.3,101.45,2.29,0.3,2.26,99.37,0.88,0.0815,0.081,0.8722,high texture,NA,15.15,584.09,0.44,semi_arid,DRY,38.18744,-122.193,0.68,0.13,1,0.03,22.6,30,10,67.8,1745,-1160.91,8328.7,10.8,57,84.07
RCLC14FT08,T,LynchCanyonOpenSpace,467.15,FT,LC14FT,RCLC14F,LC,Riparian,8,20220412,2014,8,Medium,1,,2.39,2.39,0.5,1.89,78.96,21.04,41.42,61.68,0.41,49.4,23.7,26.8,50.5,5.21,0.25,99.14,2.37,0.25,2.39,99.39,1.21,0.1175,0.1168,1.2063,,NA,15.15,584.09,0.44,semi_arid,DRY,38.18733,-122.193,0.67,0.18,1.03,0.03,23.9,30,10,73.85,1745,-1160.91,8328.7,15.45,58.4,79.08
RCLC14FT09,T,LynchCanyonOpenSpace,467.15,FT,LC14FT,RCLC14F,LC,Riparian,9,20220412,2014,8,Medium,0,,2.5,2.5,0.32,2.18,87.15,12.85,40,63.6,0.4,47.7,27.5,24.8,52.3,5.33,0.32,99.2,2.48,0.32,2.5,100.03,0.8,0.0908,0.0908,0.8034,,NA,15.15,584.09,0.44,semi_arid,DRY,38.18724,-122.193,0.78,0.11,1.3,0.03,25,30,10,97.5,1745,-1160.91,8328.7,12.48,85.02,87.2
RCLC14FT10,T,LynchCanyonOpenSpace,467.15,FT,LC14FT,RCLC14F,LC,Riparian,10,20220412,2014,8,Medium,4,,1.31,1.31,0.12,1.19,90.91,9.09,41.79,61.31,0.42,50,26.2,23.8,50,5.86,0.14,98.72,1.29,0.14,1.31,100.17,0.29,0.0335,0.0335,0.2851,,NA,15.15,584.09,0.44,semi_arid,DRY,38.18715,-122.193,0.42,0.04,1.33,0.03,13.1,30,10,52.27,1745,-1160.91,8328.7,4.79,47.48,90.84
RCLC14FT11,T,LynchCanyonOpenSpace,467.15,FT,LC14FT,RCLC14F,LC,Riparian,11,20220412,2014,8,Medium,2,,2.26,2.26,2.16,0.1,4.4,95.6,46.03,56.26,0.46,53.9,21.2,24.9,46.1,5.38,0.31,101.41,2.29,0.31,2.26,101.05,4.69,0.3349,0.3384,4.7437,,NA,15.15,584.09,0.44,semi_arid,DRY,38.18719,-122.193,0.04,0.77,1.21,0.03,22.6,30,10,82.04,1745,-1160.91,8328.7,78.41,3.63,4.42
RCLC15TC01,C,LynchCanyonOpenSpace,726.03,TC,LC15TC,RCLC15T,LC,UplandOak,1,20220413,2015,7,Medium,0,,2.4,2.4,0.41,1.99,82.99,17.01,30.7,72.11,0.31,28.6,47.5,23.9,71.4,5.41,0.23,98.67,2.36,0.23,2.39,101.4,1.33,0.15,0.152,1.35,Dequarantined,NA,15.35,631.22,0.44,semi_arid,DRY,38.18908,-122.206,0.82,0.17,1.3,0.09,24,30,10,93.6,1745,-1113.78,8229.04,15.99,77.61,82.92
RCLC15TC02,C,LynchCanyonOpenSpace,726.03,TC,LC15TC,RCLC15T,LC,UplandOak,2,20220413,2015,7,Medium,0,,2.56,2.56,0.29,2.27,88.74,11.26,30.02,74.25,0.3,31.5,45,23.5,68.5,5.41,0.28,101.08,2.59,0.28,2.56,99.48,0.96,0.1,0.099,0.96,,NA,15.35,631.22,0.44,semi_arid,DRY,38.18909,-122.206,0.94,0.12,1.08,0.09,25.6,30,10,82.94,1745,-1113.78,8229.04,9.4,73.55,88.68
RCLC15TC03,C,LynchCanyonOpenSpace,726.03,TC,LC15TC,RCLC15T,LC,UplandOak,3,20220413,2015,7,Medium,0,,2.46,2.46,0.36,2.1,85.46,14.54,27.72,75.09,0.28,29.4,47.5,23.1,70.6,5.43,0.23,99.5,2.44,0.23,2.45,99.74,1.29,0.117,0.117,1.29,,NA,15.35,631.22,0.44,semi_arid,DRY,38.18909,-122.206,0.87,0.15,1.54,0.09,24.6,30,10,113.65,1745,-1113.78,8229.04,16.63,97.02,85.37
RCLC15TC04,C,LynchCanyonOpenSpace,726.03,TC,LC15TC,RCLC15T,LC,UplandOak,4,20220413,2015,7,Medium,0,,2.45,2.45,0.43,2.02,82.56,17.44,27.93,74.67,0.28,30,45,25,70,5.37,0.26,99.41,2.43,0.25,2.44,100.65,1.53,0.127,0.128,1.54,,NA,15.35,631.22,0.44,semi_arid,DRY,38.18936,-122.205,0.84,0.18,1.66,0.09,24.5,30,10,122.01,1745,-1113.78,8229.04,21.41,100.6,82.45
RCLC15TC05,C,LynchCanyonOpenSpace,726.03,TC,LC15TC,RCLC15T,LC,UplandOak,5,20220413,2015,7,Medium,0,,2.82,2.82,0.64,2.18,77.44,22.56,23.13,79.66,0.23,22.5,52.5,25,77.5,5.58,0.26,100.98,2.84,0.26,2.81,102.23,2.75,0.278,0.284,2.81,high texture,NA,15.35,631.22,0.44,semi_arid,DRY,38.18924,-122.205,0.9,0.26,0.67,0.09,28.2,30,10,56.68,1745,-1113.78,8229.04,12.86,43.82,77.31
RCLC15TC06,C,LynchCanyonOpenSpace,726.03,TC,LC15TC,RCLC15T,LC,UplandOak,6,20220413,2015,7,Medium,0,,2.36,2.36,0.38,1.98,83.91,16.09,31.64,72.2,0.32,34.5,40,25.5,65.5,5.49,0.25,99.81,2.35,0.25,2.35,99.35,1.2,0.128,0.127,1.19,,NA,15.35,631.22,0.44,semi_arid,DRY,38.18918,-122.205,0.82,0.16,1.43,0.09,23.6,30,10,101.24,1745,-1113.78,8229.04,16.3,84.94,83.9
RCLC15TC07,C,LynchCanyonOpenSpace,726.03,TC,LC15TC,RCLC15T,LC,UplandOak,7,20220413,2015,7,Medium,0,,2.63,2.63,0.34,2.29,87.03,12.97,27.29,73.77,0.27,36.7,37.5,25.8,63.3,5.44,0.28,98.83,2.6,0.28,2.63,98.72,1.25,0.104,0.103,1.23,high texture,NA,15.35,631.22,0.44,semi_arid,DRY,38.18938,-122.205,0.95,0.14,1.48,0.09,26.3,30,10,116.77,1745,-1113.78,8229.04,15.1,101.68,87.08
RCLC15TC08,C,LynchCanyonOpenSpace,726.03,TC,LC15TC,RCLC15T,LC,UplandOak,8,20220413,2015,7,Medium,0,,2.58,2.58,0.51,2.07,80.13,19.87,34.87,68.5,0.35,36.1,40,23.9,63.9,5.55,0.24,100.11,2.58,0.24,2.58,100.81,1.47,0.143,0.144,1.49,,NA,15.35,631.22,0.44,semi_arid,DRY,38.18946,-122.205,0.86,0.21,1.51,0.09,25.8,30,10,116.87,1745,-1113.78,8229.04,23.1,93.77,80.23
RCLC15TC09,C,LynchCanyonOpenSpace,726.03,TC,LC15TC,RCLC15T,LC,UplandOak,9,20220413,2015,7,Medium,0,,2.48,2.48,0.79,1.69,68.04,31.96,37.57,65.78,0.38,38.7,35,26.4,61.4,5.52,0.22,101.03,2.5,0.23,2.47,101.26,2.11,0.182,0.184,2.14,,NA,15.35,631.22,0.44,semi_arid,DRY,38.18948,-122.205,0.7,0.33,1.61,0.09,24.8,30,10,119.78,1745,-1113.78,8229.04,38.16,81.63,68.15
RCLC15TC10,C,LynchCanyonOpenSpace,726.03,TC,LC15TC,RCLC15T,LC,UplandOak,10,20220413,2015,7,Medium,0,,2.82,2.82,0.43,2.39,84.76,15.24,36.73,65.82,0.37,39.2,35,25.8,60.8,5.4,0.29,99.2,2.8,0.29,2.82,99.22,1.17,0.127,0.126,1.16,,NA,15.35,631.22,0.44,semi_arid,DRY,38.18951,-122.205,0.99,0.18,1.48,0.09,28.2,30,10,125.21,1745,-1113.78,8229.04,19.09,106.12,84.75
RCLC15TC11,C,LynchCanyonOpenSpace,726.03,TC,LC15TC,RCLC15T,LC,UplandOak,11,20220413,2015,7,Medium,0,,2.68,2.68,0.47,2.21,82.54,17.46,30,67.82,0.3,38.5,30,31.5,61.5,5.47,0.25,99.3,2.66,0.25,2.68,101.11,1.56,0.129,0.131,1.58,high texture,NA,15.35,631.22,0.44,semi_arid,DRY,38.18957,-122.205,0.91,0.19,1.39,0.09,26.8,30,10,111.76,1745,-1113.78,8229.04,19.6,92.16,82.46
RCLC15TT01,T,LynchCanyonOpenSpace,308.92,TT,LC15TT,RCLC15T,LC,UplandOak,1,20220413,2015,7,Medium,1,,3.06,3.06,0.28,2.78,90.87,9.13,34.07,68.86,0.34,38.1,35,27,62,5.95,0.27,98.76,3.02,0.27,3.06,102.21,0.82,0.082,0.084,0.84,,NA,15.35,631.22,0.44,semi_arid,DRY,38.18884,-122.206,1.14,0.12,1.42,0.05,30.6,30,10,130.36,1745,-1113.78,8229.04,11.93,118.43,90.85
RCLC15TT02,T,LynchCanyonOpenSpace,308.92,TT,LC15TT,RCLC15T,LC,UplandOak,2,20220413,2015,7,Medium,0,,3.36,3.36,0.29,3.07,91.33,8.67,34.69,69.02,0.35,36.7,37.5,25.8,63.3,5.77,0.96,100.64,3.39,0.96,3.37,99.79,0.84,0.079,0.079,0.84,,NA,15.35,631.22,0.44,semi_arid,DRY,38.18876,-122.206,1.26,0.12,1.2,0.05,33.6,30,10,120.96,1745,-1113.78,8229.04,10.44,110.52,91.37
RCLC15TT03,T,LynchCanyonOpenSpace,308.92,TT,LC15TT,RCLC15T,LC,UplandOak,3,20220413,2015,7,Medium,1,,3.29,3.29,0.29,3,91.05,8.95,34.64,66.61,0.35,37.3,40,22.7,62.7,5.98,0.32,98.83,3.25,0.31,3.29,99.88,0.85,0.092,0.092,0.85,,NA,15.35,631.22,0.44,semi_arid,DRY,38.18881,-122.206,1.23,0.12,1.45,0.05,32.9,30,10,143.12,1745,-1113.78,8229.04,12.62,130.5,91.18
RCLC15TT04,T,LynchCanyonOpenSpace,308.92,TT,LC15TT,RCLC15T,LC,UplandOak,4,20220413,2015,7,Medium,0,,2.96,2.96,0.29,2.67,90.1,9.9,36.19,68.66,0.36,39.5,32.5,28.1,60.6,5.94,0.3,100.08,2.96,0.3,2.96,100.88,0.81,0.075,0.076,0.81,,NA,15.35,631.22,0.44,semi_arid,DRY,38.18884,-122.205,1.1,0.12,1.48,0.05,29.6,30,10,131.42,1745,-1113.78,8229.04,12.88,118.55,90.21
RCLC15TT05,T,LynchCanyonOpenSpace,308.92,TT,LC15TT,RCLC15T,LC,UplandOak,5,20220413,2015,7,Medium,1,,2.55,2.55,0.14,2.41,94.44,5.56,24.46,76.61,0.24,27.2,47.5,25.3,72.8,5.44,0.25,101.47,2.58,0.26,2.54,102.8,0.58,0.058,0.059,0.6,,NA,15.35,631.22,0.44,semi_arid,DRY,38.18902,-122.205,0.99,0.06,1.41,0.05,25.5,30,10,107.87,1745,-1113.78,8229.04,5.92,101.94,94.5
RCLC15TT06,T,LynchCanyonOpenSpace,308.92,TT,LC15TT,RCLC15T,LC,UplandOak,6,20220413,2015,7,Medium,2,,2.38,2.38,0.29,2.09,87.71,12.29,32.86,71.73,0.33,35.9,40,24.2,64.2,5.47,0.24,100.1,2.39,0.24,2.39,101.6,0.89,0.096,0.097,0.91,,NA,15.35,631.22,0.44,semi_arid,DRY,38.18904,-122.205,0.86,0.12,0.93,0.05,23.8,30,10,66.4,1745,-1113.78,8229.04,8.09,58.31,87.82
RCLC15TT07,T,LynchCanyonOpenSpace,308.92,TT,LC15TT,RCLC15T,LC,UplandOak,7,20220413,2015,7,Medium,1,,2.68,2.68,0.32,2.36,88.13,11.87,37.87,65.07,0.38,40.8,30,29.3,59.3,5.45,0.26,100.44,2.69,0.26,2.68,101.05,0.84,0.075,0.076,0.85,,NA,15.35,631.22,0.44,semi_arid,DRY,38.18909,-122.205,0.97,0.13,1.33,0.05,26.8,30,10,106.93,1745,-1113.78,8229.04,12.77,94.16,88.06
RCLC15TT08,T,LynchCanyonOpenSpace,308.92,TT,LC15TT,RCLC15T,LC,UplandOak,8,20220413,2015,7,Medium,0,,2.5,2.5,0.37,2.13,85.28,14.72,36.07,67.85,0.36,38.6,37.5,24,61.5,5.43,0.24,101.03,2.52,0.24,2.49,99.82,1.02,0.109,0.108,1.02,,NA,15.35,631.22,0.44,semi_arid,DRY,38.18928,-122.205,0.88,0.15,1.51,0.05,25,30,10,113.25,1745,-1113.78,8229.04,16.76,96.49,85.2
RCLC15TT09,T,LynchCanyonOpenSpace,308.92,TT,LC15TT,RCLC15T,LC,UplandOak,9,20220413,2015,7,Medium,2,,2.02,2.02,0.13,1.89,93.32,6.68,39.67,63.25,0.4,41.7,30,28.3,58.3,5.62,0.19,100.37,2.02,0.19,2.01,98.98,0.34,0.067,0.066,0.34,,NA,15.35,631.22,0.44,semi_arid,DRY,38.18902,-122.205,0.78,0.05,1.53,0.05,20.2,30,10,92.72,1745,-1113.78,8229.04,5.97,86.75,93.56
RCLC15TT10,T,LynchCanyonOpenSpace,308.92,TT,LC15TT,RCLC15T,LC,UplandOak,10,20220413,2015,7,Medium,1,,2.82,2.82,0.26,2.56,90.84,9.16,35.89,67.48,0.36,38.7,40,21.4,61.4,5.44,0.29,101.38,2.86,0.29,2.82,101.1,0.72,0.067,0.068,0.73,,NA,15.35,631.22,0.44,semi_arid,DRY,38.18926,-122.205,1.05,0.11,1.27,0.05,28.2,30,10,107.44,1745,-1113.78,8229.04,9.91,97.54,90.79
RCLC15TT11,T,LynchCanyonOpenSpace,308.92,TT,LC15TT,RCLC15T,LC,UplandOak,11,20220413,2015,7,Medium,0,,2.51,2.51,0.41,2.1,83.54,16.46,37.57,64.58,0.38,39,32.5,28.6,61.1,5.42,0.23,101.46,2.55,0.23,2.51,101.74,1.1,0.124,0.126,1.12,,NA,15.35,631.22,0.44,semi_arid,DRY,38.18933,-122.205,0.86,0.17,1.52,0.05,25.1,30,10,114.46,1745,-1113.78,8229.04,18.7,95.76,83.66
RCLM15FC01,C,LongMeadowRanch,349.29,FC,LM15FC,RCLM15F,LM,Riparian,1,20220215,2015,7,Medium,0,,3.77,3.77,0.94,2.83,75.11,24.89,56.88,46.2,0.57,56.3,17.5,26.2,43.7,5.24,0.38,98.99,3.73,0.38,3.77,99.21,1.65,0.058,0.058,1.64,,NA,13.03,905.84,0.67,humid,WET,38.243,-122.9,0.84,0.28,0.72,0.05,37.7,30,10,81.43,1444,-538.16,13942.65,20.3,61.13,75.07
RCLM15FC02,C,LongMeadowRanch,349.29,FC,LM15FC,RCLM15F,LM,Riparian,2,20220215,2015,7,Medium,0,,2.56,2.56,0.61,1.95,76.2,23.8,56.41,47.1,0.56,55,13.7,31.3,45,5.37,0.23,98.83,2.53,0.23,2.56,101.59,1.08,0.142,0.141,1.1,,NA,13.03,905.84,0.67,humid,WET,38.24306,-122.9,0.58,0.18,0.77,0.05,25.6,30,10,59.14,1444,-538.16,13942.65,14.09,45.05,76.18
RCLM15FC03,C,LongMeadowRanch,349.29,FC,LM15FC,RCLM15F,LM,Riparian,3,20220215,2015,7,Medium,0,,2.6,2.6,0.76,1.84,70.88,29.12,67.6,35.57,0.68,67.1,10,22.9,32.9,5.45,0.25,98.89,2.57,0.25,2.6,100.86,1.12,0.073,0.075,1.13,,NA,13.03,905.84,0.67,humid,WET,38.24308,-122.9,0.55,0.23,1.2,0.05,26,30,10,93.6,1444,-538.16,13942.65,27.36,66.24,70.77
RCLM15FC04,C,LongMeadowRanch,349.29,FC,LM15FC,RCLM15F,LM,Riparian,4,20220215,2015,7,Medium,0,,1.89,1.89,0.85,1.04,55.25,44.75,81.33,21.64,0.81,78.2,5,16.8,21.8,4.83,0.19,101.55,1.92,0.19,1.89,99.71,1.04,0.091,0.092,1.04,,NA,13.03,905.84,0.67,humid,WET,38.24322,-122.9,0.31,0.25,1.04,0.05,18.9,30,10,58.97,1444,-538.16,13942.65,26.52,32.45,55.03
RCLM15FC05,C,LongMeadowRanch,349.29,FC,LM15FC,RCLM15F,LM,Riparian,5,20220215,2015,7,Medium,0,,2.15,2.15,0.73,1.42,65.94,34.06,76.28,26.73,0.76,75.9,5,19.2,24.2,4.81,0.2,101.66,2.19,0.2,2.15,101.52,0.96,0.093,0.092,0.98,,NA,13.03,905.84,0.67,humid,WET,38.2432,-122.9,0.42,0.22,0.97,0.05,21.5,30,10,62.57,1444,-538.16,13942.65,21.24,41.32,66.04
RCLM15FC06,C,LongMeadowRanch,349.29,FC,LM15FC,RCLM15F,LM,Riparian,6,20220215,2015,7,Medium,0,,3.68,3.68,0.69,2.99,81.32,18.68,55.88,47.02,0.56,54.9,15,30.1,45.1,5.61,0,100.34,3.69,0,3.68,NA,1.23,NA,NA,NA,,NA,13.03,905.84,0.67,humid,WET,38.2431,-122.9,0.89,0.2,1.1,0.05,36.8,30,10,121.44,1444,-538.16,13942.65,22.77,98.67,81.25
RCLM15FC07,C,LongMeadowRanch,349.29,FC,LM15FC,RCLM15F,LM,Riparian,7,20220215,2015,7,Medium,0,,2.64,2.64,1.24,1.4,53.12,46.88,74.11,29.08,0.74,78.2,6.3,15.6,21.9,5.14,0.23,98.82,2.61,0.23,2.64,101,1.67,0.073,0.074,1.68,,NA,13.03,905.84,0.67,humid,WET,38.24323,-122.9,0.42,0.37,0.75,0.05,26.4,30,10,59.4,1444,-538.16,13942.65,27.9,31.5,53.03
RCLM15FC08,C,LongMeadowRanch,349.29,FC,LM15FC,RCLM15F,LM,Riparian,8,20220215,2015,7,Medium,0,,1.41,1.41,0.29,1.12,79.63,20.37,71.8,30.83,0.72,77.5,6.2,16.2,22.4,5.75,0.12,99.26,1.4,0.12,1.41,99.14,0.4,0.137,0.139,0.39,,NA,13.03,905.84,0.67,humid,WET,38.24329,-122.9,0.33,0.09,1.05,0.05,14.1,30,10,44.42,1444,-538.16,13942.65,9.14,35.28,79.42
RCLM15FC09,C,LongMeadowRanch,349.29,FC,LM15FC,RCLM15F,LM,Riparian,9,20220215,2015,7,Medium,0,,2.17,2.17,0.66,1.51,69.66,30.34,67.88,35.03,0.68,69.8,7.5,22.8,30.3,5.13,0.21,99.43,2.16,0.21,2.17,99.5,0.97,0.063,0.062,0.96,,NA,13.03,905.84,0.67,humid,WET,38.2432,-122.9,0.45,0.2,1.06,0.05,21.7,30,10,69.01,1444,-538.16,13942.65,20.99,48.02,69.58
RCLM15FC10,C,LongMeadowRanch,349.29,FC,LM15FC,RCLM15F,LM,Riparian,10,20220215,2015,7,Medium,4,,1.34,1.34,0.49,0.85,63.34,36.66,74.43,28.2,0.74,76.9,6.3,16.9,23.2,5.7,0.11,101.13,1.36,0.11,1.34,101.61,0.66,0.082,0.082,0.67,,NA,13.03,905.84,0.67,humid,WET,38.24329,-122.9,0.25,0.15,1.21,0.05,13.4,30,10,48.64,1444,-538.16,9973.3,17.79,30.86,63.45
RCLM15FC11,C,LongMeadowRanch,349.29,FC,LM15FC,RCLM15F,LM,Riparian,11,20220215,2015,7,Medium,0,,1.34,1.34,0.3,1.04,77.93,22.07,48.49,54.71,0.48,48.7,17.5,33.8,51.3,5.32,0.13,99.9,1.34,0.13,1.34,100.72,0.61,0.068,0.07,0.61,,NA,13.03,905.84,0.67,humid,WET,38.24329,-122.901,0.31,0.09,1,0.05,13.4,30,10,40.2,1434,-528.16,13942.65,9,31.2,77.61
RCLM15FT01,T,LongMeadowRanch,351.98,FT,LM15FT,RCLM15F,LM,Riparian,1,20220215,2015,7,Medium,0,,1.6,1.6,0.62,0.98,61.17,38.83,78.64,24.13,0.79,85.3,2.5,12.2,14.7,4.96,0.19,98.89,1.58,0.19,1.6,99.34,0.79,0.074,0.073,0.79,,NA,13.03,905.84,0.67,humid,WET,38.24353,-122.898,0.29,0.18,0.78,0.05,16,30,10,37.44,1444,-538.16,13942.65,14.51,22.93,61.24
RCLM15FT02,T,LongMeadowRanch,351.98,FT,LM15FT,RCLM15F,LM,Riparian,2,20220215,2015,7,Medium,0,,2.29,2.29,0.46,1.83,79.84,20.16,65.02,37.46,0.65,68.6,10,21.4,31.4,5.13,0.25,100.24,2.29,0.26,2.29,100.31,0.71,0.072,0.072,0.71,,NA,13.03,905.84,0.67,humid,WET,38.24346,-122.898,0.54,0.14,0.89,0.05,22.9,30,10,61.14,1444,-538.16,13942.65,12.28,48.86,79.91
RCLM15FT03,T,LongMeadowRanch,351.98,FT,LM15FT,RCLM15F,LM,Riparian,3,20220215,2015,7,Medium,0,,2.15,2.15,0.44,1.71,79.6,20.4,63.57,38.93,0.64,65.2,15,19.8,34.8,5.7,0.24,101.93,2.19,0.24,2.15,98.82,0.69,0.064,0.063,0.68,,NA,13.03,905.84,0.67,humid,WET,38.2433,-122.898,0.51,0.13,1.1,0.05,21.5,30,10,70.95,1444,-538.16,13942.65,14.52,56.43,79.53
RCLM15FT04,T,LongMeadowRanch,351.98,FT,LM15FT,RCLM15F,LM,Riparian,4,20220215,2015,7,Medium,0,,1.56,1.56,0.37,1.19,76.37,23.63,76.81,26.09,0.77,79.6,10,10.4,20.4,4.59,0.15,101.73,1.59,0.15,1.56,98.81,0.48,0.045,0.045,0.48,,NA,13.03,905.84,0.67,humid,WET,38.2432,-122.899,0.35,0.11,0.99,0.05,15.6,30,10,46.33,1444,-538.16,13942.65,10.99,35.34,76.28
RCLM15FT05,T,LongMeadowRanch,351.98,FT,LM15FT,RCLM15F,LM,Riparian,5,20220215,2015,7,Medium,0,,1.29,1.29,0.33,0.96,74.14,25.86,79.44,23.37,0.79,81.1,10,8.9,18.9,4.81,0.18,100.5,1.3,0.18,1.29,100.51,0.42,0.065,0.065,0.42,,NA,13.03,905.84,0.67,humid,WET,38.24317,-122.899,0.29,0.1,0.9,0.05,12.9,30,10,34.83,1444,-538.16,13942.65,8.91,25.92,74.42
RCLM15FT06,T,LongMeadowRanch,351.98,FT,LM15FT,RCLM15F,LM,Riparian,6,20220215,2015,7,Medium,0,,3.16,3.16,0.65,2.51,79.33,20.67,61.03,41.91,0.61,62.5,15,22.6,37.6,5.96,0.27,100.99,3.19,0.27,3.16,99.52,1.07,0.069,0.069,1.07,,NA,13.03,905.84,0.67,humid,WET,38.24307,-122.899,0.75,0.19,0.83,0.05,31.6,30,10,78.68,1444,-538.16,13942.65,16.19,62.5,79.44
RCLM15FT07,T,LongMeadowRanch,351.98,FT,LM15FT,RCLM15F,LM,Riparian,7,20220215,2015,7,Medium,0,,3.07,3.07,0.44,2.63,85.58,14.42,57.51,45.83,0.58,58.1,17.5,24.4,41.9,5.49,0.31,99.48,3.05,0.31,3.07,102.01,0.77,0.301,0.3,0.78,,NA,13.03,905.84,0.67,humid,WET,38.243,-122.899,0.78,0.13,1.23,0.05,30.7,30,10,113.28,1444,-538.16,13942.65,16.24,97.05,85.67
RCLM15FT08,T,LongMeadowRanch,351.98,FT,LM15FT,RCLM15F,LM,Riparian,8,20220215,2015,7,Medium,0,,3.75,3.75,0.72,3.03,80.86,19.14,60.33,43.33,0.6,57.6,20,22.4,42.4,5.58,0.39,100.37,3.77,0.4,3.75,98.72,1.19,0.052,0.053,1.17,,NA,13.03,905.84,0.67,humid,WET,38.24302,-122.899,0.9,0.21,0.86,0.05,37.5,30,10,96.75,1444,-538.16,13942.65,18.58,78.17,80.8
RCLM15FT09,T,LongMeadowRanch,351.98,FT,LM15FT,RCLM15F,LM,Riparian,9,20220215,2015,7,Medium,0,,3.66,3.66,0.71,2.95,80.61,19.39,59.13,44.67,0.59,56.1,25,18.9,43.9,5.45,0.39,99.74,3.65,0.39,3.66,101.46,1.2,0.127,0.125,1.22,,NA,13.03,905.84,0.67,humid,WET,38.24302,-122.899,0.88,0.21,0.94,0.05,36.6,30,10,103.21,1444,-538.16,13942.65,20.02,83.19,80.6
RCLM15FT10,T,LongMeadowRanch,351.98,FT,LM15FT,RCLM15F,LM,Riparian,10,20220215,2015,7,Medium,0,,3.21,3.21,0.68,2.53,78.81,21.19,55.75,47.56,0.56,55.3,22.5,22.3,44.8,5.65,0.33,100.74,3.23,0.33,3.21,101.41,1.22,0.105,0.107,1.24,,NA,13.03,905.84,0.67,humid,WET,38.24302,-122.9,0.75,0.2,1.06,0.05,32.1,30,10,102.08,1444,-538.16,13942.65,21.62,80.45,78.81
RCLM15FT11,T,LongMeadowRanch,351.98,FT,LM15FT,RCLM15F,LM,Riparian,11,20220215,2015,7,Medium,3,,1.72,1.72,0.23,1.49,86.79,13.21,58.26,44.28,0.58,59.9,22.5,17.6,40.1,5.63,0.22,98.33,1.69,0.22,1.72,101.03,0.39,0.118,0.119,0.39,,NA,13.03,905.84,0.67,humid,WET,38.24312,-122.899,0.44,0.07,1.3,0.05,17.2,30,10,67.08,1444,-538.16,13942.65,8.97,58.11,86.63
RCMC16FC01,C,McKenzieTableMountainPreserve,207.74,FC,MC16FC,RCMC16F,MC,Riparian,1,20220607,2016,6,Medium,0,,2.53,2.53,0.33,2.2,87.02,12.98,65.66,35.59,0.66,71.2,10,18.8,28.8,6.46,0.19,99.14,2.51,0.19,2.53,99.53,0.5,0.083,0.083,0.49,,NA,17.24,470.04,0.23,semi_arid,DRY,37.00087,-119.592,0.98,0.15,1.23,0.08,25.3,30,10,93.36,2125,-1654.96,4268.26,12.18,81.18,86.95
RCMC16FC02,C,McKenzieTableMountainPreserve,207.74,FC,MC16FC,RCMC16F,MC,Riparian,2,20220607,2016,6,Medium,2,,1.41,1.41,0.16,1.25,88.84,11.16,71.51,31.66,0.72,76.3,8.7,15,23.7,6.88,0.15,99.57,1.41,0.15,1.41,102.53,0.22,0.064,0.065,0.22,,NA,17.24,470.04,0.23,semi_arid,DRY,37.00088,-119.592,0.56,0.07,1.51,0.08,14.1,30,10,63.87,2125,-1654.96,4268.26,7.25,56.63,88.66
RCMC16FC03,C,McKenzieTableMountainPreserve,207.74,FC,MC16FC,RCMC16F,MC,Riparian,3,20220607,2016,6,Medium,3,,1.14,1.14,0.34,0.8,69.81,30.19,80.04,22.07,0.8,82.4,6.2,11.3,17.5,6.76,0.11,99.63,1.14,0.11,1.14,100.31,0.43,0.028,0.028,0.43,,NA,17.24,470.04,0.23,semi_arid,DRY,37.00089,-119.592,0.36,0.15,1.45,0.08,11.4,30,10,49.59,2125,-1654.96,4268.26,14.79,34.8,70.18
RCMC16FC04,C,McKenzieTableMountainPreserve,207.74,FC,MC16FC,RCMC16F,MC,Riparian,4,20220607,2016,6,Medium,1,,0.94,0.94,0.09,0.85,90.54,9.46,74.07,28.42,0.74,77,10,13,23,6.51,0.1,100.44,0.94,0.1,0.94,99.02,0.12,0.022,0.022,0.12,,NA,17.24,470.04,0.23,semi_arid,DRY,37.00076,-119.592,0.38,0.04,1.51,0.08,9.4,30,10,42.58,2125,-1654.96,4268.26,4.08,38.51,90.44
RCMC16FC05,C,McKenzieTableMountainPreserve,207.74,FC,MC16FC,RCMC16F,MC,Riparian,5,20220607,2016,6,Medium,1,,0.43,0.43,0.2,0.23,53.52,46.48,80.43,22.26,0.8,82.8,7.5,9.7,17.2,6.28,0.02,98.5,0.42,0.01,0.43,100.54,0.25,0.08,0.079,0.25,,NA,17.24,470.04,0.23,semi_arid,DRY,37.00075,-119.592,0.1,0.09,1.38,0.08,4.3,30,10,17.8,2125,-1654.96,4268.26,8.28,9.52,53.48
RCMC16FC06,C,McKenzieTableMountainPreserve,207.74,FC,MC16FC,RCMC16F,MC,Riparian,6,20220607,2016,6,Medium,2,,1.16,1.16,0.24,0.92,79.01,20.99,81.17,21.31,0.81,82.1,8.7,9.1,17.8,6.44,0.1,98.46,1.15,0.1,1.16,99.55,0.3,0.043,0.043,0.3,,NA,17.24,470.04,0.23,semi_arid,DRY,37.0007,-119.592,0.41,0.11,1.81,0.08,11.6,30,10,62.99,2125,-1654.96,4268.26,13.03,49.96,79.31
RCMC16FC07,C,McKenzieTableMountainPreserve,207.74,FC,MC16FC,RCMC16F,MC,Riparian,7,20220607,2016,6,Medium,3,,0.95,0.95,0.29,0.66,69.7,30.3,84.66,17.56,0.85,84.5,6.2,9.2,15.4,6.84,0.11,102.05,0.97,0.11,0.95,102.54,0.34,0.031,0.032,0.34,,NA,17.24,470.04,0.23,semi_arid,DRY,37.00066,-119.592,0.29,0.13,1.5,0.08,9.5,30,10,42.23,2125,-1654.96,4268.26,12.89,29.34,69.48
RCMC16FC08,C,McKenzieTableMountainPreserve,207.74,FC,MC16FC,RCMC16F,MC,Riparian,8,20220607,2016,6,Medium,4,,1.08,1.08,0.16,0.92,85.01,14.99,85.23,17.26,0.85,85.2,6.3,8.6,14.9,7.14,0.12,98.82,1.07,0.12,1.08,102.77,0.19,0.025,0.026,0.2,,NA,17.24,470.04,0.23,semi_arid,DRY,37.00065,-119.592,0.41,0.07,1.5,0.08,10.8,30,10,47.95,2125,-1654.96,4268.26,7.1,40.85,85.19
RCMC16FC09,C,McKenzieTableMountainPreserve,207.74,FC,MC16FC,RCMC16F,MC,Riparian,9,20220607,2016,6,Medium,2,,1.09,1.09,0.15,0.94,86.06,13.94,84.4,17.48,0.84,87.6,6.2,6.1,12.3,7.17,0.13,98.97,1.08,0.12,1.09,101.26,0.18,0.044,0.044,0.18,,NA,17.24,470.04,0.23,semi_arid,DRY,37.0006,-119.592,0.42,0.07,1.5,0.08,10.9,30,10,48.4,2125,-1654.96,4268.26,6.66,41.74,86.24
RCMC16FC10,C,McKenzieTableMountainPreserve,207.74,FC,MC16FC,RCMC16F,MC,Riparian,10,20220607,2016,6,Medium,0,,0.55,0.55,0.28,0.27,49.93,50.07,88.83,12.69,0.89,89.8,3.7,6.5,10.2,6.73,0.06,101.64,0.56,0.07,0.55,100.9,0.31,0.051,0.051,0.31,,NA,17.24,470.04,0.23,semi_arid,DRY,37.00056,-119.592,0.12,0.12,1.5,0.08,5.5,30,10,24.42,2125,-1654.96,4268.26,12.43,11.99,49.1
RCMC16FC11,C,McKenzieTableMountainPreserve,207.74,FC,MC16FC,RCMC16F,MC,Riparian,11,20220607,2016,6,Medium,0,,0.24,0.24,0.18,0.06,24.4,75.6,91.27,12.71,0.91,92.2,3.7,4.1,7.8,6.11,0.09,98.33,0.24,0.09,0.24,98.37,0.2,0.09,0.084,0.2,was redone,NA,17.24,470.04,0.23,semi_arid,DRY,37.0005,-119.592,0.03,0.08,1.5,0.08,2.4,30,10,10.66,2125,-1654.96,4153.74,7.99,2.66,24.95
RCMC16FT01,T,McKenzieTableMountainPreserve,113.02,FT,MC16FT,RCMC16F,MC,Riparian,1,20220607,2016,6,Medium,0,,1.21,1.21,0.99,0.22,18.25,81.75,83.83,18.1,0.84,85.9,7.5,6.7,14.2,6.31,0.11,100.3,1.21,,1.21,99.94,1.18,0.38,0.376,4.02,Still neg,NA,17.24,470.04,0.23,semi_arid,DRY,36.98653,-119.597,0.08,0.36,1.2,0.1,12.1,30,10,43.41,2134,-1663.96,4153.74,35.52,7.89,18.18
RCMC16FT02,T,McKenzieTableMountainPreserve,113.02,FT,MC16FT,RCMC16F,MC,Riparian,2,20220607,2016,6,Medium,2,,1.46,1.46,0.46,1,68.65,31.35,83.21,19.11,0.83,84.3,7.5,8.3,15.8,6.4,0.13,99.68,1.46,0.13,1.46,100.58,0.55,0.052,0.052,0.55,,NA,17.24,470.04,0.23,semi_arid,DRY,36.98652,-119.597,0.36,0.17,1.25,0.1,14.6,30,10,54.75,2134,-1663.96,4153.74,17.25,37.5,68.49
RCMC16FT03,T,McKenzieTableMountainPreserve,113.02,FT,MC16FT,RCMC16F,MC,Riparian,3,20220607,2016,6,Medium,0,,0.65,0.65,0.19,0.46,71.44,28.56,88.39,13.67,0.88,90.1,7.4,2.5,9.9,6.42,0.1,99.03,0.65,0.1,0.65,101.36,0.21,0.028,0.028,0.21,,NA,17.24,470.04,0.23,semi_arid,DRY,36.98645,-119.597,0.17,0.07,1.2,0.1,6.5,30,10,23.32,2134,-1663.96,4153.74,6.82,16.5,70.75
RCMC16FT04,T,McKenzieTableMountainPreserve,113.02,FT,MC16FT,RCMC16F,MC,Riparian,4,20220607,2016,6,Medium,0,,0.54,0.54,0.08,0.46,85.44,14.56,87.35,14.76,0.87,89.7,10,0.3,10.3,6.44,0.06,102.35,0.55,0.06,0.54,100.89,0.09,0.036,0.037,0.09,,NA,17.24,470.04,0.23,semi_arid,DRY,36.98642,-119.597,0.17,0.03,1.2,0.1,5.4,30,10,19.44,2134,-1663.96,4153.74,2.88,16.56,85.19
RCMC16FT05,T,McKenzieTableMountainPreserve,113.02,FT,MC16FT,RCMC16F,MC,Riparian,5,20220607,2016,6,Medium,3,,0.19,0.19,0.18,0.01,7.36,92.64,88.01,15.36,0.88,89.4,5,5.6,10.6,6.45,0.07,98.9,0.19,0.07,0.19,101.02,0.2,0.029,0.03,0.2,redo POM from new POM,NA,17.24,470.04,0.23,semi_arid,DRY,36.98639,-119.597,0,0.06,1.2,0.1,1.9,30,10,6.84,2134,-1663.96,4153.74,6.48,0.36,5.26
RCMC16FT06,T,McKenzieTableMountainPreserve,113.02,FT,MC16FT,RCMC16F,MC,Riparian,6,20220607,2016,6,Medium,2,,0.79,0.79,0.13,0.66,83.03,16.97,85.96,16.51,0.86,87,7.5,5.5,13,6.34,0.15,100.53,0.79,0.15,0.79,100.16,0.16,0.01,0.012,0.16,,NA,17.24,470.04,0.23,semi_arid,DRY,36.98635,-119.597,0.24,0.05,1.2,0.1,7.9,30,10,28.44,2134,-1663.96,4153.74,4.68,23.76,83.54
RCMC16FT07,T,McKenzieTableMountainPreserve,113.02,FT,MC16FT,RCMC16F,MC,Riparian,7,20220607,2016,6,Medium,1,,1.54,1.54,0.4,1.14,73.88,26.12,75.89,26.17,0.76,79.9,10,10.1,20.1,6.97,0.18,102.16,1.57,0.18,1.54,102.83,0.53,0.047,0.049,0.55,,NA,17.24,470.04,0.23,semi_arid,DRY,36.98636,-119.598,0.41,0.14,1.16,0.1,15.4,30,10,53.59,2134,-1663.96,4153.74,13.92,39.67,74.03
RCMC16FT08,T,McKenzieTableMountainPreserve,113.02,FT,MC16FT,RCMC16F,MC,Riparian,8,20220607,2016,6,Medium,4,,1.25,1.25,0.44,0.81,64.72,35.28,84.81,17.41,0.85,85.5,7.5,7.1,14.6,6,0.15,100.82,1.26,0.15,1.25,100.39,0.52,0.044,0.044,0.52,,NA,17.24,470.04,0.23,semi_arid,DRY,36.98632,-119.598,0.29,0.16,1.09,0.1,12.5,30,10,40.88,2134,-1663.96,4153.74,14.39,26.49,64.8
RCMC16FT09,T,McKenzieTableMountainPreserve,113.02,FT,MC16FT,RCMC16F,MC,Riparian,9,20220607,2016,6,Medium,2,,1.01,1.01,0.41,0.6,59.35,40.65,82.11,20.35,0.82,83.9,9.9,6.2,16.1,7.09,0.14,100.48,1.02,0.14,1.01,99.06,0.5,0.42,0.411,3.51,Still neg,NA,17.24,470.04,0.23,semi_arid,DRY,36.98628,-119.598,0.22,0.15,0.95,0.1,10.1,30,10,28.79,2134,-1663.96,4153.74,11.69,17.1,59.4
RCMC16FT10,T,McKenzieTableMountainPreserve,113.02,FT,MC16FT,RCMC16F,MC,Riparian,10,20220607,2016,6,Medium,0,,0.7,0.7,0.2,0.5,70.73,29.27,83.96,18.92,0.84,84.3,7.5,8.2,15.7,6.37,0.16,101.77,0.71,0.17,0.7,101.38,0.24,0.01,0.007,0.25,,NA,17.24,470.04,0.23,semi_arid,DRY,36.98623,-119.598,0.18,0.07,1.53,0.1,7,30,10,32.13,2134,-1663.96,4153.74,9.18,22.95,71.43
RCMC16FT11,T,McKenzieTableMountainPreserve,113.02,FT,MC16FT,RCMC16F,MC,Riparian,11,20220607,2016,6,Medium,0,,2.08,2.08,0.62,1.46,70.17,29.83,78.55,24.11,0.79,81.8,7.4,10.8,18.2,6.66,0.18,100.52,2.09,0.18,2.08,100.84,0.79,0.09,0.091,0.8,,NA,17.24,470.04,0.23,semi_arid,DRY,36.98645,-119.597,0.53,0.22,1.2,0.1,20.8,30,10,74.88,2134,-1663.96,4153.74,22.32,52.56,70.19
RCMU00FC01,C,MurphyRanch,241.11,FC,MU00FC,RCMU00F,MU,Riparian,1,20220419,2000,22,Old,0,,1.03,1.03,0.11,0.92,89.73,10.27,58.72,45.2,0.59,64.7,15,20.3,35.3,5.83,0.18,99.34,1.02,0.18,1.03,102.39,0.18,0.035,0.0356,0.18,Dequarantined,NA,13.32,892.95,0.61,dry_sub,WET,38.25791,-122.854,0.37,0.04,1.34,0.06,10.3,30,10,41.41,1497,-604.05,10555.91,4.42,36.98,89.3
RCMU00FC02,C,MurphyRanch,241.11,FC,MU00FC,RCMU00F,MU,Riparian,2,20220419,2000,22,Old,0,,1.07,1.07,0.3,0.77,72.04,27.96,73.73,29.17,0.74,79.1,10,10.9,20.9,5.55,0.11,100.82,1.08,0.11,1.07,101.56,0.41,0.034,0.0342,0.41,,NA,13.32,892.95,0.61,dry_sub,WET,38.25793,-122.854,0.31,0.12,1.43,0.06,10.7,30,10,45.9,1497,-604.05,10555.91,12.87,33.03,71.96
RCMU00FC03,C,MurphyRanch,241.11,FC,MU00FC,RCMU00F,MU,Riparian,3,20220419,2000,22,Old,0,,0.95,0.95,0.27,0.68,71.94,28.06,72.27,31.05,0.72,76.2,12.5,11.3,23.8,5.34,0.11,99.53,0.95,0.11,0.95,102.28,0.37,0.034,0.0345,0.38,,NA,13.32,892.95,0.61,dry_sub,WET,38.25776,-122.854,0.27,0.11,1.4,0.06,9.5,30,10,39.9,1497,-604.05,10555.91,11.34,28.56,71.58
RCMU00FC04,C,MurphyRanch,241.11,FC,MU00FC,RCMU00F,MU,Riparian,4,20220419,2000,22,Old,0,,1.45,1.45,0.41,1.04,71.82,28.18,74.22,29.07,0.74,78.5,10,11.6,21.6,5.39,0.14,100.34,1.46,0.14,1.45,100.84,0.55,0.04,0.0405,0.56,,NA,13.32,892.95,0.61,dry_sub,WET,38.25775,-122.854,0.42,0.16,1.09,0.06,14.5,30,10,47.42,1497,-604.05,10555.91,13.41,34.01,71.72
RCMU00FC05,C,MurphyRanch,241.11,FC,MU00FC,RCMU00F,MU,Riparian,5,20220419,2000,22,Old,0,,1.62,1.62,0.44,1.18,72.79,27.21,66.96,36.61,0.67,72.2,12.5,15.4,27.9,5.31,0.21,98.31,1.59,0.21,1.62,98.61,0.66,0.087,0.0857,0.65,,NA,13.32,892.95,0.61,dry_sub,WET,38.25794,-122.855,0.47,0.18,1.29,0.06,16.2,30,10,62.69,1497,-604.05,10555.91,17.03,45.67,72.85
RCMU00FC06,C,MurphyRanch,241.11,FC,MU00FC,RCMU00F,MU,Riparian,6,20220419,2000,22,Old,0,,1.15,1.15,0.21,0.94,81.49,18.51,55.39,47.77,0.55,60.3,12.5,27.3,39.8,5.53,0.12,101.33,1.17,0.12,1.15,98.77,0.38,0.03,0.0297,0.38,,NA,13.32,892.95,0.61,dry_sub,WET,38.25775,-122.855,0.38,0.08,1.48,0.06,11.5,30,10,51.06,1497,-604.05,10555.91,9.32,41.74,81.75
RCMU00FC07,C,MurphyRanch,241.11,FC,MU00FC,RCMU00F,MU,Riparian,7,20220419,2000,22,Old,0,,1.41,1.41,0.8,0.61,43.04,56.96,77.38,23.88,0.77,80.2,10,9.8,19.8,5.01,0.13,100.37,1.42,0.13,1.41,100.98,1.04,0.129,0.1302,1.05,,NA,13.32,892.95,0.61,dry_sub,WET,38.25791,-122.855,0.25,0.32,1.31,0.06,14.1,30,10,55.41,1497,-604.05,10555.91,31.44,23.97,43.26
RCMU00FC08,C,MurphyRanch,241.11,FC,MU00FC,RCMU00F,MU,Riparian,8,20220419,2000,22,Old,0,,2.26,2.26,0.6,1.66,73.36,26.64,48.04,54.45,0.48,54.8,17.5,27.7,45.2,5,0.28,100,2.26,0.28,2.26,99.52,1.25,0.153,0.1525,1.25,high texture,NA,13.32,892.95,0.61,dry_sub,WET,38.25803,-122.855,0.67,0.24,1.43,0.06,22.6,30,10,96.95,1497,-604.05,10555.91,25.74,71.21,73.45
RCMU00FC09,C,MurphyRanch,241.11,FC,MU00FC,RCMU00F,MU,Riparian,9,20220419,2000,22,Old,0,,0.81,0.81,0.3,0.51,62.77,37.23,78.21,23.28,0.78,80.7,8.7,10.6,19.3,5.6,0.2,100.49,0.81,0.06,0.81,100.64,0.39,0.06,0.056,0.39,,NA,13.32,892.95,0.61,dry_sub,WET,38.25797,-122.855,0.21,0.12,1.59,0.06,8.1,30,10,38.64,1497,-604.05,10555.91,14.31,24.33,62.97
RCMU00FC10,C,MurphyRanch,241.11,FC,MU00FC,RCMU00F,MU,Riparian,10,20220419,2000,22,Old,0,,1.29,1.29,0.25,1.04,80.77,19.23,68.22,34.01,0.68,70.2,12.5,17.3,29.8,5.75,0.13,99.88,1.29,0.13,1.29,99.36,0.36,0.077,0.0768,0.36,,NA,13.32,892.95,0.61,dry_sub,WET,38.25785,-122.856,0.42,0.1,0.86,0.06,12.9,30,10,33.28,1497,-604.05,10555.91,6.45,26.83,80.62
RCMU00FC11,C,MurphyRanch,241.11,FC,MU00FC,RCMU00F,MU,Riparian,11,20220419,2000,22,Old,0,,1.03,1.03,0.2,0.83,80.52,19.48,80.26,23.58,0.8,80,10,10.1,20.1,5.47,0.11,101.5,1.05,0.11,1.03,NA,0.25,NA,NA,NA,,NA,13.32,892.95,0.61,dry_sub,WET,38.25803,-122.856,0.33,0.08,1.48,0.06,10.3,30,10,45.73,1497,-604.05,10555.91,8.88,36.85,80.58
RCMU00FT01,T,MurphyRanch,143.7,FT,MU00FT,RCMU00F,MU,Riparian,1,20220420,2000,22,Old,4,,2.18,2.18,0.15,2.03,93,7,19.6,83.09,0.2,23.6,32.5,44,76.5,5.97,0.26,99.21,2.16,0.26,2.18,101.63,0.78,0.062,0.063,0.7915,,NA,13.56,853.2,0.61,dry_sub,WET,38.25964,-122.85,0.72,0.05,1.36,0.05,21.8,30,10,88.94,1507,-653.8,10747.52,6.12,82.82,93.12
RCMU00FT02,T,MurphyRanch,143.7,FT,MU00FT,RCMU00F,MU,Riparian,2,20220420,2000,22,Old,4,,2.34,2.34,0.19,2.15,91.67,8.33,10.79,91.37,0.11,13.6,35,51.4,86.4,5.92,0.29,100.32,2.34,0.29,2.34,101.32,1.81,0.112,0.114,1.8293,,NA,13.56,853.2,0.61,dry_sub,WET,38.25946,-122.85,0.77,0.07,1.26,0.05,23.4,30,10,88.45,1507,-653.8,10747.52,7.18,81.27,91.88
RCMU00FT03,T,MurphyRanch,143.7,FT,MU00FT,RCMU00F,MU,Riparian,3,20220420,2000,22,Old,4,,1.9,1.9,0.55,1.35,71.1,28.9,64.53,39.04,0.65,66.1,17.5,16.4,33.9,5.72,0.19,101.65,1.94,0.2,1.9,99.2,0.85,0.078,0.077,0.8445,,NA,13.56,853.2,0.61,dry_sub,WET,38.25923,-122.85,0.48,0.2,1.11,0.05,19,30,10,63.27,1507,-653.8,10747.52,18.32,44.96,71.06
RCMU00FT04,T,MurphyRanch,143.7,FT,MU00FT,RCMU00F,MU,Riparian,4,20220420,2000,22,Old,4,,1.24,1.24,0.23,1.01,81.83,18.17,51.31,51.31,0.51,52.7,25,22.3,47.3,6.03,0.18,99.67,1.23,0.18,1.24,100.56,0.44,0.054,0.055,0.4414,,NA,13.56,853.2,0.61,dry_sub,WET,38.25913,-122.85,0.36,0.08,1.06,0.05,12.4,30,10,39.43,1507,-653.8,10747.52,7.31,32.12,81.46
RCMU00FT05,T,MurphyRanch,143.7,FT,MU00FT,RCMU00F,MU,Riparian,5,20220420,2000,22,Old,4,,2.43,2.43,0.55,1.88,77.41,22.59,49.72,53.76,0.5,51.6,22.5,25.9,48.4,5.75,0.22,101.66,2.47,0.22,2.43,100.02,1.1,0.098,0.098,1.1038,,NA,13.56,853.2,0.61,dry_sub,WET,38.25902,-122.85,0.67,0.2,0.99,0.05,24.3,30,10,72.17,1507,-653.8,10747.52,16.34,55.84,77.37
RCMU00FT06,T,MurphyRanch,143.7,FT,MU00FT,RCMU00F,MU,Riparian,6,20220420,2000,22,Old,1,,2.38,2.38,0.29,2.09,87.92,12.08,32.15,71.59,0.32,36.6,30,33.4,63.4,5.39,0.27,100.58,2.4,0.27,2.38,98.47,0.89,0.092,0.09,0.8802,,NA,13.56,853.2,0.61,dry_sub,WET,38.25907,-122.85,0.75,0.1,1.48,0.05,23.8,30,10,105.67,1507,-653.8,10747.52,12.88,92.8,87.82
RCMU00FT07,T,MurphyRanch,143.7,FT,MU00FT,RCMU00F,MU,Riparian,7,20220420,2000,22,Old,2,,2.57,2.57,0.37,2.2,85.57,14.43,21.99,81.39,0.22,26.9,32.5,40.6,73.1,5.23,0.33,101.45,2.6,0.33,2.57,100,1.69,0.125,0.125,1.6857,,NA,13.56,853.2,0.61,dry_sub,WET,38.2589,-122.85,0.79,0.13,1.22,0.05,25.7,30,10,94.06,1507,-653.8,10747.52,13.54,80.52,85.6
RCMU00FT08,T,MurphyRanch,143.7,FT,MU00FT,RCMU00F,MU,Riparian,8,20220420,2000,22,Old,4,,2.12,2.12,0.5,1.62,76.4,23.6,33.57,69.82,0.34,34.6,30,35.4,65.4,5.83,0.24,99.4,2.11,0.23,2.12,99.43,1.49,0.085,0.0844,1.48,,NA,13.56,853.2,0.61,dry_sub,WET,38.25892,-122.85,0.58,0.18,1.16,0.05,21.2,30,10,73.78,1507,-653.8,10747.52,17.4,56.38,76.42
RCMU00FT09,T,MurphyRanch,143.7,FT,MU00FT,RCMU00F,MU,Riparian,9,20220420,2000,22,Old,0,,1.94,1.94,0.58,1.36,70.28,29.72,55.34,48.16,0.55,56.5,20,23.5,43.5,5.78,0.22,102.54,1.99,0.23,1.94,100.07,1.04,0.076,0.0764,1.04,,NA,13.56,853.2,0.61,dry_sub,WET,38.25886,-122.85,0.49,0.21,0.97,0.05,19.4,30,10,56.45,1507,-653.8,10747.52,16.88,39.58,70.12
RCMU00FT10,T,MurphyRanch,143.7,FT,MU00FT,RCMU00F,MU,Riparian,10,20220420,2000,22,Old,4,,2.15,2.15,0.35,1.8,83.68,16.32,46.93,56.42,0.47,48.7,25,26.3,51.3,5.69,0.21,101.67,2.18,0.21,2.15,102.7,0.75,0.044,0.0449,0.77,,NA,13.56,853.2,0.61,dry_sub,WET,38.25879,-122.85,0.64,0.12,1.15,0.05,21.5,30,10,74.18,1507,-653.8,10747.52,12.08,62.1,83.72
RCMU00FT11,T,MurphyRanch,143.7,FT,MU00FT,RCMU00F,MU,Riparian,11,20220420,2000,22,Old,3,,1.13,1.13,0.15,0.98,86.64,13.36,42.43,61.87,0.42,48.4,27.5,24.2,51.7,5.73,0.16,100.33,1.13,0.16,1.13,99.71,0.36,0.024,0.0235,0.35,,NA,13.56,853.2,0.61,dry_sub,WET,38.2588,-122.85,0.35,0.05,1.35,0.05,11.3,30,10,45.77,1507,-653.8,10747.52,6.08,39.69,86.72
RCNC95TC01,C,NorthChapmanRanch,473.61,TC,NC95TC,RCNC95T,NC,UplandOak,1,20220222,1995,27,Old,0,,0.94,0.94,0.29,0.65,68.78,31.22,15.95,83.66,0.16,16.8,45,38.3,83.3,7.57,0.15,100.46,0.95,0.15,0.95,102.57,1.84,0.139,0.143,1.8874,,NA,16.86,616.04,0.3,semi_arid,DRY,38.6033,-122.011,0.23,0.1,1.2,0.04,9.4,30,10,33.84,1910,-1293.96,4724.26,10.44,23.4,69.15
RCNC95TC02,C,NorthChapmanRanch,473.61,TC,NC95TC,RCNC95T,NC,UplandOak,2,20220222,1995,27,Old,0,,0.92,0.92,0.13,0.79,85.91,14.09,16.83,84.36,0.17,17.8,47.5,34.8,82.3,7.92,0.15,98.31,0.9,0.14,0.92,98.64,0.77,0.731,0.721,0.7596,,NA,16.86,616.04,0.3,semi_arid,DRY,38.60336,-122.012,0.28,0.05,1.2,0.04,9.2,30,10,33.12,1910,-1293.96,4724.26,4.68,28.44,85.87
RCNC95TC03,C,NorthChapmanRanch,473.61,TC,NC95TC,RCNC95T,NC,UplandOak,3,20220222,1995,27,Old,0,,1.31,1.31,0.21,1.1,83.77,16.23,21.37,79.77,0.21,23.3,45,31.7,76.7,7.12,0.16,101.35,1.33,0.16,1.31,99.28,1,0.083,0.083,0.9877,,NA,16.86,616.04,0.3,semi_arid,DRY,38.60362,-122.012,0.4,0.08,1.2,0.04,13.1,30,10,47.16,1910,-1293.96,3930.43,7.56,39.6,83.97
RCNC95TC04,C,NorthChapmanRanch,473.61,TC,NC95TC,RCNC95T,NC,UplandOak,4,20220222,1995,27,Old,0,,0.93,0.93,0.17,0.76,82.11,17.89,20.88,78.74,0.21,23.8,45,31.2,76.2,6.74,0.15,100.94,0.94,0.15,0.93,102.21,0.8,0.081,0.083,0.8146,,NA,16.86,616.04,0.3,semi_arid,DRY,38.60384,-122.012,0.27,0.06,1.2,0.04,9.3,30,10,33.48,1910,-1293.96,3930.43,6.12,27.36,81.72
RCNC95TC05,C,NorthChapmanRanch,473.61,TC,NC95TC,RCNC95T,NC,UplandOak,5,20220222,1995,27,Old,0,,0.72,0.72,0.1,0.62,85.63,14.37,24.07,78.08,0.24,24.5,30,45.6,75.6,7.12,0.09,99.92,0.72,0.09,0.72,99.38,0.43,0.02,0.019,0.43,,NA,16.86,616.04,0.3,semi_arid,DRY,38.60383,-122.011,0.22,0.04,1.2,0.04,7.2,30,10,25.92,1910,-1293.96,3930.43,3.6,22.32,86.11
RCNC95TC06,C,NorthChapmanRanch,473.61,TC,NC95TC,RCNC95T,NC,UplandOak,6,20220222,1995,27,Old,0,,1.24,1.24,0.36,0.88,70.83,29.17,13.29,86.9,0.13,16.5,52.5,31.1,83.6,7.31,0.15,100.03,1.24,0.15,1.24,100.3,2.72,0.176,0.176,2.7298,,NA,16.86,616.04,0.3,semi_arid,DRY,38.60403,-122.011,0.32,0.13,1.2,0.04,12.4,30,10,44.64,1910,-1293.96,3930.43,12.96,31.68,70.97
RCNC95TC07,C,NorthChapmanRanch,473.61,TC,NC95TC,RCNC95T,NC,UplandOak,7,20220222,1995,27,Old,0,,0.91,0.91,0.08,0.83,91.64,8.36,27.76,71.48,0.28,14.7,40,45.3,85.3,7.17,0.13,102.72,0.93,0.14,0.91,100.11,0.27,0.01,0.013,0.27,HIGH POM,NA,16.86,616.04,0.3,semi_arid,DRY,38.604,-122.012,0.3,0.03,1.2,0.04,9.1,30,10,32.76,1910,-1293.96,3930.43,2.88,29.88,91.21
RCNC95TC08,C,NorthChapmanRanch,473.61,TC,NC95TC,RCNC95T,NC,UplandOak,8,20220222,1995,27,Old,0,,1.04,1.04,0.16,0.88,84.19,15.81,21.55,75.8,0.22,30,42.5,27.5,70,6.98,0.16,99.61,1.03,0.16,1.03,101.4,0.76,0.058,0.059,0.774,high texture,NA,16.88,594.87,0.3,semi_arid,DRY,38.60444,-122.012,0.32,0.06,1.2,0.04,10.4,30,10,37.44,1910,-1315.13,3930.43,5.76,31.68,84.62
RCNC95TC09,C,NorthChapmanRanch,473.61,TC,NC95TC,RCNC95T,NC,UplandOak,9,20220222,1995,27,Old,0,,1.26,1.26,0.21,1.05,83.57,16.43,18.37,83.52,0.18,21.7,40,38.3,78.3,6.73,0.13,101.48,1.28,0.13,1.26,100.27,1.13,0.092,0.092,1.1304,,NA,16.88,594.87,0.3,semi_arid,DRY,38.60461,-122.012,0.38,0.08,1.2,0.04,12.6,30,10,45.36,1910,-1315.13,3930.43,7.56,37.8,83.33
RCNC95TC10,C,NorthChapmanRanch,473.61,TC,NC95TC,RCNC95T,NC,UplandOak,10,20220222,1995,27,Old,0,,1.01,1.01,0.14,0.87,85.93,14.07,20.93,80.43,0.21,23,40,37,77,6.78,0.15,99.72,1.01,0.15,1.01,99.68,0.68,0.061,0.061,0.6766,,NA,16.88,594.87,0.3,semi_arid,DRY,38.60487,-122.012,0.31,0.05,1.2,0.04,10.1,30,10,36.36,1910,-1315.13,3930.43,5.04,31.32,86.14
RCNC95TC11,C,NorthChapmanRanch,473.61,TC,NC95TC,RCNC95T,NC,UplandOak,11,20220222,1995,27,Old,0,,1.65,1.65,0.34,1.31,79.52,20.48,12.6,85.11,0.13,14.1,45,41,86,7.15,0.18,100.67,1.66,0.18,1.65,101.04,2.68,0.196,0.198,2.7094,,NA,16.88,594.87,0.3,semi_arid,DRY,38.60485,-122.012,0.47,0.12,1.2,0.04,16.5,30,10,59.4,1910,-1315.13,3930.43,12.24,47.16,79.39
RCNC95TT01,T,NorthChapmanRanch,189.44,TT,NC95TT,RCNC95T,NC,UplandOak,1,20220221,1995,27,Old,0,,0.95,0.95,0.15,0.8,83.69,16.31,19.61,80.04,0.2,20.5,45,34.5,79.5,6.58,0.15,102.37,0.98,0.15,0.96,98.64,0.79,0.083,0.082,0.78,,NA,16.86,616.04,0.3,semi_arid,DRY,38.60044,-122.012,0.3,0.06,1.29,0.02,9.5,30,10,36.77,1910,-1293.96,4130.3,5.81,30.96,84.2
RCNC95TT02,T,NorthChapmanRanch,189.44,TT,NC95TT,RCNC95T,NC,UplandOak,2,20220221,1995,27,Old,4,,0.95,0.95,0.11,0.84,87.99,12.01,23.77,73.58,0.24,27.9,42.5,29.6,72.1,6.35,0.12,99.42,0.94,0.11,0.95,101.16,0.48,0.043,0.043,0.49,,NA,16.86,616.04,0.3,semi_arid,DRY,38.60057,-122.012,0.32,0.04,1.24,0.02,9.5,30,10,35.34,1910,-1293.96,4130.3,4.09,31.25,88.43
RCNC95TT03,T,NorthChapmanRanch,189.44,TT,NC95TT,RCNC95T,NC,UplandOak,3,20220221,1995,27,Old,0,,1.23,1.23,0.3,0.93,75.65,24.35,22.02,78.51,0.22,22.8,47.5,29.7,77.2,7.27,0.12,101.05,1.25,0.13,1.24,98.65,1.36,0.106,0.104,1.34,,NA,16.86,616.04,0.3,semi_arid,DRY,38.60066,-122.012,0.35,0.11,1.3,0.02,12.3,30,10,46.68,1910,-1293.96,4130.3,11.39,35.29,75.6
RCNC95TT04,T,NorthChapmanRanch,189.44,TT,NC95TT,RCNC95T,NC,UplandOak,4,20220221,1995,27,Old,3,,1.12,1.12,0.41,0.71,63.64,36.36,22.75,79.92,0.23,23.2,47.5,29.3,76.8,7.21,0.15,101.27,1.13,0.16,1.12,99.55,1.79,0.119,0.119,1.78,,NA,16.86,616.04,0.3,semi_arid,DRY,38.60087,-122.012,0.27,0.15,1.3,0.02,11.2,30,10,43.68,1910,-1293.96,4130.3,15.99,27.69,63.39
RCNC95TT05,T,NorthChapmanRanch,189.44,TT,NC95TT,RCNC95T,NC,UplandOak,5,20220221,1995,27,Old,0,,0.79,0.79,0.12,0.67,85.4,14.6,18.6,82.54,0.19,18.8,50,31.2,81.2,7.1,0.08,100.14,0.79,0.08,0.79,101.75,0.62,0.07,0.071,0.63,,NA,16.86,616.04,0.3,semi_arid,DRY,38.60116,-122.012,0.25,0.05,1.3,0.02,7.9,30,10,30.81,1910,-1293.96,4130.3,4.68,26.13,84.81
RCNC95TT06,T,NorthChapmanRanch,189.44,TT,NC95TT,RCNC95T,NC,UplandOak,6,20220221,1995,27,Old,0,,0.9,0.9,0.1,0.8,89.32,10.68,12.66,86.78,0.13,13.5,52.5,34,86.5,7.47,0.15,100.13,0.9,0.15,0.9,100.31,0.76,0.11,0.106,0.76,,NA,16.86,616.04,0.3,semi_arid,DRY,38.60125,-122.012,0.3,0.04,1.3,0.02,9,30,10,35.1,1910,-1293.96,4130.3,3.9,31.2,88.89
RCNC95TT07,T,NorthChapmanRanch,189.44,TT,NC95TT,RCNC95T,NC,UplandOak,7,20220221,1995,27,Old,0,,1.11,1.11,0.5,0.61,55.4,44.6,14.56,85.26,0.15,13.8,48.7,37.5,86.2,7.27,0.16,101.96,1.14,0.16,1.12,99.82,3.4,0.249,0.248,3.39,,NA,16.86,616.04,0.3,semi_arid,DRY,38.6015,-122.012,0.23,0.19,1.3,0.02,11.1,30,10,43.29,1910,-1293.96,4130.3,19.5,23.79,54.95
RCNC95TT08,T,NorthChapmanRanch,189.44,TT,NC95TT,RCNC95T,NC,UplandOak,8,20220221,1995,27,Old,0,,1.09,1.09,0.22,0.87,80.23,19.77,14.56,85.44,0.15,16.2,45,38.8,83.8,7.71,0.17,100.09,1.1,0.17,1.1,99.82,1.48,0.128,0.128,1.47,,NA,16.86,616.04,0.3,semi_arid,DRY,38.60175,-122.013,0.33,0.08,1.3,0.02,10.9,30,10,42.51,1910,-1293.96,4130.3,8.58,33.93,79.82
RCNC95TT09,T,NorthChapmanRanch,189.44,TT,NC95TT,RCNC95T,NC,UplandOak,9,20220221,1995,27,Old,4,,1.43,1.43,0.21,1.22,85.39,14.61,17.31,85.19,0.17,17.9,47.5,34.7,82.2,7.4,0.17,99.63,1.42,0.17,1.43,102.67,1.21,0.085,0.087,1.2389,,NA,16.86,616.04,0.3,semi_arid,DRY,38.60184,-122.012,0.46,0.08,1.3,0.02,14.3,30,10,55.77,1910,-1293.96,4130.3,8.19,47.58,85.31
RCNC95TT10,T,NorthChapmanRanch,189.44,TT,NC95TT,RCNC95T,NC,UplandOak,10,20220221,1995,27,Old,0,,1.11,1.11,0.25,0.86,77.41,22.59,15.74,81.96,0.16,18,52.4,29.6,82,7.04,0.12,100.57,1.11,0.12,1.1,100.74,1.59,0.113,0.114,1.6052,,NA,16.86,616.04,0.3,semi_arid,DRY,38.60094,-122.012,0.33,0.09,1.3,0.02,11.1,30,10,43.29,1910,-1293.96,4130.3,9.75,33.54,77.48
RCNC95TT11,T,NorthChapmanRanch,189.44,TT,NC95TT,RCNC95T,NC,UplandOak,11,20220221,1995,27,Old,0,,1.08,1.08,0.4,0.68,62.76,37.24,14.75,87.36,0.15,16,45,39,84,6.78,0.13,100.05,1.08,0.13,1.08,100.89,2.73,0.206,0.208,2.7507,,NA,16.86,616.04,0.3,semi_arid,DRY,38.60114,-122.012,0.26,0.15,1.3,0.02,10.8,30,10,42.12,1910,-1293.96,4130.3,15.6,26.52,62.96
RCPO93FC01,C,PonciaRanch,345.52,FC,PO93FC,RCPO93F,PO,Riparian,1,20221213,1993,29,Old,0,,2.89,2.89,0.95,1.94,67.24,32.76,34.68,68.99,0.35,68.99,18.7,33.4,52.1,4.83,0.33,100.38,2.9,0.33,2.89,NA,2.73,NA,NA,NA,,NA,13.32,892.95,0.64,dry_sub,WET,38.26752,-122.883,0.56,0.27,0.72,0.06,28.9,30,10,62.42,1483,-590.05,10665.74,20.52,41.9,67.13
RCPO93FC02,C,PonciaRanch,345.52,FC,PO93FC,RCPO93F,PO,Riparian,2,20221213,1993,29,Old,0,,1.73,1.73,0.64,1.09,63.1,36.9,56.99,38.79,0.57,38.79,12.5,24,36.5,5.47,0.23,100.19,1.73,0.23,1.73,NA,1.12,NA,NA,NA,,NA,13.32,892.95,0.64,dry_sub,WET,38.26752,-122.883,0.31,0.18,1.02,0.06,17.3,30,10,52.94,1483,-590.05,10665.74,19.58,33.35,63
RCPO93FC03,C,PonciaRanch,345.52,FC,PO93FC,RCPO93F,PO,Riparian,3,20221213,1993,29,Old,0,,1.78,1.78,1.05,0.73,41.08,58.92,71.79,31.68,0.72,41.2,11.99,19.02,31.01,5.26,0.14,102.02,1.82,0.14,1.78,NA,1.46,NA,NA,NA,missing from sheet,NA,13.32,892.95,0.64,dry_sub,WET,38.26752,-122.883,0.21,0.3,0.54,0.06,17.8,30,10,28.84,1483,-590.05,10665.74,17.01,11.83,41.02
RCPO93FC04,C,PonciaRanch,345.52,FC,PO93FC,RCPO93F,PO,Riparian,4,20221213,1993,29,Old,0,,1.74,1.74,0.53,1.2,69.37,30.63,57.66,46.67,0.58,46.67,13.7,19.9,33.6,5.25,0.24,100.74,1.75,0.24,1.74,NA,0.92,NA,NA,NA,,NA,13.32,892.95,0.64,dry_sub,WET,38.26752,-122.883,0.35,0.15,1.02,0.06,17.4,30,10,53.24,1483,-590.05,10665.74,16.22,36.72,68.97
RCPO93FC05,C,PonciaRanch,345.52,FC,PO93FC,RCPO93F,PO,Riparian,5,20221213,1993,29,Old,0,,0.84,0.84,0.28,0.56,66.5,33.5,77.99,26.57,0.78,26.57,7.5,10.1,17.6,5.33,0.18,101.33,0.85,0.18,0.84,NA,0.36,NA,NA,NA,,NA,13.32,892.95,0.64,dry_sub,WET,38.26752,-122.883,0.16,0.08,0.8,0.06,8.4,30,10,20.16,1483,-590.05,10665.74,6.72,13.44,66.67
RCPO93FC06,C,PonciaRanch,345.52,FC,PO93FC,RCPO93F,PO,Riparian,6,20221213,1993,29,Old,0,,1.63,1.63,0.64,0.98,60.4,39.6,66.18,37.48,0.66,37.48,12.5,16,28.5,5.12,0.14,100.58,1.64,0.14,1.63,NA,0.97,NA,NA,NA,,NA,13.32,892.95,0.64,dry_sub,WET,38.26752,-122.883,0.28,0.18,1.21,0.06,16.3,30,10,59.17,1483,-590.05,10665.74,23.23,35.57,60.11
RCPO93FC07,C,PonciaRanch,345.52,FC,PO93FC,RCPO93F,PO,Riparian,7,20221213,1993,29,Old,0,,1.92,1.92,0.71,1.21,63.18,36.82,50.28,53.78,0.5,53.78,15,23.8,38.8,5.33,0.16,101.44,1.95,0.17,1.92,NA,1.41,NA,NA,NA,,NA,13.32,892.95,0.64,dry_sub,WET,38.26752,-122.883,0.35,0.2,1.01,0.06,19.2,30,10,58.18,1483,-590.05,10665.74,21.51,36.66,63.01
RCPO93FC08,C,PonciaRanch,345.52,FC,PO93FC,RCPO93F,PO,Riparian,8,20221213,1993,29,Old,0,,1.42,1.42,0.44,0.98,69.19,30.81,69.31,33.33,0.69,33.33,10,15.1,25.1,5.2,0.12,99.23,1.41,0.12,1.42,NA,0.63,NA,NA,NA,,NA,13.32,892.95,0.64,dry_sub,WET,38.26752,-122.883,0.28,0.13,1.07,0.06,14.2,30,10,45.58,1483,-590.05,10665.74,14.12,31.46,69.02
RCPO93FC09,C,PonciaRanch,345.52,FC,PO93FC,RCPO93F,PO,Riparian,9,20221213,1993,29,Old,0,,0.65,0.65,0.13,0.52,80.09,19.91,79.34,24.17,0.79,24.17,7.5,8.9,16.4,5.08,0.15,102.41,0.66,0.15,0.65,NA,0.16,NA,NA,NA,,NA,13.32,892.95,0.64,dry_sub,WET,38.26752,-122.883,0.15,0.04,1.07,0.06,6.5,30,10,20.87,1483,-590.05,10665.74,4.17,16.69,79.97
RCPO93FC10,C,PonciaRanch,345.52,FC,PO93FC,RCPO93F,PO,Riparian,10,20221213,1993,29,Old,0,,1.3,1.3,0.54,0.77,58.87,41.13,66.6,36.77,0.67,36.77,10,15.1,25.1,5.48,0.1,102.38,1.33,0.11,1.3,NA,0.8,NA,NA,NA,,NA,13.32,892.95,0.64,dry_sub,WET,38.26752,-122.883,0.22,0.16,0.9,0.06,13,30,10,35.1,1483,-590.05,10665.74,14.58,20.79,59.23
RCPO93FC11,C,PonciaRanch,345.52,FC,PO93FC,RCPO93F,PO,Riparian,11,20221213,1993,29,Old,0,,1.68,1.68,0.65,1.03,61.29,38.71,56.78,45.42,0.57,45.42,12.5,23.9,36.4,5.23,0.14,101.09,1.69,0.14,1.68,NA,1.14,NA,NA,NA,,NA,13.32,892.95,0.64,dry_sub,WET,38.26752,-122.883,0.3,0.19,1.19,0.06,16.8,30,10,59.98,1483,-590.05,10665.74,23.21,36.77,61.3
RCPO93FT01,T,PonciaRanch,135.09,FT,PO93FT,RCPO93F,PO,Riparian,1,20221116,1993,29,Old,0,,1.46,1.46,0.55,0.91,62.61,37.39,34.51,68.28,0.35,68.28,10,54.6,64.6,6.17,0.25,99.28,1.45,0.24,1.46,NA,1.58,NA,NA,NA,,NA,13.32,892.95,0.64,dry_sub,WET,38.26752,-122.883,0.31,0.19,1.45,0.08,14.6,30,10,63.51,1483,-590.05,10665.74,23.93,39.59,62.34
RCPO93FT02,T,PonciaRanch,135.09,FT,PO93FT,RCPO93F,PO,Riparian,2,20221116,1993,29,Old,4,,2.27,2.27,0.45,1.82,80.12,19.88,68.68,33.88,0.69,33.88,12.5,15.6,28.1,5.38,0.15,101.23,2.3,0.15,2.27,NA,0.66,NA,NA,NA,,NA,13.32,892.95,0.64,dry_sub,WET,38.26752,-122.883,0.62,0.15,0.69,0.08,22.7,30,10,46.99,1483,-590.05,10665.74,9.32,37.67,80.17
RCPO93FT03,T,PonciaRanch,135.09,FT,PO93FT,RCPO93F,PO,Riparian,3,20221116,1993,29,Old,2,,0.43,0.43,0.21,0.22,51.64,48.36,31.2,71.43,0.31,71.43,35,29.3,64.3,6.46,0.03,100.37,0.43,0.03,0.43,NA,0.66,NA,NA,NA,,NA,13.32,892.95,0.64,dry_sub,WET,38.26752,-122.883,0.08,0.07,1.4,0.08,4.3,30,10,18.06,1483,-590.05,10665.74,8.82,9.24,51.16
RCPO93FT04,T,PonciaRanch,135.09,FT,PO93FT,RCPO93F,PO,Riparian,4,20221116,1993,29,Old,4,,2.12,2.12,0.72,1.4,66.18,33.82,58.02,44.78,0.58,44.78,12.5,24.8,37.3,5.66,0.3,100.51,2.13,0.3,2.12,NA,1.23,NA,NA,NA,,NA,13.32,892.95,0.64,dry_sub,WET,38.26752,-122.883,0.48,0.25,1.42,0.08,21.2,30,10,90.31,1483,-590.05,10665.74,30.67,59.64,66.04
RCPO93FT05,T,PonciaRanch,135.09,FT,PO93FT,RCPO93F,PO,Riparian,5,20221116,1993,29,Old,1,,2.4,2.4,0.37,2.03,84.56,15.44,27.2,74.86,0.27,74.86,35,36.8,71.8,5.96,0.33,98.58,2.36,0.32,2.4,NA,1.36,NA,NA,NA,,NA,13.32,892.95,0.64,dry_sub,WET,38.26752,-122.883,0.69,0.13,1.34,0.08,24,30,10,96.48,1483,-590.05,10665.74,14.87,81.61,84.59
RCPO93FT06,T,PonciaRanch,135.09,FT,PO93FT,RCPO93F,PO,Riparian,6,20221116,1993,29,Old,3,,2.5,2.5,0.55,1.95,78.18,21.82,35.63,66.79,0.36,66.79,21.3,42.7,64,5.8,0.34,100.67,2.52,0.35,2.5,NA,1.53,NA,NA,NA,,NA,13.32,892.95,0.64,dry_sub,WET,38.26752,-122.883,0.67,0.19,1.39,0.08,25,30,10,104.25,1483,-590.05,10665.74,22.94,81.32,78
RCPO93FT07,T,PonciaRanch,135.09,FT,PO93FT,RCPO93F,PO,Riparian,7,20221116,1993,29,Old,4,,1.81,1.81,0.46,1.34,74.3,25.7,62.21,40.14,0.62,40.14,11.2,19.6,30.8,5.75,0.12,98.46,1.78,0.12,1.81,NA,0.75,NA,NA,NA,,NA,13.32,892.95,0.64,dry_sub,WET,38.26752,-122.883,0.46,0.16,1.11,0.08,18.1,30,10,60.27,1483,-590.05,10665.74,15.32,44.62,74.03
RCPO93FT08,T,PonciaRanch,135.09,FT,PO93FT,RCPO93F,PO,Riparian,8,20221116,1993,29,Old,4,,1.53,1.53,0.46,1.07,70.18,29.82,68.77,33.03,0.69,33.03,10,16.1,26.1,5.55,0.26,100.43,1.54,0.26,1.53,NA,0.66,NA,NA,NA,,NA,13.32,892.95,0.64,dry_sub,WET,38.26752,-122.883,0.37,0.16,0.75,0.08,15.3,30,10,34.43,1483,-590.05,10665.74,10.35,24.08,69.94
RCPO93FT09,T,PonciaRanch,135.09,FT,PO93FT,RCPO93F,PO,Riparian,9,20221116,1993,29,Old,1,,1.06,1.06,0.25,0.81,76.05,23.95,72.29,30.37,0.72,30.37,8.7,14.1,22.8,5.69,0.07,100.75,1.07,0.07,1.06,NA,0.35,NA,NA,NA,,NA,13.32,892.95,0.64,dry_sub,WET,38.26752,-122.883,0.28,0.09,0.96,0.08,10.6,30,10,30.53,1483,-590.05,10665.74,7.2,23.33,76.42
RCPO93FT10,T,PonciaRanch,135.09,FT,PO93FT,RCPO93F,PO,Riparian,10,20221116,1993,29,Old,4,,1.72,1.72,0.27,1.45,84.27,15.73,51.65,50,0.52,50,15,27.6,42.6,5.66,0.13,101.23,1.74,0.13,1.72,NA,0.52,NA,NA,NA,,NA,13.32,892.95,0.64,dry_sub,WET,38.26752,-122.883,0.5,0.09,1.07,0.08,17.2,30,10,55.21,1483,-590.05,10665.74,8.67,46.55,84.31
RCPO93FT11,T,PonciaRanch,135.09,FT,PO93FT,RCPO93F,PO,Riparian,11,20221116,1993,29,Old,0,,1.29,1.29,0.27,1.02,79.08,20.92,63.85,38.67,0.64,38.67,8.7,20.6,29.3,5.34,0.09,99.18,1.28,0.09,1.29,NA,0.42,NA,NA,NA,,NA,13.32,892.95,0.64,dry_sub,WET,38.26752,-122.883,0.35,0.09,0.97,0.08,12.9,30,10,37.54,1483,-590.05,10665.74,7.86,29.68,79.06
RCRI07RC01,C,RichardsGrassfedBeef,,RC,RI07RC,RCRI07R,RI,RangePlanting,1,20220617,2007,15,Old,0,,2.96,2.96,1.56,1.4,47.41,52.59,47.6,54.98,0.48,47.5,18.7,33.8,52.5,5.59,0.28,100.02,2.96,0.28,2.96,98.91,3.27,0.232,0.23,3.23,,NA,16.08,956.08,0.62,dry_sub,WET,39.31188,-121.237,0.6,0.67,1.31,0.06,29.6,30,10,116.33,1834,-877.92,6627.91,61.31,55.02,47.3
RCRI07RC02,C,RichardsGrassfedBeef,,RC,RI07RC,RCRI07R,RI,RangePlanting,2,20220617,2007,15,Old,2,,2.08,2.08,1.5,0.58,27.91,72.09,46.71,56.13,0.47,52.8,15,32.2,47.2,5.71,0.2,99.12,2.06,0.2,2.08,99.72,3.21,0.383,0.382,3.2,,NA,16.08,956.08,0.62,dry_sub,WET,39.31197,-121.237,0.25,0.64,1.39,0.06,20.8,30,10,86.74,1834,-877.92,6627.91,62.55,24.19,27.89
RCRI07RC03,C,RichardsGrassfedBeef,,RC,RI07RC,RCRI07R,RI,RangePlanting,3,20220617,2007,15,Old,0,,2.91,2.91,1.22,1.69,58.23,41.77,46.39,56.32,0.46,42.9,21.2,35.9,57.1,5.94,0.22,100.84,2.94,0.22,2.91,100.78,2.62,0.147,0.148,2.64,,NA,16.08,956.08,0.62,dry_sub,WET,39.31178,-121.237,0.73,0.52,1.2,0.06,29.1,30,10,104.76,1834,-877.92,6627.91,43.92,60.84,58.08
RCRI07RC04,C,RichardsGrassfedBeef,,RC,RI07RC,RCRI07R,RI,RangePlanting,4,20220617,2007,15,Old,0,,3.26,3.26,1.52,1.74,53.39,46.61,49.82,52.7,0.5,42.3,21.2,36.4,57.6,6.33,0.25,100.22,3.26,0.25,3.26,101,3.05,0.156,0.157,3.08,HIGH POM,NA,16.08,956.08,0.62,dry_sub,WET,39.31184,-121.237,0.75,0.65,1.14,0.06,32.6,30,10,111.49,1834,-877.92,6627.91,51.98,59.51,53.38
RCRI07RC05,C,RichardsGrassfedBeef,,RC,RI07RC,RCRI07R,RI,RangePlanting,5,20220617,2007,15,Old,0,,2.82,2.82,1.3,1.52,53.81,46.19,45.54,57.32,0.46,43.3,21.2,35.4,56.6,6.34,0.2,101.52,2.87,0.2,2.82,98.87,2.86,0.169,0.167,2.82,,NA,16.08,956.08,0.62,dry_sub,WET,39.31185,-121.237,0.65,0.56,1.43,0.06,28.2,30,10,120.98,1834,-877.92,6627.91,55.77,65.21,53.9
RCRI07RC06,C,RichardsGrassfedBeef,,RC,RI07RC,RCRI07R,RI,RangePlanting,6,20220617,2007,15,Old,0,,1.59,1.59,0.4,1.19,74.85,25.15,40.81,57.24,0.41,47.6,16.2,36.2,52.4,5.96,0.14,98.84,1.57,0.14,1.59,100.91,0.98,0.081,0.082,0.99,high texture,NA,16.08,956.08,0.62,dry_sub,WET,39.31203,-121.237,0.51,0.17,1.68,0.06,15.9,30,10,80.14,1834,-877.92,6627.91,20.16,59.98,74.84
RCRI07RC07,C,RichardsGrassfedBeef,,RC,RI07RC,RCRI07R,RI,RangePlanting,7,20220617,2007,15,Old,1,,2.92,2.92,1.19,1.73,59.19,40.81,40.53,62.12,0.41,42.5,21.2,36.2,57.4,6.32,0.22,98.71,2.88,0.22,2.92,100.63,2.94,0.175,0.177,2.95,,NA,16.08,956.08,0.62,dry_sub,WET,39.3119,-121.237,0.74,0.51,1.27,0.06,29.2,30,10,111.25,1834,-877.92,6627.91,45.34,65.91,59.24
RCRI07RC08,C,RichardsGrassfedBeef,,RC,RI07RC,RCRI07R,RI,RangePlanting,8,20220617,2007,15,Old,0,,2.29,2.29,0.96,1.33,57.94,42.06,40.81,61.66,0.41,46.5,18.7,34.8,53.5,6.02,0.21,100.84,2.31,0.22,2.29,99.79,2.36,0.194,0.194,2.36,,NA,16.08,956.08,0.62,dry_sub,WET,39.31202,-121.237,0.57,0.41,1.45,0.06,22.9,30,10,99.62,1834,-877.92,6627.91,41.76,57.86,58.08
RCRI07RC09,C,RichardsGrassfedBeef,,RC,RI07RC,RCRI07R,RI,RangePlanting,9,20220617,2007,15,Old,0,,1.47,1.47,0.54,0.93,63,37,41.2,58.61,0.41,50.1,17.5,32.4,49.9,5.4,0.16,100.65,1.48,0.16,1.47,100.17,1.32,0.077,0.077,1.33,high texture,NA,16.08,956.08,0.62,dry_sub,WET,39.31208,-121.237,0.4,0.23,1.69,0.06,14.7,30,10,74.53,1834,-877.92,6627.91,27.38,47.15,63.26
RCRI07RC10,C,RichardsGrassfedBeef,,RC,RI07RC,RCRI07R,RI,RangePlanting,10,20220617,2007,15,Old,0,,1.36,1.36,0.71,0.65,48.15,51.85,40.53,61.95,0.41,45.5,16.3,38.2,54.5,6.14,0.14,101.74,1.38,0.14,1.36,101.39,1.74,0.11,0.112,1.77,HIGH TEXTURE,NA,16.08,956.08,0.62,dry_sub,WET,39.31214,-121.237,0.28,0.3,1.61,0.06,13.6,30,10,65.69,1834,-877.92,6627.91,34.29,31.4,47.8
RCRI07RC11,C,RichardsGrassfedBeef,,RC,RI07RC,RCRI07R,RI,RangePlanting,11,20220617,2007,15,Old,0,,1.61,1.61,0.55,1.06,65.75,34.25,42.75,60.11,0.43,48.2,16.3,35.6,51.9,6.33,0.22,99.65,1.6,0.22,1.61,99.49,1.29,0.079,0.079,1.29,,NA,16.08,956.08,0.62,dry_sub,WET,39.31203,-121.237,0.45,0.24,1.59,0.06,16.1,30,10,76.8,1834,-877.92,7368.87,26.24,50.56,65.83
RCRI07RT01,T,RichardsGrassfedBeef,,RT,RI07RT,RCRI07R,RI,RangePlanting,1,20220617,2007,15,Old,0,,2.58,2.58,0.64,1.94,75.31,24.69,27.58,74.56,0.28,28.5,28.8,42.8,71.6,6.45,0.2,98.91,2.55,0.2,2.58,101.71,2.31,0.162,0.164,2.35,,NA,16.08,956.08,0.62,dry_sub,WET,39.31209,-121.242,0.7,0.23,1.37,0.05,25.8,30,10,106.04,1838,-881.92,7368.87,26.3,79.73,75.19
RCRI07RT02,T,RichardsGrassfedBeef,,RT,RI07RT,RCRI07R,RI,RangePlanting,2,20220617,2007,15,Old,0,,2.93,2.93,0.68,2.25,76.72,23.28,25.74,77.02,0.26,30.9,28.7,40.4,69.1,6.56,0.23,98.52,2.89,0.22,2.93,99.16,2.65,0.138,0.137,2.63,,NA,16.08,956.08,0.62,dry_sub,WET,39.312,-121.242,0.82,0.25,1.23,0.05,29.3,30,10,108.12,1838,-881.92,7368.87,25.09,83.03,76.79
RCRI07RT03,T,RichardsGrassfedBeef,,RT,RI07RT,RCRI07R,RI,RangePlanting,3,20220617,2007,15,Old,0,,2.4,2.4,0.62,1.78,74.07,25.93,30.51,72.02,0.31,32.7,26.2,41.1,67.3,6.76,0.22,100.83,2.42,0.22,2.4,98.48,2.04,0.104,0.102,2.01,,NA,16.08,956.08,0.62,dry_sub,WET,39.31196,-121.242,0.65,0.23,1.32,0.05,24,30,10,95.04,1838,-881.92,7368.87,24.55,70.49,74.17
RCRI07RT04,T,RichardsGrassfedBeef,,RT,RI07RT,RCRI07R,RI,RangePlanting,4,20220617,2007,15,Old,0,,2.58,2.58,0.46,2.12,82.29,17.71,20.68,81.46,0.21,24.9,33.7,41.4,75.1,6.26,0.22,99.66,2.57,0.22,2.58,101.88,2.21,0.109,0.111,2.25,,NA,16.08,956.08,0.62,dry_sub,WET,39.31197,-121.242,0.77,0.17,1.05,0.05,25.8,30,10,81.27,1838,-881.92,7368.87,14.49,66.78,82.17
RCRI07RT05,T,RichardsGrassfedBeef,,RT,RI07RT,RCRI07R,RI,RangePlanting,5,20220617,2007,15,Old,0,,1.81,1.81,0.4,1.41,77.74,22.26,41.11,61.76,0.41,42.9,23.8,33.4,57.2,6.67,0.17,98.87,1.79,0.17,1.81,100.13,0.98,0.087,0.087,0.99,,NA,16.08,956.08,0.62,dry_sub,WET,39.31187,-121.242,0.51,0.15,1.24,0.05,18.1,30,10,67.33,1838,-881.92,7368.87,14.88,52.45,77.9
RCRI07RT06,T,RichardsGrassfedBeef,,RT,RI07RT,RCRI07R,RI,RangePlanting,6,20220617,2007,15,Old,0,,2.96,2.96,0.87,2.09,70.64,29.36,32.19,69.78,0.32,37.8,26.2,36,62.2,6.61,0.23,100.3,2.96,0.23,2.96,100.75,2.7,0.138,0.139,2.72,,NA,16.08,956.08,0.62,dry_sub,WET,39.31189,-121.242,0.76,0.32,0.93,0.05,29.6,30,10,82.58,1838,-881.92,7368.87,24.27,58.31,70.61
RCRI07RT07,T,RichardsGrassfedBeef,,RT,RI07RT,RCRI07R,RI,RangePlanting,7,20220617,2007,15,Old,0,,2.9,2.9,0.63,2.27,78.11,21.89,33.94,68.97,0.34,37,23.7,39.3,63,6.51,0.22,100.4,2.91,0.22,2.9,100.62,1.87,0.148,0.149,1.88,,NA,16.08,956.08,0.62,dry_sub,WET,39.31185,-121.242,0.82,0.23,1.2,0.05,29,30,10,104.4,1838,-881.92,7368.87,22.68,81.72,78.28
RCRI07RT08,T,RichardsGrassfedBeef,,RT,RI07RT,RCRI07R,RI,RangePlanting,8,20220617,2007,15,Old,0,,2.18,2.18,0.74,1.44,65.97,34.03,39.89,63.15,0.4,40.7,26.2,33.1,59.3,6.74,0.21,99.91,2.18,0.2,2.18,98.95,1.86,0.12,0.119,1.84,,NA,16.08,956.08,0.62,dry_sub,WET,39.31178,-121.242,0.52,0.27,1,0.05,21.8,30,10,65.4,1838,-881.92,7368.87,22.2,43.2,66.06
RCRI07RT09,T,RichardsGrassfedBeef,,RT,RI07RT,RCRI07R,RI,RangePlanting,9,20220617,2007,15,Old,0,,2.54,2.54,0.73,1.81,71.18,28.82,40.45,63.82,0.4,40.3,23.7,35.9,59.6,6.7,0.22,101.63,2.58,0.22,2.54,100.22,1.81,0.154,0.154,1.82,,NA,16.08,956.08,0.62,dry_sub,WET,39.31175,-121.242,0.66,0.26,1.37,0.05,25.4,30,10,104.39,1838,-881.92,7368.87,30,74.39,71.26
RCRI07RT10,T,RichardsGrassfedBeef,,RT,RI07RT,RCRI07R,RI,RangePlanting,10,20220617,2007,15,Old,0,,3.03,3.03,0.8,2.23,73.75,26.25,39.37,63.22,0.39,40.7,26.2,33.1,59.3,6.13,0.24,101.03,3.06,0.24,3.03,99.92,2.02,0.125,0.125,2.02,,NA,16.08,956.08,0.62,dry_sub,WET,39.31165,-121.242,0.81,0.29,1.3,0.05,30.3,30,10,118.17,1838,-881.92,7368.87,31.2,86.97,73.6
RCRI07RT11,T,RichardsGrassfedBeef,,RT,RI07RT,RCRI07R,RI,RangePlanting,11,20220617,2007,15,Old,0,,2.46,2.46,1.09,1.37,55.85,44.15,46.41,56.17,0.46,40.2,21.2,38.6,59.8,5.88,0.24,99.39,2.45,0.24,2.46,99.88,2.34,0.209,0.209,2.34,HIGH POM,NA,16.08,956.08,0.62,dry_sub,WET,39.31154,-121.242,0.5,0.4,1.3,0.05,24.6,30,10,95.94,1838,-881.92,7368.87,42.51,53.43,55.69
RCRI17RC01,C,RichardsGrassfedBeef,,RC,RI17RC,RCRI17R,RI,RangePlanting,1,20220616,2017,5,Young,0,,1.51,1.51,0.59,0.92,61.14,38.86,43.54,58.94,0.44,43.7,27.5,28.8,56.3,5.69,0.14,99.99,1.46,0.14,1.46,101.62,1.35,0.143,0.145,1.37,,NA,15.4,1142.57,0.63,dry_sub,WET,39.31799,-121.242,0.41,0.27,1.76,0.04,15.1,30,10,79.73,1829,-686.43,7576.39,31.15,48.58,60.93
RCRI17RC02,C,RichardsGrassfedBeef,,RC,RI17RC,RCRI17R,RI,RangePlanting,2,20220616,2017,5,Young,0,,1.45,1.45,0.59,0.86,59.47,40.53,50.71,47.17,0.51,45.9,25,29.1,54.1,5.89,0.19,100.59,1.46,0.19,1.45,99.59,1.16,0.123,0.122,1.15,,NA,15.4,1142.57,0.63,dry_sub,WET,39.31811,-121.242,0.39,0.27,1.6,0.04,14.5,30,10,69.6,1829,-686.43,7576.39,28.32,41.28,59.31
RCRI17RC03,C,RichardsGrassfedBeef,,RC,RI17RC,RCRI17R,RI,RangePlanting,3,20220616,2017,5,Young,4,,1.98,1.98,0.79,1.19,60.13,39.87,39.01,64.65,0.39,37.6,22.5,40,62.5,5.9,0.22,102.13,1.47,0.22,1.44,100.83,2.02,0.16,0.161,2.03,,NA,15.4,1142.57,0.63,dry_sub,WET,39.31832,-121.242,0.54,0.36,1.38,0.04,19.8,30,10,81.97,1829,-686.43,7576.39,32.71,49.27,60.11
RCRI17RC04,C,RichardsGrassfedBeef,,RC,RI17RC,RCRI17R,RI,RangePlanting,4,20220616,2017,5,Young,4,,2.58,2.58,1.14,1.45,56.05,43.95,38.35,59.63,0.38,42.3,25,32.8,57.8,5.96,0.24,101.73,1.6,0.24,1.57,98.91,2.96,0.182,0.18,2.92,,NA,15.4,1142.57,0.63,dry_sub,WET,39.3183,-121.242,0.65,0.51,1.39,0.04,25.8,30,10,107.59,1829,-686.43,7576.39,47.54,60.47,56.2
RCRI17RC05,C,RichardsGrassfedBeef,,RC,RI17RC,RCRI17R,RI,RangePlanting,5,20220616,2017,5,Young,1,,1.86,1.86,0.72,1.14,61.37,38.63,57.61,45.5,0.58,48.6,25,26.4,51.4,5.75,0.16,100.56,1.64,0.16,1.63,100.75,1.25,0.128,0.129,1.26,HIGH POM,NA,15.4,1142.57,0.63,dry_sub,WET,39.31829,-121.242,0.51,0.32,1.26,0.04,18.6,30,10,70.31,1829,-686.43,7576.39,27.22,43.09,61.29
RCRI17RC06,C,RichardsGrassfedBeef,,RC,RI17RC,RCRI17R,RI,RangePlanting,6,20220616,2017,5,Young,0,,1.47,1.47,0.43,1.04,70.71,29.29,42.99,58.99,0.43,41.8,25,33.2,58.2,6.24,0.15,99.3,1.59,0.15,1.6,99.29,1,0.088,0.087,0.99,,NA,15.4,1142.57,0.63,dry_sub,WET,39.3185,-121.242,0.47,0.19,1.58,0.04,14.7,30,10,69.68,1829,-686.43,7576.39,20.38,49.3,70.75
RCRI17RC07,C,RichardsGrassfedBeef,,RC,RI17RC,RCRI17R,RI,RangePlanting,7,20220616,2017,5,Young,0,,1.48,1.48,0.57,0.92,61.81,38.19,57.25,45.47,0.57,49.2,25,25.8,50.8,6.03,0.15,99.02,1.17,0.15,1.18,,0.99,,,,HIGH POM,NA,15.4,1142.57,0.63,dry_sub,WET,39.31837,-121.242,0.41,0.26,1.38,0.04,14.8,30,10,61.27,1829,-686.43,7576.39,23.6,38.09,62.17
RCRI17RC08,C,RichardsGrassfedBeef,,RC,RI17RC,RCRI17R,RI,RangePlanting,8,20220616,2017,5,Young,0,,1.62,1.62,0.72,0.9,55.57,44.43,56.13,46.71,0.56,50.1,20,29.9,49.9,5.58,0.18,98.85,1.02,0.18,1.03,99.33,1.28,0.109,0.108,1.27,HIGH POM,NA,15.4,1142.57,0.63,dry_sub,WET,39.31838,-121.242,0.41,0.32,1.43,0.04,16.2,30,10,69.5,1829,-686.43,7576.39,30.89,38.61,55.55
RCRI17RC09,C,RichardsGrassfedBeef,,RC,RI17RC,RCRI17R,RI,RangePlanting,9,20220616,2017,5,Young,2,,1.66,1.66,0.53,1.12,67.85,32.15,49.29,53.2,0.49,44.8,20,35.2,55.2,6.04,0.17,99.27,0.99,0.17,1,101.8,1.08,0.099,0.101,1.1,,NA,15.4,1142.57,0.63,dry_sub,WET,39.31865,-121.242,0.5,0.24,1.6,0.04,16.6,30,10,79.68,1829,-686.43,7576.39,25.44,53.76,67.47
RCRI17RC10,C,RichardsGrassfedBeef,,RC,RI17RC,RCRI17R,RI,RangePlanting,10,20220616,2017,5,Young,2,,1.6,1.6,0.69,0.91,56.94,43.06,51.06,51.59,0.51,46.5,31.2,22.3,53.5,6.11,0.16,99.27,1.1,0.16,1.1,100.01,1.35,0.108,0.108,1.35,,NA,15.4,1142.57,0.63,dry_sub,WET,39.31859,-121.242,0.41,0.31,1.62,0.04,16,30,10,77.76,1829,-686.43,7576.39,33.53,44.23,56.88
RCRI17RC11,C,RichardsGrassfedBeef,,RC,RI17RC,RCRI17R,RI,RangePlanting,11,20220616,2017,5,Young,0,,1.71,1.71,0.77,0.94,55,45,48.91,54,0.49,43.9,25,31.2,56.2,5.94,0.19,98.73,0.99,0.18,1,102.3,1.57,0.126,0.129,1.6,,NA,15.4,1142.57,0.63,dry_sub,WET,39.31851,-121.242,0.42,0.35,1.53,0.04,17.1,30,10,78.49,1829,-686.43,7094.83,35.34,43.15,54.98
RCRI17RT01,T,RichardsGrassfedBeef,,RT,RI17RT,RCRI17R,RI,RangePlanting,1,20220616,2017,5,Young,0,,1.76,1.76,0.58,1.18,66.83,33.17,38.66,64.25,0.39,36.5,25,38.5,63.5,6.34,0.14,98.64,1.74,0.14,1.76,98.74,1.51,0.075,0.074,1.49,,NA,15.4,1142.57,0.63,dry_sub,WET,39.32254,-121.247,0.53,0.26,1.46,0.06,17.6,30,10,77.09,1829,-686.43,7094.83,25.4,51.68,67.04
RCRI17RT02,T,RichardsGrassfedBeef,,RT,RI17RT,RCRI17R,RI,RangePlanting,2,20220616,2017,5,Young,3,,1.37,1.37,0.83,0.54,39.09,60.91,36.6,66.36,0.37,35.4,27.5,37.1,64.6,6.22,0.1,100.1,1.37,0.1,1.37,100.36,2.28,0.078,0.078,2.29,,NA,15.4,1142.57,0.63,dry_sub,WET,39.32265,-121.246,0.24,0.38,1.78,0.06,13.7,30,10,73.16,1829,-686.43,7094.83,44.32,28.84,39.42
RCRI17RT03,T,RichardsGrassfedBeef,,RT,RI17RT,RCRI17R,RI,RangePlanting,3,20220616,2017,5,Young,0,,1.03,1.03,0.42,0.61,59.28,40.72,28.73,73.79,0.29,31.5,35,33.5,68.5,6.4,0.12,99.72,1.03,0.12,1.03,99.83,1.46,0.055,0.055,1.46,,NA,15.4,1142.57,0.63,dry_sub,WET,39.32261,-121.247,0.28,0.19,1.5,0.06,10.3,30,10,46.72,1829,-686.43,7094.83,19.05,27.67,59.23
RCRI17RT04,T,RichardsGrassfedBeef,,RT,RI17RT,RCRI17R,RI,RangePlanting,4,20220616,2017,5,Young,0,,1.92,1.92,1.33,0.59,30.48,69.52,37.92,64.87,0.38,36.7,22.5,40.8,63.3,6.38,0.11,99.11,1.9,0.11,1.92,99.33,3.52,0.097,0.096,3.5,,NA,15.4,1142.57,0.63,dry_sub,WET,39.32255,-121.246,0.27,0.6,1.56,0.06,19.2,30,10,89.86,1829,-686.43,7094.83,62.24,27.61,30.73
RCRI17RT05,T,RichardsGrassfedBeef,,RT,RI17RT,RCRI17R,RI,RangePlanting,5,20220616,2017,5,Young,2,,1.45,1.45,0.88,0.57,39.14,60.86,39.05,63.6,0.39,37.9,22.5,39.6,62.1,6.33,0.11,99.25,1.44,0.11,1.45,100.83,2.26,0.071,0.072,2.28,,NA,15.4,1142.57,0.63,dry_sub,WET,39.32274,-121.247,0.26,0.4,1.46,0.06,14.5,30,10,63.51,1829,-686.43,7094.83,38.54,24.97,39.32
RCRI17RT06,T,RichardsGrassfedBeef,,RT,RI17RT,RCRI17R,RI,RangePlanting,6,20220616,2017,5,Young,4,,1.6,1.6,0.61,0.99,61.62,38.38,35.7,67.85,0.36,36.3,30,33.7,63.7,6.21,0.14,100.17,1.61,0.14,1.6,98.73,1.72,0.07,0.069,1.7,,NA,15.4,1142.57,0.63,dry_sub,WET,39.32271,-121.247,0.45,0.28,1.22,0.06,16,30,10,58.56,1829,-686.43,7094.83,22.33,36.23,61.87
RCRI17RT07,T,RichardsGrassfedBeef,,RT,RI17RT,RCRI17R,RI,RangePlanting,7,20220616,2017,5,Young,1,,1.69,1.69,0.78,0.91,53.7,46.3,46.3,56.3,0.46,41.4,20,38.7,58.7,6.05,0.14,100.85,1.7,0.14,1.69,100.21,1.69,0.064,0.064,1.69,,NA,15.4,1142.57,0.63,dry_sub,WET,39.32281,-121.247,0.41,0.35,1.56,0.06,16.9,30,10,79.09,1829,-686.43,7094.83,36.5,42.59,53.85
RCRI17RT08,T,RichardsGrassfedBeef,,RT,RI17RT,RCRI17R,RI,RangePlanting,8,20220616,2017,5,Young,0,,1.92,1.92,0.69,1.23,64.2,35.8,45.6,56.59,0.46,40,22.5,37.5,60,6.15,0.14,98.74,1.46,0.14,1.48,98.55,1.51,0.056,0.055,1.49,HIGH POM,NA,15.4,1142.57,0.63,dry_sub,WET,39.32291,-121.247,0.56,0.31,1.55,0.06,19.2,30,10,89.28,1829,-686.43,7094.83,32.09,57.2,64.07
RCRI17RT09,T,RichardsGrassfedBeef,,RT,RI17RT,RCRI17R,RI,RangePlanting,9,20220616,2017,5,Young,1,,1.17,1.17,0.48,0.69,58.84,41.16,43.84,55.8,0.44,37.8,25,37.2,62.2,6.25,0.1,99.81,2.02,0.1,2.02,100.99,1.1,0.084,0.085,1.11,HIGH POM,NA,15.4,1142.57,0.63,dry_sub,WET,39.32293,-121.247,0.31,0.22,1.38,0.06,11.7,30,10,48.44,1829,-686.43,7094.83,19.87,28.57,58.98
RCRI17RT10,T,RichardsGrassfedBeef,,RT,RI17RT,RCRI17R,RI,RangePlanting,10,20220616,2017,5,Young,0,,0.48,0.48,0.1,0.38,79.19,20.81,27.11,75.27,0.27,30.9,30,39.2,69.2,6.33,0.04,98.85,2.63,0.04,2.66,98.88,0.37,0.07,0.072,0.37,,NA,15.4,1142.57,0.63,dry_sub,WET,39.32297,-121.247,0.17,0.05,1.78,0.06,4.8,30,10,25.63,1829,-686.43,7094.83,5.34,20.29,79.17
RCRI17RT11,T,RichardsGrassfedBeef,,RT,RI17RT,RCRI17R,RI,RangePlanting,11,20220616,2017,5,Young,3,,1.59,1.59,0.89,0.7,44.12,55.88,41.44,61.69,0.41,39.3,22.5,38.2,60.7,6.27,0.09,101.56,1.87,0.09,1.85,100.61,2.15,0.139,0.139,2.17,,NA,15.4,1142.57,0.63,dry_sub,WET,39.32284,-121.247,0.32,0.4,1.37,0.06,15.9,30,10,65.35,1829,-686.43,7094.83,36.58,28.77,44.02
RCRO17RC01,C,RossRanch,,RC,RO17RC,RCRO17R,RO,RangePlanting,1,20220204,2017,5,Young,0,,1.5,1.5,0.53,0.97,64.81,35.19,37.98,64.22,0.38,38.2,32.5,29.3,61.8,5.9,0.24,98.23,1.47,0.23,1.5,98.68,1.39,0.0696,0.07,1.3715,,NA,17.02,1071.04,0.6,dry_sub,WET,40.63395,-122.323,0.42,0.23,1.43,0,15,30,10,64.35,1937,-865.96,4687.04,22.74,41.61,64.66
RCRO17RC02,C,RossRanch,,RC,RO17RC,RCRO17R,RO,RangePlanting,2,20220204,2017,5,Young,0,,1.48,1.48,0.5,0.98,66.45,33.55,39.82,62.73,0.4,37.9,35,27.1,62.1,5.98,0.21,100.66,1.49,0.21,1.48,101.2,1.25,0.1763,0.18,1.2614,,NA,17.02,1071.04,0.6,dry_sub,WET,40.63429,-122.323,0.42,0.21,1.43,0,14.8,30,10,63.49,1937,-865.96,5053.17,21.45,42.04,66.22
RCRO17RC03,C,RossRanch,,RC,RO17RC,RCRO17R,RO,RangePlanting,3,20220204,2017,5,Young,0,,1.28,1.28,0.42,0.86,67.39,32.61,37.23,64.78,0.37,38.5,32.5,29,61.5,5.9,0.23,101.83,1.3,0.23,1.28,98.29,1.12,0.0408,0.04,1.102,,NA,17.02,1071.04,0.6,dry_sub,WET,40.63423,-122.323,0.37,0.18,1.43,0,12.8,30,10,54.91,1937,-865.96,5053.17,18.02,36.89,67.18
RCRO17RC04,C,RossRanch,,RC,RO17RC,RCRO17R,RO,RangePlanting,4,20220204,2017,5,Young,0,,1.05,1.05,0.38,0.67,64.11,35.89,38.57,63.39,0.39,36.7,32.5,30.8,63.3,5.97,0.11,102.37,1.08,0.11,1.05,98.84,0.98,0.1064,0.11,0.9659,,NA,17.02,1071.04,0.6,dry_sub,WET,40.63425,-122.323,0.29,0.16,1.43,0,10.5,30,10,45.05,1937,-865.96,4687.04,16.3,28.74,63.8
RCRO17RC05,C,RossRanch,,RC,RO17RC,RCRO17R,RO,RangePlanting,5,20220204,2017,5,Young,0,,1.11,1.11,0.39,0.72,65.22,34.78,39.86,61.96,0.4,37.3,32.5,30.2,62.7,5.85,0.22,98.66,1.1,0.2,1.11,101.3,0.97,0.1,0.103,0.98,,NA,17.02,1071.04,0.6,dry_sub,WET,40.63397,-122.323,0.31,0.17,1.43,0,11.1,30,10,47.62,1937,-865.96,4687.04,16.73,30.89,64.87
RCRO17RC06,C,RossRanch,,RC,RO17RC,RCRO17R,RO,RangePlanting,6,20220204,2017,5,Young,0,,1.02,1.02,0.36,0.66,65.02,34.98,38.57,63.53,0.39,36.3,32.5,31.2,63.7,6.03,0.27,101.09,1.03,0.08,1.02,100.52,0.93,0.1143,0.11,0.9296,,NA,17.02,1071.04,0.6,dry_sub,WET,40.63394,-122.323,0.28,0.15,1.43,0,10.2,30,10,43.76,1937,-865.96,4687.04,15.44,28.31,64.69
RCRO17RC07,C,RossRanch,,RC,RO17RC,RCRO17R,RO,RangePlanting,7,20220204,2017,5,Young,0,,1.26,1.26,0.51,0.75,59.78,40.22,39.19,63,0.39,38.4,30,31.6,61.6,5.82,0.24,98.39,1.24,0.23,1.26,99.32,1.29,0.055,0.05,1.2837,,NA,17.02,1071.04,0.6,dry_sub,WET,40.63414,-122.323,0.32,0.22,1.43,0,12.6,30,10,54.05,1937,-865.96,5053.17,21.88,32.18,59.54
RCRO17RC08,C,RossRanch,,RC,RO17RC,RCRO17R,RO,RangePlanting,8,20220204,2017,5,Young,0,,0.83,0.83,0.29,0.54,65.53,34.47,38.05,64.05,0.38,36.5,35,28.6,63.6,5.94,0.09,98.12,0.82,0.06,0.84,100.4,0.75,0.1,0.104,0.75,,NA,17.02,1071.04,0.6,dry_sub,WET,40.63424,-122.323,0.23,0.12,1.43,0,8.3,30,10,35.61,1937,-865.96,5053.17,12.44,23.17,65.07
RCRO17RC09,C,RossRanch,,RC,RO17RC,RCRO17R,RO,RangePlanting,9,20220204,2017,5,Young,0,,1.32,1.32,0.59,0.73,54.93,45.07,38.38,63.73,0.38,37.1,32.5,30.4,62.9,5.92,0.26,100.04,1.32,0.26,1.32,NA,1.55,NA,NA,NA,,NA,17.02,1071.04,0.6,dry_sub,WET,40.63418,-122.323,0.31,0.25,1.43,0,13.2,30,10,56.63,1937,-865.96,4687.04,25.31,31.32,55.31
RCRO17RC10,C,RossRanch,,RC,RO17RC,RCRO17R,RO,RangePlanting,10,20220204,2017,5,Young,0,,1.27,1.27,0.52,0.75,58.94,41.06,42.53,59.43,0.43,39.1,32.5,28.4,60.9,6.21,0.21,99.4,1.27,0.2,1.27,102.72,1.23,0.0519,0.05,1.259,,NA,17.02,1071.04,0.6,dry_sub,WET,40.63392,-122.323,0.32,0.22,1.43,0,12.7,30,10,54.48,1937,-865.96,4687.04,22.31,32.18,59.07
RCRO17RC11,C,RossRanch,,RC,RO17RC,RCRO17R,RO,RangePlanting,11,20220204,2017,5,Young,0,,1.13,1.13,0.46,0.67,59.39,40.61,42.81,59.5,0.43,36.4,32.5,31.2,63.7,5.87,0.21,100.54,1.13,0.21,1.13,99.08,1.07,0.1169,0.12,1.0619,HIGH POM,NA,17.02,1071.04,0.6,dry_sub,WET,40.63392,-122.323,0.29,0.2,1.43,0,11.3,30,10,48.48,1937,-865.96,5053.17,19.73,28.74,59.28
RCRO17RT01,T,RossRanch,,RT,RO17RT,RCRO17R,RO,RangePlanting,1,20220203,2017,5,Young,4,,1.91,1.91,0.62,1.29,67.47,32.53,30.68,71.72,0.31,34.7,35,30.4,65.4,6.76,0.26,99.37,1.9,0.26,1.91,NA,2.03,NA,NA,NA,,NA,17.02,1071.04,0.6,dry_sub,WET,40.63497,-122.323,0.55,0.27,1.43,0,19.1,30,10,81.94,1937,-865.96,5053.17,26.6,55.34,67.54
RCRO17RT02,T,RossRanch,,RT,RO17RT,RCRO17R,RO,RangePlanting,2,20220203,2017,5,Young,0,,1.46,1.46,0.44,1.02,69.87,30.13,33.58,69.33,0.34,40.2,22.5,37.3,59.8,6.01,0.15,100.15,1.46,0.15,1.46,101.87,1.31,0.109,0.111,1.34,high texture,NA,17.02,1071.04,0.6,dry_sub,WET,40.63516,-122.323,0.44,0.19,1.43,0,14.6,30,10,62.63,1937,-865.96,5053.17,18.88,43.76,69.87
RCRO17RT03,T,RossRanch,,RT,RO17RT,RCRO17R,RO,RangePlanting,3,20220203,2017,5,Young,0,,1.38,1.38,0.48,0.9,64.92,35.08,36.94,65.49,0.37,38.1,30,31.9,61.9,6.16,0.15,101.53,1.4,0.15,1.38,NA,1.31,NA,NA,NA,,NA,17.02,1071.04,0.6,dry_sub,WET,40.63498,-122.323,0.39,0.21,1.43,0,13.8,30,10,59.2,1937,-865.96,5053.17,20.59,38.61,65.22
RCRO17RT04,T,RossRanch,,RT,RO17RT,RCRO17R,RO,RangePlanting,4,20220203,2017,5,Young,0,,1.24,1.24,0.45,0.79,63.35,36.65,34.01,68.75,0.34,36.5,30,33.5,63.5,5.95,0.2,100.29,1.25,0.2,1.24,NA,1.34,NA,NA,NA,,NA,17.02,1071.04,0.6,dry_sub,WET,40.63537,-122.323,0.34,0.19,1.43,0,12.4,30,10,53.2,1937,-865.96,5053.17,19.31,33.89,63.7
RCRO17RT05,T,RossRanch,,RT,RO17RT,RCRO17R,RO,RangePlanting,5,20220203,2017,5,Young,0,,2.25,2.25,0.88,1.37,61.07,38.93,35.9,66.92,0.36,40.1,31.2,28.6,59.8,6.02,0.27,101.73,2.29,0.28,2.25,100.7,2.44,0.148,0.149,2.45,,NA,17.02,1071.04,0.6,dry_sub,WET,40.63497,-122.323,0.59,0.38,1.43,0,22.5,30,10,96.53,1937,-865.96,5053.17,37.75,58.77,60.88
RCRO17RT06,T,RossRanch,,RT,RO17RT,RCRO17R,RO,RangePlanting,6,20220203,2017,5,Young,2,,2.23,2.23,0.81,1.42,63.56,36.44,33.58,69.34,0.34,39.3,28.7,31.9,60.6,6.2,0.2,98.48,2.2,0.19,2.23,101.34,2.42,0.183,0.185,2.45,,NA,17.02,1071.04,0.6,dry_sub,WET,40.63516,-122.323,0.61,0.35,1.43,0,22.3,30,10,95.67,1937,-865.96,5053.17,34.75,60.92,63.68
RCRO17RT07,T,RossRanch,,RT,RO17RT,RCRO17R,RO,RangePlanting,7,20220203,2017,5,Young,,,1.17,1.17,0.34,0.83,70.73,29.27,36.71,66.18,0.37,36.6,28.7,34.6,63.3,5.85,0.21,101.72,1.19,0.21,1.17,NA,0.93,NA,NA,NA,,NA,17.02,1071.04,0.6,dry_sub,WET,40.63527,-122.323,0.36,0.15,1.43,0,11.7,30,10,50.19,1937,-865.96,5053.17,14.59,35.61,70.95
RCRO17RT08,T,RossRanch,,RT,RO17RT,RCRO17R,RO,RangePlanting,8,20220203,2017,5,Young,,,1.34,1.34,0.44,0.9,67.45,32.55,32.65,70.36,0.33,35.8,31.2,33,64.2,5.76,0.15,100.12,1.34,0.15,1.34,NA,1.34,NA,NA,NA,high texture,NA,17.02,1071.04,0.6,dry_sub,WET,40.63531,-122.323,0.39,0.19,1.43,0,13.4,30,10,57.49,1937,-865.96,5053.17,18.88,38.61,67.16
RCRO17RT09,T,RossRanch,,RT,RO17RT,RCRO17R,RO,RangePlanting,9,20220203,2017,5,Young,,,1.31,1.31,0.42,0.89,67.62,32.38,34.21,68.41,0.34,37.7,31.2,31.1,62.3,5.63,0.14,102.35,1.34,0.14,1.31,NA,1.24,NA,NA,NA,,NA,17.02,1071.04,0.6,dry_sub,WET,40.63518,-122.323,0.38,0.18,1.43,0,13.1,30,10,56.2,1937,-865.96,5053.17,18.02,38.18,67.94
RCRO17RT10,T,RossRanch,,RT,RO17RT,RCRO17R,RO,RangePlanting,10,20220203,2017,5,Young,,,1.67,1.67,0.74,0.93,55.54,44.46,37.29,64.72,0.37,38.4,28.7,32.9,61.6,5.81,0.23,102.26,1.71,0.23,1.67,101.06,1.99,0.0886,0.09,2.0122,high texture,NA,17.02,1071.04,0.6,dry_sub,WET,40.6351,-122.323,0.4,0.32,1.43,0,16.7,30,10,71.64,1937,-865.96,5053.17,31.75,39.9,55.7
RCRO17RT11,T,RossRanch,,RT,RO17RT,RCRO17R,RO,RangePlanting,11,20220203,2017,5,Young,,,1.66,1.66,0.6,1.06,64.03,35.97,41.21,60.44,0.41,42.9,17.5,39.6,57.1,5.88,0.2,101.81,1.69,0.2,1.66,102.43,1.45,0.0596,0.06,1.4843,,NA,17.02,1071.04,0.6,dry_sub,WET,40.63501,-122.323,0.45,0.26,1.43,0,16.6,30,10,71.21,1937,-865.96,5053.17,25.74,45.47,63.85
RCRU17RC01,C,RushRanch,388.58,RC,RU17RC,RCRU17R,RU,RangePlanting,1,20220330,2017,5,Young,0,,1.31,1.31,0.27,1.04,79.27,20.73,46.82,56.62,0.47,49.6,20,30.4,50.4,5.21,0.1,99.92,1.31,0.1,1.31,100.79,0.58,0.079,0.079,0.59,,NA,15.69,538.12,0.31,semi_arid,DRY,38.20843,-122.028,0.44,0.11,1.58,0.05,13.1,30,10,62.09,1758,-1219.88,8008.7,12.8,49.3,79.4
RCRU17RC02,C,RushRanch,388.58,RC,RU17RC,RCRU17R,RU,RangePlanting,2,20220330,2017,5,Young,0,,1.51,1.51,0.28,1.23,81.33,18.67,42.08,61.02,0.42,43.7,25,31.3,56.3,5.36,0.25,100,1.52,0.25,1.52,101.11,0.67,0.094,0.096,0.68,,NA,15.69,538.12,0.31,semi_arid,DRY,38.20854,-122.028,0.52,0.12,1.64,0.05,15.1,30,10,74.29,1758,-1219.88,8008.7,13.78,60.52,81.46
RCRU17RC03,C,RushRanch,388.58,RC,RU17RC,RCRU17R,RU,RangePlanting,3,20220330,2017,5,Young,0,,1.98,1.98,0.25,1.73,87.46,12.54,21.05,82.4,0.21,26.5,32.5,41.1,73.6,5.4,0.24,99.71,1.97,0.24,1.98,NA,1.18,NA,NA,NA,,NA,15.69,538.12,0.31,semi_arid,DRY,38.20872,-122.028,0.73,0.11,1.41,0.05,19.8,30,10,83.75,1758,-1219.88,8008.7,10.58,73.18,87.38
RCRU17RC04,C,RushRanch,388.58,RC,RU17RC,RCRU17R,RU,RangePlanting,4,20220330,2017,5,Young,0,,1.23,1.23,0.24,0.99,80.86,19.14,46.15,56.96,0.46,46.4,20,33.7,53.7,5.21,0.23,99.95,1.23,0.23,1.23,102.46,0.51,0.057,0.058,0.52,,NA,15.69,538.12,0.31,semi_arid,DRY,38.20839,-122.028,0.42,0.1,1.45,0.05,12.3,30,10,53.51,1758,-1219.88,8008.7,10.44,43.07,80.49
RCRU17RC05,C,RushRanch,388.58,RC,RU17RC,RCRU17R,RU,RangePlanting,5,20220330,2017,5,Young,0,,1.8,1.8,0.4,1.4,77.82,22.18,30.24,73.41,0.3,31.7,27.5,40.8,68.3,5.36,0.13,98.64,1.77,0.13,1.8,100.77,1.32,0.1,0.101,1.33,,NA,15.69,538.12,0.31,semi_arid,DRY,38.20866,-122.028,0.59,0.17,1.38,0.05,18,30,10,74.52,1758,-1219.88,8008.7,16.56,57.96,77.78
RCRU17RC06,C,RushRanch,388.58,RC,RU17RC,RCRU17R,RU,RangePlanting,6,20220330,2017,5,Young,0,,1.9,1.9,0.27,1.63,85.86,14.14,25.83,78.21,0.26,29.1,30,40.9,70.9,5.3,0.16,100.59,1.93,0.16,1.92,99.23,1.04,0.062,0.061,1.04,,NA,15.69,538.12,0.31,semi_arid,DRY,38.20882,-122.028,0.68,0.11,1.2,0.05,19,30,10,68.4,1758,-1219.88,8008.7,9.72,58.68,85.79
RCRU17RC07,C,RushRanch,388.58,RC,RU17RC,RCRU17R,RU,RangePlanting,7,20220330,2017,5,Young,0,,1.07,1.07,0.4,0.67,62.22,37.78,24.5,79.13,0.25,29,32.5,38.5,71,5.36,0.18,100.17,1.07,0.18,1.07,102.35,1.65,0.088,0.09,1.68,,NA,15.69,538.12,0.31,semi_arid,DRY,38.20882,-122.028,0.28,0.17,1.4,0.05,10.7,30,10,44.94,1758,-1219.88,8008.7,16.8,28.14,62.62
RCRU17RC08,C,RushRanch,388.58,RC,RU17RC,RCRU17R,RU,RangePlanting,8,20220330,2017,5,Young,0,,1.68,1.68,0.45,1.23,73.43,26.57,39.86,63.46,0.4,40.5,20,39.5,59.5,5.37,0.24,100.7,1.69,0.24,1.68,99.06,1.12,0.12,0.119,1.11,,NA,15.69,538.12,0.31,semi_arid,DRY,38.20826,-122.028,0.52,0.19,1.43,0.05,16.8,30,10,72.07,1753,-1214.88,8008.7,19.31,52.77,73.22
RCRU17RC09,C,RushRanch,388.58,RC,RU17RC,RCRU17R,RU,RangePlanting,9,20220330,2017,5,Young,0,,1.56,1.56,0.45,1.11,71.45,28.55,44.54,58.86,0.45,47.3,17.5,35.2,52.7,5.27,0.15,100.02,1.56,0.15,1.56,99.06,1,0.101,0.1,0.99,,NA,15.69,538.12,0.31,semi_arid,DRY,38.20851,-122.028,0.47,0.19,1.06,0.05,15.6,30,10,49.61,1758,-1219.88,8008.7,14.31,35.3,71.16
RCRU17RC10,C,RushRanch,388.58,RC,RU17RC,RCRU17R,RU,RangePlanting,10,20220330,2017,5,Young,0,,1.27,1.27,0.25,1.02,80.57,19.43,47.18,56.1,0.47,48.6,20,31.4,51.4,5.42,0.24,98.78,1.26,0.24,1.27,102.01,0.52,0.0123,0.01,0.5336,,NA,15.69,538.12,0.31,semi_arid,DRY,38.2084,-122.028,0.43,0.11,1.33,0.05,12.7,30,10,50.67,1758,-1219.88,8008.7,9.98,40.7,80.32
RCRU17RC11,C,RushRanch,388.58,RC,RU17RC,RCRU17R,RU,RangePlanting,11,20220330,2017,5,Young,0,,1.51,1.51,0.26,1.25,82.97,17.03,41.02,62.07,0.41,42.8,25,32.2,57.2,5.76,0.2,100.99,1.53,0.2,1.51,99.01,0.63,0.147,0.15,0.6211,,NA,15.69,538.12,0.31,semi_arid,DRY,38.2086,-122.028,0.53,0.11,1.49,0.05,15.1,30,10,67.5,1758,-1219.88,8008.7,11.62,55.88,82.79
RCRU17RT01,T,RushRanch,428.4,RT,RU17RT,RCRU17R,RU,RangePlanting,1,20220330,2017,5,Young,0,,0.93,0.93,0.44,0.49,52.41,47.59,79.04,24.08,0.79,47.3,25,27.7,52.7,5.7,0.26,100.03,0.93,0.26,0.93,100.26,0.56,0.037,0.037,0.56,HIGH POM,NA,15.69,538.12,0.31,semi_arid,DRY,38.20845,-122.028,0.22,0.2,1.61,0.05,9.3,30,10,44.92,1758,-1219.88,8008.7,21.25,23.67,52.69
RCRU17RT02,T,RushRanch,428.4,RT,RU17RT,RCRU17R,RU,RangePlanting,2,20220330,2017,5,Young,0,,1.39,1.39,0.27,1.12,80.55,19.45,45.05,58.02,0.45,32.4,35,32.7,67.7,5.25,0.23,98.96,1.37,0.22,1.39,101.22,0.6,0.072,0.073,0.61,HIGH POM,NA,15.69,538.12,0.31,semi_arid,DRY,38.20853,-122.028,0.51,0.12,1.94,0.05,13.9,30,10,80.9,1758,-1219.88,8008.7,15.71,65.18,80.57
RCRU17RT03,T,RushRanch,428.4,RT,RU17RT,RCRU17R,RU,RangePlanting,3,20220330,2017,5,Young,0,,1.64,1.64,0.27,1.37,83.8,16.2,27.68,75.46,0.28,48.7,22.5,28.8,51.3,5.48,0.22,100.13,1.65,0.22,1.64,101.93,0.96,0.078,0.08,0.98,high texture,NA,15.69,538.12,0.31,semi_arid,DRY,38.20864,-122.028,0.62,0.12,1.51,0.05,16.4,30,10,74.29,1758,-1219.88,8008.7,12.23,62.06,83.54
RCRU17RT04,T,RushRanch,428.4,RT,RU17RT,RCRU17R,RU,RangePlanting,4,20220330,2017,5,Young,0,,1.33,1.33,0.21,1.12,84.16,15.84,46.82,56.54,0.47,40.1,22.5,37.4,59.9,5.29,0.1,101.62,1.35,0.1,1.33,100.57,0.45,0.045,0.046,0.45,HIGH POM,NA,15.69,538.12,0.31,semi_arid,DRY,38.20848,-122.028,0.51,0.1,1.48,0.05,13.3,30,10,59.05,1758,-1219.88,8008.7,9.32,49.73,84.22
RCRU17RT05,T,RushRanch,428.4,RT,RU17RT,RCRU17R,RU,RangePlanting,5,20220330,2017,5,Young,0,,1.53,1.53,0.27,1.26,82.11,17.89,35.55,68.13,0.36,28.6,37.5,33.9,71.4,5.14,0.26,98.89,1.53,0.25,1.54,99.7,0.77,0.052,0.052,0.77,HIGH POM,NA,15.69,538.12,0.31,semi_arid,DRY,38.20895,-122.028,0.57,0.12,1.4,0.05,15.3,30,10,64.26,1758,-1219.88,8008.7,11.34,52.92,82.35
RCRU17RT06,T,RushRanch,428.4,RT,RU17RT,RCRU17R,RU,RangePlanting,6,20220330,2017,5,Young,0,,1.91,1.91,0.28,1.63,85.32,14.68,22.98,80.51,0.23,28.2,35,36.8,71.8,5.39,0.29,100.56,1.92,0.29,1.91,98.77,1.22,0.106,0.105,1.21,,NA,15.69,538.12,0.31,semi_arid,DRY,38.20873,-122.028,0.74,0.13,1.51,0.05,19.1,30,10,86.52,1758,-1219.88,8008.7,12.68,73.84,85.34
RCRU17RT07,T,RushRanch,428.4,RT,RU17RT,RCRU17R,RU,RangePlanting,7,20220330,2017,5,Young,0,,1.76,1.76,0.26,1.5,85.1,14.9,23.42,80.36,0.23,42.7,22.5,34.8,57.3,5.41,0.27,100.06,1.75,0.27,1.75,98.7,1.12,0.066,0.065,1.1,high texture,NA,15.69,538.12,0.31,semi_arid,DRY,38.2088,-122.028,0.68,0.12,1.43,0.05,17.6,30,10,75.5,1758,-1219.88,7202.04,11.15,64.35,85.23
RCRU17RT08,T,RushRanch,428.4,RT,RU17RT,RCRU17R,RU,RangePlanting,8,20220330,2017,5,Young,0,,0.81,0.81,0.25,0.56,68.82,31.18,40.73,62,0.41,44.7,17.5,37.9,55.4,5.54,0.16,99.38,0.81,0.16,0.81,99.6,0.62,0.075,0.075,0.62,,NA,15.69,538.12,0.31,semi_arid,DRY,38.20809,-122.028,0.26,0.11,1.54,0.05,8.1,30,10,37.42,1753,-1214.88,8008.7,11.55,25.87,69.13
RCRU17RT09,T,RushRanch,428.4,RT,RU17RT,RCRU17R,RU,RangePlanting,9,20220330,2017,5,Young,0,,1.3,1.3,0.37,0.93,71.58,28.42,40.6,62.06,0.41,46.6,20,33.5,53.5,5.19,0.19,102.13,1.33,0.19,1.3,100.26,0.91,0.094,0.095,0.91,high texture,NA,15.69,538.12,0.31,semi_arid,DRY,38.20837,-122.028,0.42,0.17,1.31,0.05,13,30,10,51.09,1758,-1219.88,8008.7,14.54,36.55,71.54
RCRU17RT10,T,RushRanch,428.4,RT,RU17RT,RCRU17R,RU,RangePlanting,10,20220330,2017,5,Young,0,,1.25,1.25,0.36,0.89,71.1,28.9,44.6,58.23,0.45,48.1,20,32,52,5.45,0.1,98.89,1.23,0.1,1.25,100.2,0.81,0.051,0.051,0.81,,NA,15.69,538.12,0.31,semi_arid,DRY,38.20844,-122.028,0.41,0.16,1.49,0.05,12.5,30,10,55.88,1758,-1219.88,8008.7,16.09,39.78,71.19
RCRU17RT11,T,RushRanch,428.4,RT,RU17RT,RCRU17R,RU,RangePlanting,11,20220330,2017,5,Young,0,,1.3,1.3,0.27,1.03,79.58,20.42,45.78,57.81,0.46,48.1,20,32,52,5.39,0.22,100.48,1.3,0.22,1.3,99.31,0.58,0.044,0.044,0.58,,NA,15.69,538.12,0.31,semi_arid,DRY,38.20853,-122.028,0.47,0.12,1.48,0.05,13,30,10,57.72,1758,-1219.88,8008.7,11.99,45.73,79.23
RCSL03TC01,C,SantaLuciaConservancy,434.32,TC,SL03TC,RCSL03T,SL,UplandOak,1,20220405,2003,19,Old,0,,2.88,2.88,0.39,2.49,86.38,13.62,37.55,65.61,0.38,40.7,32.5,26.8,59.3,5.49,0.32,101.04,2.91,0.33,2.88,99.31,1.05,0.128,0.128,1.0373,dequarantined,NA,13.69,649.03,0.62,dry_sub,WET,36.4963,-121.836,1.03,0.16,1.49,0.03,28.8,30,10,128.74,1352,-702.97,16201.61,17.43,111.3,86.45
RCSL03TC02,C,SantaLuciaConservancy,434.32,TC,SL03TC,RCSL03T,SL,UplandOak,2,20220405,2003,19,Old,0,,3.32,3.32,0.52,2.8,84.21,15.79,39.75,63.49,0.4,40.4,32.5,27.1,59.6,5.54,0.31,101.94,3.39,0.31,3.33,101.58,1.32,0.122,0.124,1.3397,,NA,13.69,649.03,0.62,dry_sub,WET,36.49627,-121.836,1.16,0.22,1.19,0.03,33.2,30,10,118.52,1352,-702.97,16201.61,18.56,99.96,84.34
RCSL03TC03,C,SantaLuciaConservancy,434.32,TC,SL03TC,RCSL03T,SL,UplandOak,3,20220405,2003,19,Old,0,,2.87,2.87,0.33,2.54,88.6,11.4,40,62.88,0.4,40.9,30,29.2,59.2,5.56,0.31,98.84,2.84,0.3,2.87,100.18,0.82,0.105,0.105,0.8199,,NA,13.69,649.03,0.62,dry_sub,WET,36.4963,-121.836,1.05,0.14,1.45,0.03,28.7,30,10,124.85,1352,-702.97,16201.61,14.36,110.49,88.5
RCSL03TC04,C,SantaLuciaConservancy,434.32,TC,SL03TC,RCSL03T,SL,UplandOak,4,20220405,2003,19,Old,1,,3.41,3.41,0.58,2.83,82.98,17.02,43.91,59.04,0.44,42.7,27.5,29.9,57.4,5.57,0.36,101.58,3.47,0.36,3.42,101.31,1.32,0.122,0.124,1.339,,NA,13.69,649.03,0.62,dry_sub,WET,36.49622,-121.836,1.17,0.24,1.33,0.03,34.1,30,10,136.06,1352,-702.97,16201.61,23.14,112.92,82.99
RCSL03TC05,C,SantaLuciaConservancy,434.32,TC,SL03TC,RCSL03T,SL,UplandOak,5,20220405,2003,19,Old,0,,3.25,3.25,0.49,2.76,84.85,15.15,44.72,58.68,0.45,42.4,27.5,30.1,57.6,5.57,0.34,101.68,3.3,0.35,3.25,100.86,1.1,0.118,0.119,1.1107,,NA,13.69,649.03,0.62,dry_sub,WET,36.49623,-121.836,1.14,0.2,1.38,0.03,32.5,30,10,134.55,1352,-702.97,16201.61,20.29,114.26,84.92
RCSL03TC06,C,SantaLuciaConservancy,434.32,TC,SL03TC,RCSL03T,SL,UplandOak,6,20220405,2003,19,Old,0,,3.12,3.12,0.45,2.67,85.44,14.56,41.76,60.81,0.42,44,27.5,28.5,56,5.43,0.33,101.46,3.17,0.33,3.12,99.9,1.09,0.089,0.089,1.087,,NA,13.69,649.03,0.62,dry_sub,WET,36.49622,-121.836,1.11,0.19,1.36,0.03,31.2,30,10,127.3,1352,-702.97,16201.61,18.36,108.94,85.58
RCSL03TC07,C,SantaLuciaConservancy,434.32,TC,SL03TC,RCSL03T,SL,UplandOak,7,20220405,2003,19,Old,0,,2.67,2.67,0.47,2.2,82.37,17.63,41.59,61.74,0.42,43,27.5,29.5,57,5.57,0.25,101.48,2.71,0.25,2.67,99.55,1.13,0.073,0.073,1.1273,,NA,13.69,649.03,0.62,dry_sub,WET,36.49621,-121.836,0.91,0.19,1.33,0.03,26.7,30,10,106.53,1352,-702.97,16201.61,18.75,87.78,82.4
RCSL03TC08,C,SantaLuciaConservancy,434.32,TC,SL03TC,RCSL03T,SL,UplandOak,8,20220405,2003,19,Old,0,,3.25,3.25,0.47,2.78,85.63,14.37,40.9,60.98,0.41,43.5,25,31.6,56.6,5.63,0.33,100.29,3.26,0.33,3.25,100.2,1.14,0.113,0.113,1.1442,,NA,13.69,649.03,0.62,dry_sub,WET,36.49617,-121.836,1.15,0.19,1.43,0.03,32.5,30,10,139.43,1352,-702.97,16201.61,20.16,119.26,85.53
RCSL03TC09,C,SantaLuciaConservancy,434.32,TC,SL03TC,RCSL03T,SL,UplandOak,9,20220405,2003,19,Old,0,,2.69,2.69,0.38,2.31,85.85,14.15,42.96,58.84,0.43,44.7,25,30.3,55.3,5.61,0.28,99.01,2.66,0.28,2.69,101.13,0.89,0.091,0.092,0.8964,,NA,13.69,649.03,0.62,dry_sub,WET,36.49617,-121.836,0.96,0.16,1.4,0.03,26.9,30,10,112.98,1352,-702.97,16201.61,15.96,97.02,85.87
RCSL03TC10,C,SantaLuciaConservancy,434.32,TC,SL03TC,RCSL03T,SL,UplandOak,10,20220405,2003,19,Old,0,,2.93,2.93,0.37,2.56,87.25,12.75,42.11,59.68,0.42,44.5,25,30.6,55.6,5.52,0.33,99.92,2.93,0.33,2.93,98.41,0.89,0.101,0.099,0.8726,,NA,13.69,649.03,0.62,dry_sub,WET,36.49611,-121.836,1.06,0.15,1.54,0.03,29.3,30,10,135.37,1352,-702.97,16201.61,17.09,118.27,87.37
RCSL03TC11,C,SantaLuciaConservancy,434.32,TC,SL03TC,RCSL03T,SL,UplandOak,11,20220405,2003,19,Old,0,,2.74,2.74,0.63,2.11,77.05,22.95,45.3,56.95,0.45,46.4,25,28.6,53.6,5.44,0.28,101.78,2.79,0.29,2.74,100.96,1.39,0.12,0.121,1.4017,,NA,13.69,649.03,0.62,dry_sub,WET,36.49611,-121.836,0.87,0.26,1.3,0.03,27.4,30,10,106.86,1352,-702.97,16201.61,24.57,82.29,77.01
RCSL03TT01,T,SantaLuciaConservancy,350.37,TT,SL03TT,RCSL03T,SL,UplandOak,1,20220405,2003,19,Old,4,,2.68,2.68,0.4,2.28,85.21,14.79,56.62,45.92,0.57,57.9,22.5,19.7,42.2,5.54,0.28,100.29,2.69,0.28,2.68,101.57,0.7,0.074,0.075,0.71,,NA,13.69,649.03,0.62,dry_sub,WET,36.49618,-121.836,1,0.18,1.44,0.03,26.8,30,10,115.78,1352,-702.97,16201.61,17.28,98.5,85.08
RCSL03TT02,T,SantaLuciaConservancy,350.37,TT,SL03TT,RCSL03T,SL,UplandOak,2,20220405,2003,19,Old,4,,2.88,2.88,0.32,2.56,89.04,10.96,53.5,49.37,0.54,55.5,22.5,22.1,44.6,5.52,0.29,100.85,2.91,0.29,2.89,100.23,0.59,0.089,0.089,0.59,,NA,13.69,649.03,0.62,dry_sub,WET,36.4962,-121.836,1.12,0.14,1.39,0.03,28.8,30,10,120.1,1352,-702.97,16201.61,13.34,106.75,88.88
RCSL03TT03,T,SantaLuciaConservancy,350.37,TT,SL03TT,RCSL03T,SL,UplandOak,3,20220405,2003,19,Old,4,,3.18,3.18,0.64,2.54,79.78,20.22,53.14,49.26,0.53,55.5,22.5,22,44.5,5.35,0.3,98.98,3.15,0.3,3.18,98.94,1.21,0.095,0.094,1.2,,NA,13.69,649.03,0.62,dry_sub,WET,36.49614,-121.836,1.11,0.28,1.48,0.03,31.8,30,10,141.19,1352,-702.97,16201.61,28.42,112.78,79.88
RCSL03TT04,T,SantaLuciaConservancy,350.37,TT,SL03TT,RCSL03T,SL,UplandOak,4,20220405,2003,19,Old,4,,2.75,2.75,0.37,2.38,86.6,13.4,54.19,48.79,0.54,56.4,22.5,21.1,43.6,5.37,0.3,101.41,2.79,0.3,2.75,100.64,0.68,0.089,0.09,0.68,,NA,13.69,649.03,0.62,dry_sub,WET,36.49615,-121.836,1.04,0.16,1.3,0.03,27.5,30,10,107.25,1352,-702.97,16201.61,14.43,92.82,86.55
RCSL03TT05,T,SantaLuciaConservancy,350.37,TT,SL03TT,RCSL03T,SL,UplandOak,5,20220405,2003,19,Old,4,,2.03,2.03,0.19,1.84,90.7,9.3,57.19,44.96,0.57,57,20,23,43,5.55,0.23,100.3,2.03,0.23,2.02,101.95,0.33,0.36,0.369,4.01,,NA,13.69,649.03,0.62,dry_sub,WET,36.49609,-121.836,0.81,0.08,1.58,0.03,20.3,30,10,96.22,1352,-702.97,16201.61,9.01,87.22,90.65
RCSL03TT06,T,SantaLuciaConservancy,350.37,TT,SL03TT,RCSL03T,SL,UplandOak,6,20220405,2003,19,Old,4,,2.72,2.72,0.57,2.15,78.92,21.08,49.43,53.22,0.49,51.5,22.5,26,48.5,5.55,0.29,99.69,2.71,0.29,2.72,101.46,1.16,0.075,0.076,1.18,,NA,13.69,649.03,0.62,dry_sub,WET,36.49613,-121.836,0.94,0.25,1.53,0.03,27.2,30,10,124.85,1352,-702.97,16201.61,26.16,98.69,79.05
RCSL03TT07,T,SantaLuciaConservancy,350.37,TT,SL03TT,RCSL03T,SL,UplandOak,7,20220405,2003,19,Old,4,,2,2,0.68,1.32,66.09,33.91,54.26,48.28,0.54,57,20,23.1,43.1,5.74,0.25,99.73,1.99,0.25,2,99.24,1.25,0.08,0.079,1.24,,NA,13.69,649.03,0.62,dry_sub,WET,36.49601,-121.836,0.58,0.3,1.53,0.03,20,30,10,91.8,1352,-702.97,16201.61,31.21,60.59,66
RCSL03TT08,T,SantaLuciaConservancy,350.37,TT,SL03TT,RCSL03T,SL,UplandOak,8,20220405,2003,19,Old,4,,2.82,2.82,0.49,2.33,82.48,17.52,49.91,52.6,0.5,52.2,22.5,25.3,47.8,5.54,0.27,101.2,2.85,0.27,2.82,99.2,0.99,0.079,0.078,0.98,,NA,13.69,649.03,0.62,dry_sub,WET,36.49606,-121.836,1.02,0.21,1.49,0.03,28.2,30,10,126.05,1352,-702.97,16201.61,21.9,104.15,82.63
RCSL03TT09,T,SantaLuciaConservancy,350.37,TT,SL03TT,RCSL03T,SL,UplandOak,9,20220405,2003,19,Old,4,,2.32,2.32,0.48,1.84,79.29,20.71,50.85,52.18,0.51,52.6,22.5,24.9,47.4,5.58,0.25,101.31,2.35,0.25,2.32,101.76,0.95,0.103,0.105,0.962,,NA,13.69,649.03,0.62,dry_sub,WET,36.49605,-121.836,0.81,0.21,1.59,0.03,23.2,30,10,110.66,1352,-702.97,16201.61,22.9,87.77,79.32
RCSL03TT10,T,SantaLuciaConservancy,350.37,TT,SL03TT,RCSL03T,SL,UplandOak,10,20220405,2003,19,Old,4,,2.37,2.37,0.59,1.78,75.2,24.8,51.87,50.56,0.52,52.6,22.5,24.9,47.4,5.36,0.28,100.44,2.38,0.28,2.37,101.14,1.13,0.06,0.061,1.1463,,NA,13.69,649.03,0.62,dry_sub,WET,36.49602,-121.836,0.78,0.26,1.27,0.03,23.7,30,10,90.3,1352,-702.97,16201.61,22.48,67.82,75.11
RCSL03TT11,T,SantaLuciaConservancy,350.37,TT,SL03TT,RCSL03T,SL,UplandOak,11,20220405,2003,19,Old,4,,2.79,2.79,0.59,2.2,79.01,20.99,50.74,51.47,0.51,52.2,20,27.8,47.8,5.58,0.25,99.66,2.78,0.25,2.79,100.71,1.15,0.116,0.117,1.1618,,NA,13.69,649.03,0.62,dry_sub,WET,36.49602,-121.836,0.96,0.26,1.5,0.03,27.9,30,10,125.55,1352,-702.97,16201.61,26.55,99,78.85
RCSL04RC01,C,SantaLuciaConservancy,451.01,RC,SL04RC,RCSL04R,SL,RangePlanting,1,20220405,2004,18,Old,1,,1.66,1.66,0.3,1.35,81.62,18.38,67.14,35.7,0.67,67,17.5,15.5,33,5.66,0.2,99.43,1.65,0.19,1.66,100.96,0.45,0.0421,0.0425,0.4582,Dequarantined,NA,14.03,601.87,0.59,dry_sub,WET,36.47951,-121.793,0.57,0.13,1.41,0.03,16.6,30,10,70.22,1459,-857.13,14339.26,12.69,57.11,81.33
RCSL04RC02,C,SantaLuciaConservancy,451.01,RC,SL04RC,RCSL04R,SL,RangePlanting,2,20220405,2004,18,Old,0,,1.76,1.76,0.76,1,56.84,43.16,71.62,31.58,0.72,69.7,15,15.3,30.3,5.27,0.19,100.34,1.77,0.19,1.76,99.7,1.06,0.0817,0.0815,1.0571,,NA,14.03,601.87,0.59,dry_sub,WET,36.47953,-121.793,0.42,0.32,1.22,0.03,17.6,30,10,64.42,1459,-857.13,14339.26,27.82,36.6,56.81
RCSL04RC03,C,SantaLuciaConservancy,451.01,RC,SL04RC,RCSL04R,SL,RangePlanting,3,20220405,2004,18,Old,0,,1.33,1.33,0.66,0.68,50.63,49.37,72.01,31.12,0.72,71.3,15,13.7,28.7,5.26,0.17,102.38,1.37,0.17,1.34,100.4,0.92,0.0671,0.0674,0.9183,,NA,14.03,601.87,0.59,dry_sub,WET,36.47954,-121.793,0.29,0.28,1.52,0.03,13.3,30,10,60.65,1459,-857.13,14339.26,30.1,31.01,51.13
RCSL04RC04,C,SantaLuciaConservancy,451.01,RC,SL04RC,RCSL04R,SL,RangePlanting,4,20220405,2004,18,Old,0,,1.19,1.19,0.46,0.73,61.22,38.78,72.96,29.76,0.73,70.9,15,14.1,29.1,5.17,0.09,102.95,1.22,0.09,1.19,101.91,0.63,0.0453,0.0461,0.6433,,NA,14.03,601.87,0.59,dry_sub,WET,36.47954,-121.793,0.31,0.19,1.39,0.03,11.9,30,10,49.62,1459,-857.13,14339.26,19.18,30.44,61.35
RCSL04RC05,C,SantaLuciaConservancy,451.01,RC,SL04RC,RCSL04R,SL,RangePlanting,5,20220405,2004,18,Old,0,,1.31,1.31,0.47,0.83,63.79,36.21,71.37,32.2,0.71,68.6,17.5,13.9,31.4,5,0.11,100.91,1.32,0.11,1.31,100.25,0.66,0.0504,0.0505,0.6658,,NA,14.03,601.87,0.59,dry_sub,WET,36.47948,-121.793,0.35,0.2,1.45,0.03,13.1,30,10,56.99,1459,-857.13,14339.26,20.45,36.11,63.36
RCSL04RC06,C,SantaLuciaConservancy,451.01,RC,SL04RC,RCSL04R,SL,RangePlanting,6,20220405,2004,18,Old,0,,1.58,1.58,0.35,1.23,77.7,22.3,70.93,32.92,0.71,71.3,15,13.7,28.7,5.15,0.19,101.18,1.6,0.19,1.58,99.29,0.5,0.0461,0.0458,0.4936,,NA,14.03,601.87,0.59,dry_sub,WET,36.47958,-121.793,0.52,0.15,1.54,0.03,15.8,30,10,73,1459,-857.13,14339.26,16.17,56.83,77.85
RCSL04RC07,C,SantaLuciaConservancy,451.01,RC,SL04RC,RCSL04R,SL,RangePlanting,7,20220405,2004,18,Old,0,,1.82,1.82,0.61,1.21,66.48,33.52,71.88,30.76,0.72,70.5,15,14.5,29.5,4.93,0.15,101.66,1.85,0.15,1.82,101.03,0.85,0.0356,0.036,0.8583,,NA,14.03,601.87,0.59,dry_sub,WET,36.47945,-121.793,0.51,0.26,1.42,0.03,18.2,30,10,77.53,1459,-857.13,14339.26,25.99,51.55,66.49
RCSL04RC08,C,SantaLuciaConservancy,451.01,RC,SL04RC,RCSL04R,SL,RangePlanting,8,20220405,2004,18,Old,0,,1.45,1.45,0.55,0.91,62.39,37.61,72.93,29.51,0.73,70.2,17.5,12.3,29.8,5.17,0.21,101.39,1.47,0.21,1.45,99.72,0.75,0.0334,0.0333,0.7476,,NA,14.03,601.87,0.59,dry_sub,WET,36.47961,-121.793,0.38,0.23,1.5,0.03,14.5,30,10,65.25,1459,-857.13,14339.26,24.75,40.95,62.76
RCSL04RC09,C,SantaLuciaConservancy,451.01,RC,SL04RC,RCSL04R,SL,RangePlanting,9,20220405,2004,18,Old,0,,1.97,1.97,0.54,1.44,72.71,27.29,73.48,29.83,0.73,68.7,17.5,13.8,31.3,5.08,0.15,101.06,1.99,0.15,1.97,101.07,0.73,0.055,0.0556,0.7407,,NA,14.03,601.87,0.59,dry_sub,WET,36.47948,-121.793,0.6,0.23,1.33,0.03,19.7,30,10,78.6,1459,-857.13,14339.26,21.55,57.46,73.1
RCSL04RC10,C,SantaLuciaConservancy,451.01,RC,SL04RC,RCSL04R,SL,RangePlanting,10,20220405,2004,18,Old,0,,1.75,1.75,0.73,1.02,58.11,41.89,70.83,31.44,0.71,69.7,15,15.3,30.3,4.89,0.23,101.43,1.77,0.23,1.75,99.96,1.04,0.0733,0.0733,1.0345,,NA,14.03,601.87,0.59,dry_sub,WET,36.47955,-121.793,0.43,0.31,1.33,0.03,17.5,30,10,69.83,1459,-857.13,14339.26,29.13,40.7,58.28
RCSL04RC11,C,SantaLuciaConservancy,451.01,RC,SL04RC,RCSL04R,SL,RangePlanting,11,20220405,2004,18,Old,0,,1.09,1.09,0.62,0.48,43.52,56.48,73.12,31.77,0.73,71.7,15,13.3,28.3,5.2,0.18,100.34,1.1,0.18,1.1,98.52,0.85,0.076,0.0748,0.8322,,NA,14.03,601.87,0.59,dry_sub,WET,36.47962,-121.793,0.2,0.26,1.28,0.03,10.9,30,10,41.86,1459,-857.13,14339.26,23.81,18.43,44.03
RCSL04RT02,T,SantaLuciaConservancy,420.33,RT,SL04RT,RCSL04R,SL,RangePlanting,2,20220405,2004,18,Old,0,,0.5,0.5,0.3,0.2,40.08,59.92,75.28,27.86,0.75,73.2,15,11.8,26.8,5.07,0.12,101.66,0.51,0.05,0.5,100.61,0.4,0.0177,0.0178,0.4002,this one is not missing; preivously listed as missing,NA,14.03,601.87,0.59,dry_sub,WET,36.47989,-121.793,0.09,0.14,1.51,0.05,5,30,10,22.65,1459,-857.13,14339.26,13.59,9.06,40
RCSL04RT03,T,SantaLuciaConservancy,420.33,RT,SL04RT,RCSL04R,SL,RangePlanting,3,20220405,2004,18,Old,0,,0.8,0.8,0.32,0.48,60.13,39.87,80.75,21.93,0.81,76.4,12.5,11.1,23.6,5.55,0.06,100.93,0.81,0.17,0.8,100.53,0.4,0.068,0.0683,0.3968,,NA,14.03,601.87,0.59,dry_sub,WET,36.48003,-121.793,0.22,0.14,1.43,0.05,8,30,10,34.32,1459,-857.13,14339.26,13.73,20.59,59.99
RCSL04RT04,T,SantaLuciaConservancy,420.33,RT,SL04RT,RCSL04R,SL,RangePlanting,4,20220405,2004,18,Old,0,,0.35,0.35,0.25,0.1,29.42,70.58,74.86,26.42,0.75,72.6,13.7,13.6,27.3,5.18,0.07,101.22,0.35,0.03,0.35,98.91,0.33,0.0553,0.0547,0.5561,,NA,14.03,601.87,0.59,dry_sub,WET,36.47976,-121.793,0.05,0.11,1.11,0.05,3.5,30,10,11.66,1459,-857.13,14339.26,8.33,3.33,28.56
RCSL04RT05,T,SantaLuciaConservancy,420.33,RT,SL04RT,RCSL04R,SL,RangePlanting,5,20220405,2004,18,Old,0,,1.26,1.26,0.33,0.93,74.04,25.96,74.25,28.54,0.74,72.1,13.8,14.2,28,5.17,0.22,99.35,1.25,0.22,1.26,99.99,0.44,0.0501,0.0501,0.44,,NA,14.03,601.87,0.59,dry_sub,WET,36.47993,-121.793,0.42,0.15,1.63,0.05,12.6,30,10,61.61,1459,-857.13,14339.26,16.14,45.48,73.82
RCSL04RT06,T,SantaLuciaConservancy,420.33,RT,SL04RT,RCSL04R,SL,RangePlanting,6,20220405,2004,18,Old,0,,0.57,0.57,0.34,0.23,40.98,59.02,76.34,26.16,0.76,73.6,15,11.5,26.5,5.07,0.17,99.84,0.57,0.17,0.57,98.83,0.44,0.06,0.055,0.43,,NA,14.03,601.87,0.59,dry_sub,WET,36.47987,-121.793,0.1,0.15,1.64,0.05,5.7,30,10,28.04,1459,-857.13,14339.26,16.73,11.32,40.37
RCSL04RT07,T,SantaLuciaConservancy,420.33,RT,SL04RT,RCSL04R,SL,RangePlanting,7,20220405,2004,18,Old,0,,0.76,0.76,0.32,0.44,58.02,41.98,73.62,29.41,0.74,73.5,15,11.5,26.5,5.17,0.17,100.93,0.77,0.17,0.76,102.37,0.44,0.0223,0.0228,0.4464,,NA,14.03,601.87,0.59,dry_sub,WET,36.47994,-121.793,0.2,0.14,1.41,0.05,7.6,30,10,32.15,1459,-857.13,14339.26,13.54,18.61,57.88
RCSL04RT08,T,SantaLuciaConservancy,420.33,RT,SL04RT,RCSL04R,SL,RangePlanting,8,20220405,2004,18,Old,0,,1.05,1.05,0.62,0.43,40.93,59.07,77.14,25.84,0.77,74.5,15,10.5,25.5,5.15,0.09,99.05,1.02,0.09,1.03,102.29,0.8,0.0643,0.0658,0.8225,,NA,14.03,601.87,0.59,dry_sub,WET,36.47993,-121.793,0.19,0.28,1.64,0.05,10.5,30,10,51.66,1459,-857.13,14339.26,30.5,21.16,40.96
RCSL04RT09,T,SantaLuciaConservancy,420.33,RT,SL04RT,RCSL04R,SL,RangePlanting,9,20220405,2004,18,Old,0,,0.68,0.68,0.41,0.27,39.08,60.92,76.72,25.57,0.77,76.1,7.5,16.4,23.9,5.88,0.09,98.53,0.53,0.09,0.54,101.28,0.54,0.0286,0.0289,0.7064,not redone,NA,14.03,601.87,0.59,dry_sub,WET,36.47993,-121.793,0.12,0.19,1.52,0.05,6.8,30,10,31.01,1459,-857.13,14339.26,18.7,12.31,39.7
RCSL04RT10,T,SantaLuciaConservancy,420.33,RT,SL04RT,RCSL04R,SL,RangePlanting,10,20220405,2004,18,Old,0,,0.98,0.98,0.28,0.7,71.78,28.22,72.39,30.6,0.72,71.3,16.3,12.5,28.8,5.7,0.13,102.47,0.93,0.13,0.91,99.99,0.38,0.032,0.032,0.3815,,NA,14.03,601.87,0.59,dry_sub,WET,36.47985,-121.793,0.32,0.13,1.58,0.05,9.8,30,10,46.45,1459,-857.13,14339.26,13.27,33.18,71.43
RCSL04RT11,T,SantaLuciaConservancy,420.33,RT,SL04RT,RCSL04R,SL,RangePlanting,11,20220405,2004,18,Old,0,,0.58,0.58,0.38,0.2,34.41,65.59,77.96,25.19,0.78,77.1,10,12.9,22.9,5.76,0.08,100.95,0.59,0.09,0.58,101.96,0.49,0.0678,0.0691,0.4972,,NA,14.03,601.87,0.59,dry_sub,WET,36.47989,-121.793,0.09,0.17,1.62,0.05,5.8,30,10,28.19,1459,-857.13,14339.26,18.47,9.72,34.48
RCSL12TC01,C,SantaLuciaConservancy,370.82,TC,SL12TC,RCSL12T,SL,UplandOak,1,20220407,2012,10,Medium,0,,1.23,1.23,0.34,0.89,72.16,27.84,16.76,86.82,0.17,22.8,47.5,29.8,77.3,5.16,0.17,101.82,1.26,0.17,1.23,99.49,2.04,0.133,0.132,2.0323,,NA,13.69,649.03,0.6,dry_sub,WET,36.50159,-121.819,0.34,0.13,1.36,0.04,12.3,30,10,50.18,1381,-731.97,15948.13,13.87,36.31,72.36
RCSL12TC02,C,SantaLuciaConservancy,370.82,TC,SL12TC,RCSL12T,SL,UplandOak,2,20220407,2012,10,Medium,0,,2.73,2.73,0.44,2.29,84.01,15.99,15.17,88.12,0.15,23.2,45,31.8,76.8,5.06,0.26,101.67,2.78,0.26,2.73,100.23,2.88,0.18,0.18,2.8832,,NA,13.69,649.03,0.6,dry_sub,WET,36.50162,-121.819,0.88,0.17,1.06,0.04,27.3,30,10,86.81,1381,-731.97,15948.13,13.99,72.82,83.88
RCSL12TC03,C,SantaLuciaConservancy,370.82,TC,SL12TC,RCSL12T,SL,UplandOak,3,20220407,2012,10,Medium,0,,2.83,2.83,0.53,2.3,81.42,18.58,18.23,85.02,0.18,27.3,40,32.7,72.7,4.88,0.26,103,2.92,0.26,2.83,99.6,2.88,0.228,0.227,2.8727,high texture,NA,13.69,649.03,0.6,dry_sub,WET,36.5016,-121.819,0.88,0.2,1.29,0.04,28.3,30,10,109.52,1381,-731.97,15948.13,20.51,89.01,81.27
RCSL12TC04,C,SantaLuciaConservancy,370.82,TC,SL12TC,RCSL12T,SL,UplandOak,4,20220407,2012,10,Medium,0,,2.26,2.26,0.44,1.82,80.72,19.28,20.57,82.26,0.21,27.7,40,32.3,72.3,4.9,0.22,99.73,2.26,0.22,2.27,98.59,2.12,0.156,0.154,2.0877,high texture,NA,13.69,649.03,0.6,dry_sub,WET,36.5016,-121.819,0.7,0.17,1.43,0.04,22.6,30,10,96.95,1381,-731.97,15948.13,18.88,78.08,80.54
RCSL12TC05,C,SantaLuciaConservancy,370.82,TC,SL12TC,RCSL12T,SL,UplandOak,5,20220407,2012,10,Medium,0,,3.02,3.02,0.27,2.75,91.16,8.84,20.04,82.54,0.2,29.3,40,30.7,70.7,4.95,0.3,100.37,3.03,0.3,3.02,102.39,1.33,0.103,0.105,1.3637,high texture,NA,13.69,649.03,0.6,dry_sub,WET,36.50166,-121.819,1.06,0.1,1.42,0.04,30.2,30,10,128.65,1381,-731.97,15948.13,11.5,117.15,91.06
RCSL12TC06,C,SantaLuciaConservancy,370.82,TC,SL12TC,RCSL12T,SL,UplandOak,6,20220407,2012,10,Medium,0,,2.48,2.48,0.45,2.03,82.03,17.97,20.4,82.15,0.2,27.9,41.2,31,72.2,4.85,0.24,101.63,2.52,0.25,2.48,101.89,2.19,0.179,0.183,2.2265,high texture,NA,13.69,649.03,0.6,dry_sub,WET,36.5017,-121.818,0.78,0.17,1.19,0.04,24.8,30,10,88.54,1381,-731.97,15948.13,16.07,72.47,81.85
RCSL12TC07,C,SantaLuciaConservancy,370.82,TC,SL12TC,RCSL12T,SL,UplandOak,7,20220407,2012,10,Medium,0,,1.85,1.85,0.35,1.5,80.87,19.13,19.29,83.86,0.19,28,41.2,30.8,72,4.63,0.19,102.29,1.89,0.2,1.85,100.73,1.84,0.118,0.119,1.8485,high texture,NA,13.69,649.03,0.6,dry_sub,WET,36.50162,-121.818,0.58,0.13,1.33,0.04,18.5,30,10,73.82,1381,-731.97,15948.13,13.97,59.85,81.08
RCSL12TC08,C,SantaLuciaConservancy,370.82,TC,SL12TC,RCSL12T,SL,UplandOak,8,20220407,2012,10,Medium,0,,3.08,3.08,0.8,2.28,74.17,25.83,21.38,81.78,0.21,30.1,37.5,32.4,69.9,4.73,0.29,99.45,3.07,0.29,3.09,98.73,3.72,0.22,0.217,3.6738,high texture,NA,13.69,649.03,0.6,dry_sub,WET,36.50161,-121.818,0.88,0.31,1.17,0.04,30.8,30,10,108.11,1381,-731.97,15948.13,28.08,80.03,74.03
RCSL12TC09,C,SantaLuciaConservancy,370.82,TC,SL12TC,RCSL12T,SL,UplandOak,9,20220407,2012,10,Medium,0,,2.74,2.74,0.32,2.42,88.46,11.54,19.25,83.58,0.19,28.2,40,31.8,71.8,4.54,0.28,102.15,2.8,0.29,2.74,100.56,1.64,0.128,0.128,1.6513,high texture,NA,13.69,649.03,0.6,dry_sub,WET,36.50161,-121.818,0.93,0.12,1.41,0.04,27.4,30,10,115.9,1381,-731.97,15948.13,13.54,102.37,88.33
RCSL12TC10,C,SantaLuciaConservancy,370.82,TC,SL12TC,RCSL12T,SL,UplandOak,10,20220407,2012,10,Medium,0,,0.89,0.89,0.14,0.75,84.19,15.81,15.86,87.5,0.16,24,50,26,76,4.18,0.15,101.58,0.9,0.15,0.89,98.93,0.89,0.077,0.076,0.8771,high texture,NA,13.69,649.03,0.6,dry_sub,WET,36.50165,-121.818,0.29,0.05,1.27,0.04,8.9,30,10,33.91,1381,-731.97,15948.13,5.33,28.58,84.28
RCSL12TC11,C,SantaLuciaConservancy,370.82,TC,SL12TC,RCSL12T,SL,UplandOak,11,20220407,2012,10,Medium,0,,2.76,2.76,0.52,2.24,81.16,18.84,18.69,84.86,0.19,26.6,45,28.4,73.4,4.49,0.3,100.81,2.78,0.31,2.76,99.3,2.78,0.2,0.198,2.7622,high texture,NA,13.69,649.03,0.6,dry_sub,WET,36.50163,-121.818,0.86,0.2,1.18,0.04,27.6,30,10,97.7,1381,-731.97,15948.13,18.41,79.3,81.17
RCSL12TT01,T,SantaLuciaConservancy,343.91,TT,SL12TT,RCSL12T,SL,UplandOak,1,20220407,2012,10,Medium,2,,1.67,1.67,0.22,1.45,86.61,13.39,12.17,90.3,0.12,17.7,57.5,24.9,82.4,4.42,0.17,101.57,1.69,0.18,1.67,98.99,1.84,0.125,0.124,1.8193,,NA,13.69,649.03,0.6,dry_sub,WET,36.50181,-121.818,0.54,0.08,1.31,0.03,16.7,30,10,65.63,1381,-731.97,15948.13,8.65,56.99,86.84
RCSL12TT02,T,SantaLuciaConservancy,343.91,TT,SL12TT,RCSL12T,SL,UplandOak,2,20220407,2012,10,Medium,0,,2.9,2.9,0.67,2.23,76.82,23.18,18.61,84.4,0.19,24.4,45,30.6,75.6,4.97,0.28,99.5,2.88,0.28,2.89,98.09,3.61,0.269,0.264,3.5428,,NA,13.69,649.03,0.6,dry_sub,WET,36.50186,-121.818,0.82,0.25,1.32,0.03,29,30,10,114.84,1381,-731.97,15948.13,26.53,88.31,76.9
RCSL12TT03,T,SantaLuciaConservancy,343.91,TT,SL12TT,RCSL12T,SL,UplandOak,3,20220407,2012,10,Medium,0,,1.72,1.72,0.6,1.12,64.89,35.11,18.37,84.79,0.18,24.5,45,30.5,75.5,4.94,0.19,102.5,1.76,0.19,1.72,100.86,3.29,0.199,0.201,3.315,high texture,NA,13.69,649.03,0.6,dry_sub,WET,36.50178,-121.818,0.41,0.22,1.12,0.03,17.2,30,10,57.79,1381,-731.97,15948.13,20.16,37.63,65.12
RCSL12TT04,T,SantaLuciaConservancy,343.91,TT,SL12TT,RCSL12T,SL,UplandOak,4,20220407,2012,10,Medium,4,,2.41,2.41,0.54,1.87,77.65,22.35,15.14,88.41,0.15,21.9,45,33.1,78.1,4.69,0.27,101.41,2.45,0.27,2.42,100.37,3.56,0.202,0.203,3.5708,high texture,NA,13.69,649.03,0.6,dry_sub,WET,36.50182,-121.818,0.69,0.2,1.26,0.03,24.1,30,10,91.1,1381,-731.97,15948.13,20.41,70.69,77.6
RCSL12TT05,T,SantaLuciaConservancy,343.91,TT,SL12TT,RCSL12T,SL,UplandOak,5,20220407,2012,10,Medium,0,,3.11,3.11,0.46,2.65,85.31,14.69,15.61,87.92,0.16,21.6,45,33.4,78.4,4.82,0.32,100.5,3.13,0.33,3.11,98.79,2.93,0.178,0.176,2.8905,HIGH TEXTURE,NA,13.69,649.03,0.6,dry_sub,WET,36.50192,-121.818,0.98,0.17,1.21,0.03,31.1,30,10,112.89,1381,-731.97,15948.13,16.7,96.2,85.22
RCSL12TT06,T,SantaLuciaConservancy,343.91,TT,SL12TT,RCSL12T,SL,UplandOak,6,20220407,2012,10,Medium,3,,3,3,0.68,2.32,77.35,22.65,14.26,89.87,0.14,21.9,50,28.1,78.1,4.72,0.28,100.47,3.02,0.28,3.01,99.23,4.77,0.282,0.28,4.7281,high texture,NA,13.69,649.03,0.6,dry_sub,WET,36.50181,-121.818,0.86,0.25,1.05,0.03,30,30,10,94.5,1381,-731.97,15948.13,21.42,73.08,77.33
RCSL12TT07,T,SantaLuciaConservancy,343.91,TT,SL12TT,RCSL12T,SL,UplandOak,7,20220407,2012,10,Medium,0,,2.75,2.75,0.74,2.01,73,27,16.46,86.62,0.16,22.6,45,32.5,77.5,4.92,0.28,102.16,2.81,0.29,2.75,101.66,4.51,0.241,0.245,4.5862,high texture,NA,13.69,649.03,0.6,dry_sub,WET,36.50195,-121.818,0.74,0.27,1.17,0.03,27.5,30,10,96.53,1381,-731.97,15948.13,25.97,70.55,73.09
RCSL12TT08,T,SantaLuciaConservancy,343.91,TT,SL12TT,RCSL12T,SL,UplandOak,8,20220407,2012,10,Medium,1,,2.67,2.67,0.48,2.19,81.97,18.03,24.46,78.21,0.24,30,37.5,32.6,70.1,4.75,0.25,99.97,2.66,0.25,2.66,99.92,1.97,0.125,0.125,1.9664,,NA,13.69,649.03,0.6,dry_sub,WET,36.50208,-121.818,0.81,0.18,1.32,0.03,26.7,30,10,105.73,1381,-731.97,15948.13,19.01,86.72,82.02
RCSL12TT09,T,SantaLuciaConservancy,343.91,TT,SL12TT,RCSL12T,SL,UplandOak,9,20220407,2012,10,Medium,0,,1.43,1.43,0.68,0.75,52.34,47.66,12.98,90.68,0.13,21.2,47.5,31.3,78.8,4.77,0.15,100.93,1.44,0.16,1.43,101.37,5.25,0.31,0.314,5.3228,high texture,NA,13.69,649.03,0.6,dry_sub,WET,36.50176,-121.818,0.28,0.25,1.13,0.03,14.3,30,10,48.48,1381,-731.97,15948.13,23.05,25.43,52.45
RCSL12TT10,T,SantaLuciaConservancy,343.91,TT,SL12TT,RCSL12T,SL,UplandOak,10,20220407,2012,10,Medium,4,,2.54,2.54,0.38,2.16,85.13,14.87,14.39,88.97,0.14,21.1,47.5,31.5,79,4.63,0.24,98.83,2.51,0.24,2.54,99.62,2.63,0.173,0.172,2.615,high texture,NA,13.69,649.03,0.6,dry_sub,WET,36.50194,-121.818,0.8,0.14,1.37,0.03,25.4,30,10,104.39,1381,-731.97,15948.13,15.62,88.78,85.05
RCSL12TT11,T,SantaLuciaConservancy,343.91,TT,SL12TT,RCSL12T,SL,UplandOak,11,20220407,2012,10,Medium,0,,2.96,2.96,0.41,2.55,85.99,14.01,12.41,90.47,0.12,19.7,45,35.3,80.3,5.14,0.29,102.05,3.02,0.3,2.96,99.2,3.34,0.202,0.2,3.3149,high texture,NA,13.69,649.03,0.6,dry_sub,WET,36.50181,-121.818,0.94,0.15,1.25,0.03,29.6,30,10,111,1381,-731.97,15948.13,15.38,95.63,86.15
RCSL18RC01,C,SantaLuciaConservancy,301.93,RC,SL18RC,RCSL18R,SL,RangePlanting,1,20220505,2018,4,Young,4,,2.36,3.11,1.25,1.86,59.81,40.19,61.4,40.07,0.61,66.9,15,18.1,33.1,5.01,0.28,99.97,2.36,0.28,2.36,99.23,0.8,0.622,0.617,6.26,Dequarantined,NA,14.04,871.55,0.6,dry_sub,WET,36.4376,-121.79,0.67,0.45,0.98,0.05,31.1,30,10,91.43,1444,-572.45,13969.04,36.75,54.68,59.81
RCSL18RC02,C,SantaLuciaConservancy,301.93,RC,SL18RC,RCSL18R,SL,RangePlanting,2,20220505,2018,4,Young,4,,3.11,3.11,1.25,1.86,59.76,40.24,69.53,33.03,0.7,61.9,15,23.2,38.2,5.45,0.22,100.75,3.14,0.23,3.12,100.39,1.8,0.113,0.113,1.81,HIGH POM,NA,14.04,871.55,0.6,dry_sub,WET,36.43755,-121.79,0.67,0.45,1.01,0.05,31.1,30,10,94.23,1444,-572.45,13969.04,37.88,56.36,59.81
RCSL18RC03,C,SantaLuciaConservancy,301.93,RC,SL18RC,RCSL18R,SL,RangePlanting,3,20220505,2018,4,Young,4,,3.59,3.59,1.09,2.5,69.77,30.23,65.78,36.9,0.66,59,16.2,24.7,40.9,5.17,0.36,100,3.59,0.36,3.59,102.55,1.65,0.114,0.117,1.69,HIGH POM,NA,14.04,871.55,0.6,dry_sub,WET,36.43759,-121.79,0.9,0.39,1.28,0.05,35.9,30,10,137.86,1444,-572.45,13969.04,41.86,96,69.64
RCSL18RC04,C,SantaLuciaConservancy,301.93,RC,SL18RC,RCSL18R,SL,RangePlanting,4,20220505,2018,4,Young,4,,2.85,2.85,0.66,2.19,76.99,23.01,73.67,28.7,0.74,59.6,15,25.4,40.4,5.23,0.27,99.64,2.84,0.27,2.85,99.9,0.89,0.085,0.085,0.89,HIGH POM,NA,14.04,871.55,0.6,dry_sub,WET,36.43755,-121.79,0.79,0.24,1.18,0.05,28.5,30,10,100.89,1444,-572.45,13969.04,23.36,77.53,76.85
RCSL18RC05,C,SantaLuciaConservancy,301.93,RC,SL18RC,RCSL18R,SL,RangePlanting,5,20220505,2018,4,Young,4,,2.77,2.77,0.84,1.93,69.72,30.28,74.23,29.37,0.74,66.9,15,18.1,33.1,5.24,0.3,101.02,2.8,0.3,2.77,100.31,1.13,0.073,0.073,1.14,HIGH POM,NA,14.04,871.55,0.6,dry_sub,WET,36.43757,-121.79,0.69,0.3,1.29,0.05,27.7,30,10,107.2,1444,-572.45,13969.04,32.51,74.69,69.67
RCSL18RC06,C,SantaLuciaConservancy,301.93,RC,SL18RC,RCSL18R,SL,RangePlanting,6,20220505,2018,4,Young,2,,2.23,2.23,0.26,1.97,88.27,11.73,72.63,30.66,0.73,59.5,16.2,24.3,40.5,5.4,0.19,102.05,2.28,0.19,2.23,102.08,0.36,0.051,0.052,0.37,HIGH POM,NA,14.04,871.55,0.6,dry_sub,WET,36.43756,-121.79,0.71,0.09,1.32,0.05,22.3,30,10,88.31,1444,-572.45,13969.04,10.3,78.01,88.34
RCSL18RC07,C,SantaLuciaConservancy,301.93,RC,SL18RC,RCSL18R,SL,RangePlanting,7,20220505,2018,4,Young,2,,1.73,1.73,0.21,1.52,87.78,12.22,68.2,34.28,0.68,58,17.5,24.5,42,5.17,0.12,102.96,1.78,0.13,1.73,101.32,0.31,0.052,0.052,0.32,HIGH POM,NA,14.04,871.55,0.6,dry_sub,WET,36.43752,-121.79,0.55,0.08,1.47,0.05,17.3,30,10,76.29,1444,-572.45,13969.04,9.26,67.03,87.86
RCSL18RC08,C,SantaLuciaConservancy,301.93,RC,SL18RC,RCSL18R,SL,RangePlanting,8,20220505,2018,4,Young,4,,2.89,2.89,1.19,1.7,58.76,41.24,69.3,34.09,0.69,65.4,15,19.6,34.6,5.2,0.19,102.8,2.97,0.2,2.89,98.52,1.72,0.093,0.091,1.7,,NA,14.04,871.55,0.6,dry_sub,WET,36.43759,-121.79,0.61,0.43,1.11,0.05,28.9,30,10,96.24,1444,-572.45,13969.04,39.63,56.61,58.82
RCSL18RC09,C,SantaLuciaConservancy,301.93,RC,SL18RC,RCSL18R,SL,RangePlanting,9,20220505,2018,4,Young,2,,3.17,3.17,0.4,2.77,87.28,12.72,66.1,37.08,0.66,55.2,17.5,27.3,44.8,4.92,0.21,98.78,3.14,0.21,3.18,98.92,0.61,0.05,0.049,0.6,HIGH POM,NA,14.04,871.55,0.6,dry_sub,WET,36.43758,-121.79,1,0.14,1.03,0.05,31.7,30,10,97.95,1444,-572.45,13969.04,12.36,85.59,87.38
RCSL18RC10,C,SantaLuciaConservancy,301.93,RC,SL18RC,RCSL18R,SL,RangePlanting,10,20220505,2018,4,Young,2,,2.42,2.42,0.54,1.88,77.58,22.42,71.4,31.92,0.71,59.7,17.5,22.8,40.3,5.01,0.17,100.89,2.44,0.17,2.42,101.36,0.76,0.089,0.09,0.77,HIGH POM,NA,14.04,871.55,0.6,dry_sub,WET,36.43758,-121.79,0.68,0.19,1.18,0.05,24.2,30,10,85.67,1444,-572.45,13969.04,19.12,66.55,77.68
RCSL18RC11,C,SantaLuciaConservancy,301.93,RC,SL18RC,RCSL18R,SL,RangePlanting,11,20220505,2018,4,Young,4,,2.61,2.61,0.43,2.18,83.58,16.42,69.14,33.83,0.69,60.4,17.5,22.1,39.6,5.25,0.19,99.24,2.59,0.19,2.61,100.35,0.62,0.084,0.084,0.62,HIGH POM,NA,14.04,871.55,0.6,dry_sub,WET,36.43759,-121.79,0.78,0.15,1.32,0.05,26.1,30,10,103.36,1444,-572.45,13969.04,17.03,86.33,83.52
RCSL18RT01,T,SantaLuciaConservancy,525.82,RT,SL18RT,RCSL18R,SL,RangePlanting,1,20220505,2018,4,Young,0,,2.95,2.95,0.5,2.45,83.04,16.96,69.48,33.52,0.69,68.6,15,16.4,31.4,5.37,0.32,101.61,3,0.32,2.95,99.6,0.72,0.083,0.083,0.72,,NA,14.04,871.55,0.6,dry_sub,WET,36.43804,-121.791,1.02,0.21,1.27,0.05,29.5,30,10,112.4,1444,-572.45,13969.04,19.05,93.35,83.05
RCSL18RT02,T,SantaLuciaConservancy,525.82,RT,SL18RT,RCSL18R,SL,RangePlanting,2,20220505,2018,4,Young,0,,2.65,2.65,0.6,2.05,77.27,22.73,68.45,34.69,0.68,67.1,17.5,15.4,32.9,5.31,0.3,101.25,2.68,0.31,2.65,99.99,0.88,0.087,0.087,0.88,,NA,14.04,871.55,0.6,dry_sub,WET,36.43808,-121.791,0.85,0.25,1.2,0.05,26.5,30,10,95.4,1444,-572.45,13969.04,21.6,73.8,77.36
RCSL18RT03,T,SantaLuciaConservancy,525.82,RT,SL18RT,RCSL18R,SL,RangePlanting,3,20220505,2018,4,Young,0,,2.64,2.64,0.51,2.13,80.74,19.26,70.61,31.98,0.71,66.2,20,13.9,33.9,5.47,0.3,97.94,2.58,0.29,2.63,100.13,0.72,0.063,0.063,0.72,,NA,14.04,871.55,0.6,dry_sub,WET,36.43799,-121.791,0.89,0.21,1.23,0.05,26.4,30,10,97.42,1444,-572.45,13969.04,18.82,78.6,80.68
RCSL18RT04,T,SantaLuciaConservancy,525.82,RT,SL18RT,RCSL18R,SL,RangePlanting,4,20220505,2018,4,Young,0,,1.39,1.39,0.25,1.14,81.74,18.26,70.5,32.28,0.71,67.6,20,12.4,32.4,5.09,0.2,101.02,1.41,0.2,1.4,102.05,0.36,0.041,0.042,0.37,,NA,14.04,871.55,0.6,dry_sub,WET,36.43809,-121.791,0.48,0.1,1.69,0.05,13.9,30,10,70.47,1444,-572.45,13969.04,12.68,57.8,82.02
RCSL18RT05,T,SantaLuciaConservancy,525.82,RT,SL18RT,RCSL18R,SL,RangePlanting,5,20220505,2018,4,Young,0,,1.72,1.72,0.46,1.26,73.48,26.52,76.01,26.74,0.76,68.2,17.5,14.3,31.8,5.15,0.11,100.17,1.72,0.11,1.72,100.26,0.6,0.057,0.057,0.61,HIGH POM,NA,14.04,871.55,0.6,dry_sub,WET,36.43797,-121.791,0.53,0.19,1.41,0.05,17.2,30,10,72.76,1444,-572.45,13969.04,19.46,53.3,73.25
RCSL18RT06,T,SantaLuciaConservancy,525.82,RT,SL18RT,RCSL18R,SL,RangePlanting,6,20220505,2018,4,Young,0,,2.67,2.67,0.57,2.1,78.47,21.53,77.67,25.14,0.78,68,20,12,32,5.23,0.29,100.43,2.69,0.29,2.68,100.05,0.74,0.067,0.068,0.74,HIGH POM,NA,14.04,871.55,0.6,dry_sub,WET,36.43797,-121.79,0.88,0.24,1.15,0.05,26.7,30,10,92.12,1444,-572.45,13969.04,19.67,72.45,78.65
RCSL18RT07,T,SantaLuciaConservancy,525.82,RT,SL18RT,RCSL18R,SL,RangePlanting,7,20220505,2018,4,Young,0,,2.37,2.37,0.69,1.68,70.98,29.02,69.48,33.71,0.69,63.7,20,16.3,36.3,5.22,0.24,100.27,2.38,0.24,2.37,101.81,0.99,0.085,0.087,1,,NA,14.04,871.55,0.6,dry_sub,WET,36.43797,-121.79,0.7,0.29,1.28,0.05,23.7,30,10,91.01,1444,-572.45,13969.04,26.5,64.51,70.88
RCSL18RT08,T,SantaLuciaConservancy,525.82,RT,SL18RT,RCSL18R,SL,RangePlanting,8,20220505,2018,4,Young,2,,1.42,1.42,0.42,1,70.25,29.75,64.01,38.3,0.64,62.2,17.5,20.3,37.8,5.1,0.1,101.79,1.44,0.1,1.41,99.61,0.66,0.055,0.055,0.66,,NA,14.04,871.55,0.6,dry_sub,WET,36.43805,-121.79,0.42,0.18,1.63,0.05,14.2,30,10,69.44,1444,-572.45,13969.04,20.54,48.9,70.42
RCSL18RT09,T,SantaLuciaConservancy,525.82,RT,SL18RT,RCSL18R,SL,RangePlanting,9,20220505,2018,4,Young,1,,1.23,1.23,0.28,0.95,77.15,22.85,72.07,30.99,0.72,68.2,17.5,14.3,31.8,5.5,0.09,99.69,1.23,0.09,1.23,99.86,0.39,0.039,0.039,0.39,,NA,14.04,871.55,0.6,dry_sub,WET,36.43801,-121.79,0.4,0.12,1.46,0.05,12.3,30,10,53.87,1444,-572.45,13969.04,12.26,41.61,77.24
RCSL18RT10,T,SantaLuciaConservancy,525.82,RT,SL18RT,RCSL18R,SL,RangePlanting,10,20220505,2018,4,Young,4,,2.05,2.05,0.49,1.56,76,24,61.51,41.07,0.62,59,22.5,18.5,41,4.79,0.25,100.67,2.07,0.25,2.06,101.78,0.8,0.056,0.057,0.81,,NA,14.04,871.55,0.6,dry_sub,WET,36.43804,-121.79,0.65,0.2,1.38,0.05,20.5,30,10,84.87,1444,-572.45,13969.04,20.29,64.58,76.09
RCSL18RT11,T,SantaLuciaConservancy,525.82,RT,SL18RT,RCSL18R,SL,RangePlanting,11,20220505,2018,4,Young,0,,NA,NA,NA,NA,NA,NA,59.74,43.82,0.6,59.9,22.5,17.7,40.2,4.93,,NA,,NA,#VALUE!,98.77,0.84,0.084,0.083,0.83,missing EA,NA,14.04,871.55,0.6,dry_sub,WET,36.43793,-121.79,NA,0.21,1.55,0.05,NA,30,10,NA,1444,-572.45,13969.04,NA,NA,
RCSW16RC01,C,StopWaste,55.97,RC,SW16RC,RCSW16R,SW,RangePlanting,1,20220621,2016,6,Medium,0,0.43,0.94,0.51,0.69,0.25,26.3,73.7,66.61,36.06,0.67,67.3,18.8,14,32.8,7.69,0.05,101.87,0.96,0.05,0.94,102.56,1.04,0.067,0.069,1.06,,NA,15.87,392.59,0.28,semi_arid,WET,37.71406,-121.641,0.13,0.37,1.93,0.04,5.1,30,10,29.53,1812,-1419.41,5046.39,39.95,14.48,49.03
RCSW16RC02,C,StopWaste,55.97,RC,SW16RC,RCSW16R,SW,RangePlanting,2,20220621,2016,6,Medium,0,0.46,0.96,0.5,0.82,0.14,14.57,85.43,67.22,32.78,0.67,67,20,13,33,7.69,0.07,101.11,0.97,0.07,0.96,100.09,1.22,0.07,0.07,1.22,,NA,15.87,392.59,0.28,semi_arid,WET,37.71402,-121.641,0.07,0.44,1.82,0.04,5,30,10,27.3,1812,-1419.41,5046.39,44.77,7.64,27.99
RCSW16RC03,C,StopWaste,55.97,RC,SW16RC,RCSW16R,SW,RangePlanting,3,20220621,2016,6,Medium,0,,0.6,NA,NA,NA,NA,NA,73.99,27.66,0.74,73.5,17.5,9,26.5,7.87,0.02,98.87,0.6,0.02,0.61,NA,,NA,NA,NA,missing info ,NA,15.87,392.59,0.28,semi_arid,WET,37.71394,-121.641,#VALUE!,NA,1.98,0.04,0,30,10,NA,1812,-1419.41,5046.39,NA,NA,
RCSW16RC04,C,StopWaste,55.97,RC,SW16RC,RCSW16R,SW,RangePlanting,4,20220621,2016,6,Medium,0,0.51,0.83,0.32,0.68,0.15,18.51,81.49,76.02,27.14,0.76,76.4,15,8.6,23.6,7.95,0.11,100.43,0.3,0.14,0.3,98.62,0.89,0.068,0.067,0.88,,NA,15.87,392.59,0.28,semi_arid,WET,37.71397,-121.641,0.08,0.36,1.86,0.04,3.2,30,10,17.86,1812,-1419.41,5046.39,37.94,8.37,46.86
RCSW16RC05,C,StopWaste,55.97,RC,SW16RC,RCSW16R,SW,RangePlanting,5,20220621,2016,6,Medium,0,0.47,1.17,0.7,0.75,0.42,35.58,64.42,73.89,28.7,0.74,69.1,16.2,14.7,30.9,7.65,0.05,99.2,1.16,0.05,1.17,99.55,1.02,0.084,0.084,1.01,,NA,15.87,392.59,0.28,semi_arid,WET,37.71387,-121.641,0.22,0.4,1.78,0.04,7,30,10,37.38,1812,-1419.41,5046.39,40.05,22.43,60.01
RCSW16RC06,C,StopWaste,55.97,RC,SW16RC,RCSW16R,SW,RangePlanting,6,20220621,2016,6,Medium,0,0.59,1.11,0.52,0.81,0.3,27.05,72.95,72.95,30.07,0.73,69.2,20,10.8,30.8,7.81,0.13,102.49,1.13,0.13,1.1,100.37,1.11,0.074,0.074,1.12,,NA,15.87,392.59,0.28,semi_arid,WET,37.71377,-121.641,0.16,0.43,1.78,0.04,5.2,30,10,27.77,1812,-1419.41,5046.39,43.25,16.02,57.69
RCSW16RC07,C,StopWaste,55.97,RC,SW16RC,RCSW16R,SW,RangePlanting,7,20220621,2016,6,Medium,0,0.63,0.71,0.08,0.66,0.05,7.44,92.56,77.78,25.05,0.78,75.1,17.5,7.4,24.9,7.89,0.13,99.16,0.55,0.02,0.55,99.78,0.85,0.026,0.026,0.93,,NA,15.87,392.59,0.28,semi_arid,WET,37.7138,-121.641,0.03,0.35,1.67,0.04,0.8,30,10,4.01,1812,-1419.41,5046.39,33.07,2.51,62.59
RCSW16RC08,C,StopWaste,55.97,RC,SW16RC,RCSW16R,SW,RangePlanting,8,20220621,2016,6,Medium,0,0.28,0.66,0.38,0.62,0.04,6.06,93.32,74.54,27.47,0.75,74,16.2,9.8,26,7.83,0.11,100.81,0.67,0.11,0.66,98.48,0.83,0.048,0.047,0.85,,NA,15.87,392.59,0.28,semi_arid,WET,37.71371,-121.641,0.02,0.33,1.6,0.04,3.8,30,10,18.24,1812,-1419.41,5046.39,29.76,1.92,10.53
RCSW16RC09,C,StopWaste,55.97,RC,SW16RC,RCSW16R,SW,RangePlanting,9,20220621,2016,6,Medium,0,0.34,0.64,0.3,0.53,0.11,17.19,82.77,70.91,30.91,0.71,68.1,21.2,10.7,31.9,7.61,0.1,98.36,0.63,0.1,0.64,98.99,0.75,0.055,0.054,0.96,,NA,15.87,392.59,0.28,semi_arid,WET,37.71365,-121.641,0.06,0.28,1.59,0.04,3,30,10,14.31,1812,-1419.41,5046.39,25.28,5.25,36.69
RCSW16RC10,C,StopWaste,55.97,RC,SW16RC,RCSW16R,SW,RangePlanting,10,20220621,2016,6,Medium,0,0.4,0.58,0.18,0.54,0.04,7.13,92.87,68.18,35.27,0.68,67.1,22.5,10.4,32.9,7.73,0.03,100.51,0.59,0.03,0.59,100.59,0.79,0.054,0.054,0.79,,NA,15.87,392.59,0.28,semi_arid,WET,37.71353,-121.641,0.02,0.29,1.69,0.04,1.8,30,10,9.13,1812,-1419.41,5045.26,27.38,2.03,22.23
RCSW16RC11,C,StopWaste,55.97,RC,SW16RC,RCSW16R,SW,RangePlanting,11,20220621,2016,6,Medium,0,0.19,0.87,0.68,0.47,0.21,45.76,54.24,60.5,43.27,0.61,64.5,22.5,12.9,35.4,7.52,0.06,100.64,0.87,0.06,0.86,102.09,0.78,0.077,0.078,0.79,,NA,15.87,392.59,0.28,semi_arid,WET,37.71348,-121.641,0.21,0.25,1.73,0.04,6.8,30,10,35.29,1812,-1419.41,5046.39,24.39,10.9,30.89
RCSW16RT01,T,StopWaste,214.74,RT,SW16RT,RCSW16R,SW,RangePlanting,1,20220621,2016,6,Medium,0,0.3,1.33,1.04,0.65,0.39,51.53,48.47,73.51,31.4,0.74,66.1,21.2,12.7,33.9,7.59,0.08,103.36,1.38,0.08,1.34,99.19,0.88,0.071,0.071,0.87,,NA,15.87,392.59,0.28,semi_arid,WET,37.71431,-121.641,0.39,0.36,1.63,0.03,10.4,30,10,50.86,1812,-1419.41,5046.39,31.79,19.07,37.5
RCSW16RT02,T,StopWaste,214.74,RT,SW16RT,RCSW16R,SW,RangePlanting,2,20220621,2016,6,Medium,0,0.41,1.34,0.93,0.58,0.35,56.58,43.42,72.94,29.57,0.73,71.5,21.2,7.3,28.5,7.7,0.07,101.71,1.37,0.07,1.35,100.47,0.8,0.097,0.098,0.8,,NA,15.87,392.59,0.28,semi_arid,WET,37.71415,-121.641,0.42,0.32,1.83,0.03,9.3,30,10,51.06,1812,-1419.41,5046.39,31.84,19.22,37.64
RCSW16RT03,T,StopWaste,214.74,RT,SW16RT,RCSW16R,SW,RangePlanting,3,20220621,2016,6,Medium,0,0.41,1.11,0.7,0.62,0.08,44.18,55.82,74,28.91,0.74,70.2,20,9.8,29.8,7.77,0.04,103.49,1.15,0.04,1.11,98.94,0.84,0.035,0.034,0.83,,NA,15.87,392.59,0.28,semi_arid,WET,37.71423,-121.641,0.27,0.35,1.86,0.03,7,30,10,39.06,1812,-1419.41,5046.39,34.6,4.46,11.42
RCSW16RT04,T,StopWaste,214.74,RT,SW16RT,RCSW16R,SW,RangePlanting,4,20220621,2016,6,Medium,0,0.59,0.93,0.34,0.75,0.18,20.43,80.04,79.15,22.26,0.79,76.4,17.5,6.1,23.6,7.86,0.05,100.4,0.93,0.05,0.93,100.92,0.94,0.02,0.021,1.32,,NA,15.87,392.59,0.28,semi_arid,WET,37.71424,-121.641,0.11,0.41,2,0.03,3.4,30,10,20.4,1812,-1419.41,5046.39,45,10.8,52.94
RCSW16RT05,T,StopWaste,214.74,RT,SW16RT,RCSW16R,SW,RangePlanting,5,20220621,2016,6,Medium,0,0.5,1.16,0.66,0.57,0.09,50.77,49.23,73.22,29.14,0.73,70.5,21.2,8.2,29.4,7.74,0.11,100.98,1.17,0.12,1.16,98.84,0.78,0.035,0.034,0.77,,NA,15.87,392.59,0.28,semi_arid,WET,37.71404,-121.642,0.33,0.32,1.82,0.03,6.6,30,10,36.04,1809,-1416.41,5046.39,31.12,4.91,13.62
RCSW16RT06,T,StopWaste,214.74,RT,SW16RT,RCSW16R,SW,RangePlanting,6,20220621,2016,6,Medium,0,0.5,1.04,0.54,0.61,0.43,41.33,58.67,74.41,28.88,0.74,70.7,22.5,6.9,29.4,7.65,0.03,100.43,1.04,0.03,1.04,99.12,0.82,0.069,0.068,0.81,,NA,15.87,392.59,0.28,semi_arid,WET,37.71389,-121.642,0.24,0.34,1.88,0.03,5.4,30,10,30.46,1809,-1416.41,5046.39,34.4,24.25,79.61
RCSW16RT07,T,StopWaste,214.74,RT,SW16RT,RCSW16R,SW,RangePlanting,7,20220621,2016,6,Medium,0,0.29,0.85,0.56,0.59,0.26,30.58,69.42,64.84,37.73,0.65,66.4,25,8.6,33.6,7.6,0.04,99.51,0.85,0.04,0.85,99.68,0.91,0.073,0.072,0.9,,NA,15.87,392.59,0.28,semi_arid,WET,37.71378,-121.642,0.15,0.33,1.89,0.03,5.6,30,10,31.75,1809,-1416.41,5046.39,33.45,14.74,46.43
RCSW16RT08,T,StopWaste,214.74,RT,SW16RT,RCSW16R,SW,RangePlanting,8,20220621,2016,6,Medium,0,0.8,1.24,0.44,0.94,0.3,24.25,75.75,75.75,26.89,0.76,73.6,18.7,7.6,26.3,7.76,0.03,100.54,1.25,0.03,1.24,101.87,1.24,0.071,0.072,1.27,,NA,15.87,392.59,0.28,semi_arid,WET,37.7138,-121.642,0.17,0.52,1.95,0.03,4.4,30,10,25.74,1809,-1416.41,5087.13,54.99,17.55,68.18
RCSW16RT09,T,StopWaste,214.74,RT,SW16RT,RCSW16R,SW,RangePlanting,9,20220621,2016,6,Medium,0,0.08,0.84,0.76,0.52,0.24,38.66,61.34,60.62,42.67,0.61,62.5,26.2,11.3,37.5,7.53,0.06,99.91,0.84,0.06,0.84,100.57,0.85,0.047,0.047,0.86,,NA,15.87,392.59,0.28,semi_arid,WET,37.71364,-121.642,0.18,0.29,1.75,0.03,7.6,30,10,39.9,1809,-1416.41,5046.39,27.3,12.6,31.58
RCSW16RT10,T,StopWaste,214.74,RT,SW16RT,RCSW16R,SW,RangePlanting,10,20220621,2016,6,Medium,0,0.34,0.6,0.26,0.58,0.02,3.33,97.45,75,27.94,0.75,73,20,7,27,7.73,0.12,100.76,0.61,0.12,0.61,100.33,0.78,0.07,0.07,0.97,,NA,15.87,392.59,0.28,semi_arid,WET,37.71366,-121.642,0.01,0.32,1.93,0.03,2.6,30,10,15.05,1809,-1416.41,5087.13,33.58,1.16,7.71
RCSW16RT11,T,StopWaste,214.74,RT,SW16RT,RCSW16R,SW,RangePlanting,11,20220621,2016,6,Medium,0,0.27,0.66,0.39,0.49,0.17,25.74,74.26,62.04,41.65,0.62,64.9,26.2,8.9,35.1,7.55,0.02,101.77,0.67,0.02,0.66,99.09,0.79,0.035,0.035,0.78,,NA,15.87,392.59,0.28,semi_arid,WET,37.7136,-121.642,0.09,0.27,1.88,0.03,3.9,30,10,22,1809,-1416.41,5087.13,27.64,9.59,43.59
RCTG16TC01,C,TrueGrassFarms,602.78,TC,TG16TC,RCTG16T,TG,UplandOak,1,20220322,2016,6,Medium,0,,2.21,2.21,0.29,1.92,86.69,13.31,60.53,41.58,0.61,63.7,15,21.3,36.3,5.15,0.23,101.28,2.24,0.23,2.21,101.34,0.49,0.079,0.08,0.4923,Dequarantined,NA,13.03,905.84,0.66,humid,DRY,38.26861,-122.923,0.8,0.12,1.43,0.05,22.1,30,10,94.81,1430,-524.16,11449.17,12.44,82.37,86.88
RCTG16TC02,C,TrueGrassFarms,602.78,TC,TG16TC,RCTG16T,TG,UplandOak,2,20220322,2016,6,Medium,0,,2.1,2.1,0.22,1.88,89.33,10.67,61.55,40.91,0.62,64.2,15,20.8,35.8,5.13,0.21,99.02,2.08,0.47,2.1,101.95,0.36,0.071,0.073,0.3714,,NA,13.03,905.84,0.66,humid,DRY,38.26858,-122.924,0.78,0.09,1.5,0.05,21,30,10,94.5,1430,-524.16,11449.17,9.9,84.6,89.52
RCTG16TC03,C,TrueGrassFarms,602.78,TC,TG16TC,RCTG16T,TG,UplandOak,3,20220322,2016,6,Medium,0,,2.2,2.2,0.48,1.72,78.11,21.89,65.08,36.75,0.65,66.2,17.5,16.3,33.8,5.21,0.23,100.02,2.2,0.23,2.2,100.27,0.74,0.36,0.364,3.85,Still neg,NA,13.03,905.84,0.66,humid,DRY,38.26839,-122.923,0.72,0.2,1.42,0.05,22,30,10,93.72,1430,-524.16,11449.17,20.45,73.27,78.18
RCTG16TC04,C,TrueGrassFarms,602.78,TC,TG16TC,RCTG16T,TG,UplandOak,4,20220322,2016,6,Medium,0,,2.62,2.62,0.48,2.14,81.53,18.47,61.8,41.2,0.62,63.5,17.5,19,36.5,5.12,0.28,100.37,2.63,0.28,2.62,99.3,0.78,0.088,0.088,0.7779,,NA,13.03,905.84,0.66,humid,DRY,38.26824,-122.923,0.89,0.2,0.93,0.05,26.2,30,10,73.1,1430,-524.16,11449.17,13.39,59.71,81.68
RCTG16TC05,C,TrueGrassFarms,602.78,TC,TG16TC,RCTG16T,TG,UplandOak,5,20220322,2016,6,Medium,0,,2.05,2.05,0.32,1.73,84.25,15.75,64.85,37.78,0.65,64.7,17.5,17.8,35.3,4.96,0.21,100.15,2.06,0.21,2.06,100.09,0.5,0.067,0.067,0.4988,,NA,13.03,905.84,0.66,humid,DRY,38.26797,-122.923,0.72,0.13,1.56,0.05,20.5,30,10,95.94,1430,-524.16,11449.17,14.98,80.96,84.39
RCTG16TC06,C,TrueGrassFarms,602.78,TC,TG16TC,RCTG16T,TG,UplandOak,6,20220322,2016,6,Medium,0,,1.8,1.8,0.53,1.27,70.29,29.71,60.77,42.15,0.61,63,15,22,37,5.02,0.2,101.84,1.83,0.21,1.8,100.67,0.88,0.41,0.412,3.87,Still neg,NA,13.03,905.84,0.66,humid,DRY,38.26802,-122.923,0.53,0.22,1.39,0.05,18,30,10,75.06,1430,-524.16,11449.17,22.1,52.96,70.56
RCTG16TC07,C,TrueGrassFarms,602.78,TC,TG16TC,RCTG16T,TG,UplandOak,7,20220322,2016,6,Medium,0,,2.21,2.21,0.4,1.81,81.71,18.29,64.54,38.27,0.65,63.7,15,21.3,36.3,4.95,0.26,99.31,2.19,0.26,2.21,101.43,0.63,0.13,0.128,0.64,,NA,13.03,905.84,0.66,humid,DRY,38.26786,-122.923,0.75,0.17,1.42,0.05,22.1,30,10,94.15,1430,-524.16,11449.17,17.04,77.11,81.9
RCTG16TC08,C,TrueGrassFarms,602.78,TC,TG16TC,RCTG16T,TG,UplandOak,8,20220322,2016,6,Medium,0,,1.81,1.81,0.33,1.48,81.79,18.21,63.49,39.51,0.63,61.9,17.5,20.6,38.1,5.13,0.22,101.87,1.85,0.22,1.82,102.02,0.52,0.076,0.078,0.5291,,NA,13.03,905.84,0.66,humid,DRY,38.26782,-122.923,0.62,0.14,1.46,0.05,18.1,30,10,79.28,1430,-524.16,11449.17,14.45,64.82,81.76
RCTG16TC09,C,TrueGrassFarms,602.78,TC,TG16TC,RCTG16T,TG,UplandOak,9,20220322,2016,6,Medium,0,,2.29,2.29,0.38,1.91,83.47,16.53,61.55,40.56,0.62,61.4,17.5,21.1,38.6,5.29,0.22,99.6,2.28,0.22,2.29,100.05,0.62,0.096,0.096,0.6157,,NA,13.03,905.84,0.66,humid,DRY,38.26765,-122.923,0.8,0.16,1.42,0.05,22.9,30,10,97.55,1430,-524.16,11449.17,16.19,81.37,83.41
RCTG16TC10,C,TrueGrassFarms,602.78,TC,TG16TC,RCTG16T,TG,UplandOak,10,20220322,2016,6,Medium,0,,1.86,1.86,0.32,1.54,82.92,17.08,64.71,38.15,0.65,63,15,22,37,5.05,0.23,101.74,1.9,0.23,1.87,99.63,0.49,0.073,0.072,0.4889,,NA,13.03,905.84,0.66,humid,DRY,38.26753,-122.923,0.64,0.13,1.34,0.05,18.6,30,10,74.77,1430,-524.16,11449.17,12.86,61.91,82.8
RCTG16TC11,C,TrueGrassFarms,602.78,TC,TG16TC,RCTG16T,TG,UplandOak,11,20220322,2016,6,Medium,0,,2.32,2.32,0.24,2.08,89.75,10.25,61.12,39.96,0.61,63.5,17.5,19.1,36.6,5.15,0.23,100.06,2.32,0.23,2.32,100.79,0.39,0.068,0.068,0.3918,,NA,13.03,905.84,0.66,humid,DRY,38.26743,-122.923,0.87,0.1,1.39,0.05,23.2,30,10,96.74,1430,-524.16,11536.61,10.01,86.74,89.66
RCTG16TT01,T,TrueGrassFarms,473.61,TT,TG16TT,RCTG16T,TG,UplandOak,1,20220323,2016,6,Medium,0,,1.99,1.99,0.47,1.52,76.38,23.62,74.73,28.27,0.75,74.9,7.5,17.6,25.1,5.15,0.21,100.78,2.01,0.21,1.99,101.25,0.63,0.057,0.058,0.6365,,NA,13.03,905.84,0.66,humid,DRY,38.26672,-122.924,0.56,0.17,1.29,0.05,19.9,30,10,77.01,1430,-524.16,11536.61,18.19,58.82,76.38
RCTG16TT02,T,TrueGrassFarms,473.61,TT,TG16TT,RCTG16T,TG,UplandOak,2,20220323,2016,6,Medium,0,,1.93,1.93,0.23,1.7,87.88,12.12,69.22,33.27,0.69,71.7,10,18.3,28.3,4.96,0.24,99.04,1.92,0.24,1.94,100.96,0.34,0.063,0.064,0.3407,,NA,13.03,905.84,0.66,humid,DRY,38.26669,-122.925,0.63,0.08,1.42,0.05,19.3,30,10,82.22,1430,-524.16,11536.61,9.8,72.42,88.08
RCTG16TT03,T,TrueGrassFarms,473.61,TT,TG16TT,RCTG16T,TG,UplandOak,3,20220323,2016,6,Medium,0,,1.6,1.6,0.15,1.45,90.78,9.22,71.64,31.64,0.72,74.5,10,15.5,25.5,5.16,0.17,98.71,1.57,0.17,1.59,101.11,0.21,0.057,0.058,0.2077,,NA,13.03,905.84,0.66,humid,DRY,38.26693,-122.924,0.54,0.06,1.32,0.05,16,30,10,63.36,1430,-524.16,11536.61,5.94,57.42,90.63
RCTG16TT04,T,TrueGrassFarms,473.61,TT,TG16TT,RCTG16T,TG,UplandOak,4,20220323,2016,6,Medium,0,,1.97,1.97,0.35,1.62,82.16,17.84,70.3,31.84,0.7,71.9,10,18.1,28.1,5.33,0.21,99.33,1.96,0.21,1.97,100.37,0.5,0.077,0.078,0.5018,,NA,13.03,905.84,0.66,humid,DRY,38.26701,-122.925,0.6,0.13,1.14,0.05,19.7,30,10,67.37,1430,-524.16,11536.61,11.97,55.4,82.23
RCTG16TT05,T,TrueGrassFarms,473.61,TT,TG16TT,RCTG16T,TG,UplandOak,5,20220323,2016,6,Medium,0,,1.77,1.77,0.38,1.39,78.35,21.65,70.82,31.78,0.71,72.4,10,17.6,27.6,5.07,0.21,100.13,1.77,0.21,1.77,101.92,0.54,0.09,0.092,0.5511,,NA,13.03,905.84,0.66,humid,DRY,38.26709,-122.925,0.51,0.14,1.29,0.05,17.7,30,10,68.5,1430,-524.16,11449.17,14.71,53.79,78.53
RCTG16TT06,T,TrueGrassFarms,473.61,TT,TG16TT,RCTG16T,TG,UplandOak,6,20220323,2016,6,Medium,0,,1.88,1.88,0.35,1.53,81.24,18.76,67.84,35.13,0.68,71,10,19,29,5.3,0.22,99.74,1.87,0.22,1.87,99.52,0.52,0.09,0.09,0.5174,,NA,13.03,905.84,0.66,humid,DRY,38.26734,-122.924,0.56,0.13,0.83,0.05,18.8,30,10,46.81,1430,-524.16,11449.17,8.72,38.1,81.39
RCTG16TT07,T,TrueGrassFarms,473.61,TT,TG16TT,RCTG16T,TG,UplandOak,7,20220323,2016,6,Medium,0,,1.81,1.81,0.25,1.56,85.94,14.06,67.69,35.92,0.68,69.9,12.5,17.6,30.1,5.51,0.22,99.8,1.81,0.22,1.81,102.88,0.38,0.081,0.083,0.387,,NA,13.03,905.84,0.66,humid,DRY,38.2675,-122.924,0.58,0.09,1.41,0.05,18.1,30,10,76.56,1430,-524.16,11449.17,10.58,65.99,86.19
RCTG16TT08,T,TrueGrassFarms,473.61,TT,TG16TT,RCTG16T,TG,UplandOak,8,20220323,2016,6,Medium,2,,1.96,1.96,0.2,1.76,89.77,10.23,66.19,36.12,0.66,68.9,10,21.1,31.1,5.42,0.25,99.81,1.96,0.25,1.96,99.45,0.3,0.082,0.082,0.3015,,NA,13.03,905.84,0.66,humid,DRY,38.26763,-122.924,0.65,0.07,1.3,0.05,19.6,30,10,76.44,1430,-524.16,11536.61,7.8,68.64,89.8
RCTG16TT09,T,TrueGrassFarms,473.61,TT,TG16TT,RCTG16T,TG,UplandOak,9,20220323,2016,6,Medium,0,,2.19,2.19,0.47,1.72,78.4,21.6,70.39,32.27,0.7,70.4,10,19.6,29.6,5.34,0.22,101.46,2.22,0.22,2.19,102.82,0.67,0.098,0.101,0.6913,,NA,13.03,905.84,0.66,humid,DRY,38.26763,-122.925,0.63,0.17,1.19,0.05,21.9,30,10,78.18,1430,-524.16,11449.17,16.78,61.4,78.54
RCTG16TT10,T,TrueGrassFarms,473.61,TT,TG16TT,RCTG16T,TG,UplandOak,10,20220323,2016,6,Medium,0,,2.03,2.03,0.37,1.66,81.54,18.46,70.82,31.78,0.71,69.8,10,20.3,30.3,5.4,0.47,100.63,2.04,0.47,2.03,102,0.53,0.078,0.08,0.5394,,NA,13.03,905.84,0.66,humid,DRY,38.26772,-122.925,0.61,0.14,1.24,0.05,20.3,30,10,75.52,1430,-524.16,11449.17,13.76,61.75,81.77
RCTG16TT11,T,TrueGrassFarms,473.61,TT,TG16TT,RCTG16T,TG,UplandOak,11,20220323,2016,6,Medium,0,,2.13,2.13,0.29,1.84,86.27,13.73,64.01,38.65,0.64,65.2,15,19.8,34.8,5.47,0.22,100.2,2.14,0.22,2.14,98.88,0.46,0.087,0.086,0.4514,,NA,13.03,905.84,0.66,humid,DRY,38.26783,-122.925,0.68,0.11,1.11,0.05,21.3,30,10,70.93,1430,-524.16,11449.17,9.66,61.27,86.38
RCTK17RC01,C,TomKatRanch,545.19,RC,TK17RC,RCTK17R,TK,RangePlanting,1,20220920,2017,5,Young,3,,2.07,2.07,0.25,1.81,87.68,12.32,5.25,97.37,0.05,10,54.9,35,89.9,5.26,0.22,101.61,2.1,0.23,2.07,100.85,4.85,0.298,0.3003,4.89,HIGH TEXTURE,NA,13.63,760.94,0.57,dry_sub,WET,37.2576,-122.352,0.68,0.09,1.34,0.03,20.7,30,10,83.21,1290,-529.06,18721.74,10.05,72.76,87.44
RCTK17RC02,C,TomKatRanch,545.19,RC,TK17RC,RCTK17R,TK,RangePlanting,2,20220920,2017,5,Young,2,,2.12,2.12,0.32,1.8,84.88,15.12,7.04,97.78,0.07,12.9,55,32.1,87.1,5.46,0.27,99.19,2.1,0.27,2.12,100.1,4.55,0.322,0.3224,4.55,HIGH TEXTURE,NA,13.63,760.94,0.57,dry_sub,WET,37.2576,-122.352,0.68,0.12,1.34,0.03,21.2,30,10,85.22,1290,-529.06,18721.74,12.86,72.36,84.91
RCTK17RC03,C,TomKatRanch,545.19,RC,TK17RC,RCTK17R,TK,RangePlanting,3,20220920,2017,5,Young,2,,2.37,2.37,0.25,2.12,89.32,10.68,7.8,95.83,0.08,12.2,52.5,35.3,87.8,5.56,0.3,101.43,2.41,0.31,2.38,101,3.25,0.247,0.2497,3.28,HIGH TEXTURE,NA,13.63,760.94,0.57,dry_sub,WET,37.25761,-122.352,0.8,0.09,1.31,0.03,23.7,30,10,93.14,1290,-529.06,18721.74,9.83,83.32,89.46
RCTK17RC04,C,TomKatRanch,545.19,RC,TK17RC,RCTK17R,TK,RangePlanting,4,20220920,2017,5,Young,3,,2.14,2.14,0.27,1.87,87.44,12.56,5.66,97.63,0.06,10,57.5,32.5,90,5.15,0.28,100.86,2.16,0.28,2.14,98.6,4.75,0.298,0.2941,4.68,HIGH TEXTURE,NA,13.63,760.94,0.57,dry_sub,WET,37.25766,-122.352,0.71,0.1,1.33,0.03,21.4,30,10,85.39,1290,-529.06,18721.74,10.77,74.61,87.38
RCTK17RC05,C,TomKatRanch,545.19,RC,TK17RC,RCTK17R,TK,RangePlanting,5,20220920,2017,5,Young,1,,2.23,2.23,0.33,1.9,85.03,14.97,5.67,98.58,0.06,9.2,52.5,38.3,90.8,5.34,0.26,101.67,2.27,0.26,2.23,98.72,5.89,0.359,0.3545,5.81,HIGH TEXTURE,NA,13.63,760.94,0.57,dry_sub,WET,37.25763,-122.352,0.72,0.12,1.17,0.03,22.3,30,10,78.27,1290,-529.06,18721.74,11.58,66.69,85.21
RCTK17RC06,C,TomKatRanch,545.19,RC,TK17RC,RCTK17R,TK,RangePlanting,6,20220920,2017,5,Young,3,,2.12,2.12,0.22,1.9,89.67,10.33,4.9,98.37,0.05,9.4,59.9,30.7,90.6,5.34,0.29,100.82,2.14,0.29,2.12,101.09,4.47,0.291,0.2936,4.52,HIGH TEXTURE,NA,13.63,760.94,0.57,dry_sub,WET,37.25772,-122.352,0.72,0.08,1.23,0.03,21.2,30,10,78.23,1290,-529.06,18721.74,8.12,70.11,89.62
RCTK17RC07,C,TomKatRanch,545.19,RC,TK17RC,RCTK17R,TK,RangePlanting,7,20220920,2017,5,Young,4,,2.29,2.29,0.29,2,87.16,12.84,5.85,98.11,0.06,11.9,57.5,30.6,88.1,5.46,0.29,99.56,2.28,0.28,2.29,98.67,5.03,0.293,0.2892,4.96,high texture,NA,13.63,760.94,0.57,dry_sub,WET,37.25773,-122.352,0.76,0.11,1.39,0.03,22.9,30,10,95.49,1290,-529.06,18721.74,12.09,83.4,87.34
RCTK17RC08,C,TomKatRanch,545.19,RC,TK17RC,RCTK17R,TK,RangePlanting,8,20220920,2017,5,Young,1,,2.39,2.39,0.23,2.16,90.42,9.58,7.05,97.03,0.07,10.3,54.9,34.7,89.6,5.45,0.3,100.52,2.4,0.3,2.39,98.64,3.25,0.244,0.2403,3.2,HIGH TEXTURE,NA,13.63,760.94,0.57,dry_sub,WET,37.25776,-122.352,0.82,0.09,1.33,0.03,23.9,30,10,95.36,1290,-529.06,18721.74,9.18,86.18,90.37
RCTK17RC09,C,TomKatRanch,545.19,RC,TK17RC,RCTK17R,TK,RangePlanting,9,20220920,2017,5,Young,0,,2.27,2.27,0.21,2.06,90.84,9.16,6.54,98.13,0.07,9.8,62.5,27.7,90.2,5.42,0.31,102.65,2.33,0.32,2.27,100.73,3.18,0.283,0.2847,3.2,HIGH TEXTURE,NA,13.63,760.94,0.57,dry_sub,WET,37.25783,-122.352,0.78,0.08,1.07,0.03,22.7,30,10,72.87,1290,-529.06,18721.74,6.74,66.13,90.75
RCTK17RC10,C,TomKatRanch,545.19,RC,TK17RC,RCTK17R,TK,RangePlanting,10,20220920,2017,5,Young,0,,2.39,2.39,0.39,2,83.87,16.13,6.68,97.59,0.07,10.6,60,29.4,89.4,5.29,0.33,100.03,2.4,0.33,2.39,101.63,5.77,0.316,0.3214,5.87,HIGH TEXTURE,NA,13.63,760.94,0.57,dry_sub,WET,37.2578,-122.352,0.76,0.15,1.21,0.03,23.9,30,10,86.76,1290,-529.06,18721.74,14.16,72.6,83.68
RCTK17RC11,C,TomKatRanch,545.19,RC,TK17RC,RCTK17R,TK,RangePlanting,11,20220920,2017,5,Young,,,2.34,2.34,0.35,1.99,84.97,15.03,7.09,97.57,0.07,11.7,57.5,30.8,88.3,5.29,0.36,100.15,2.34,0.36,2.34,99.42,4.96,0.368,0.3653,4.93,HIGH TEXTURE,NA,13.63,760.94,0.57,dry_sub,WET,37.25778,-122.352,0.75,0.13,1.12,0.03,23.4,30,10,78.62,1290,-529.06,18721.74,11.76,66.86,85.04
RCTK17RT01,T,TomKatRanch,681.89,RT,TK17RT,RCTK17R,TK,RangePlanting,1,20220920,2017,5,Young,0,,2.37,2.37,0.36,2.01,84.86,15.14,6.02,96.43,0.06,8.9,52.5,38.6,91.1,5.38,0.32,102.19,2.42,0.32,2.37,99.5,5.96,0.385,0.3832,5.93,HIGH TEXTURE,NA,13.63,760.94,0.57,dry_sub,WET,37.25759,-122.352,0.66,0.12,1.07,0.06,23.7,30,10,76.08,1290,-529.06,18721.74,11.56,64.52,84.81
RCTK17RT02,T,TomKatRanch,681.89,RT,TK17RT,RCTK17R,TK,RangePlanting,2,20220920,2017,5,Young,2,,2.3,2.3,0.34,1.96,85.18,14.82,6.52,96.83,0.07,9.8,50,40.2,90.2,5.32,0.31,100.64,2.32,0.31,2.31,99.51,5.24,0.304,0.3022,5.21,HIGH TEXTURE,NA,13.63,760.94,0.57,dry_sub,WET,37.25762,-122.352,0.65,0.11,1.24,0.06,23,30,10,85.56,1290,-529.06,18721.74,12.65,72.91,85.22
RCTK17RT03,T,TomKatRanch,681.89,RT,TK17RT,RCTK17R,TK,RangePlanting,3,20220920,2017,5,Young,0,,2.77,2.77,0.54,2.23,80.42,19.58,7.2,96.13,0.07,12.2,48.8,39.1,87.9,5.28,0.37,99.62,2.76,0.37,2.77,100.65,7.54,0.41,0.4128,7.59,HIGH TEXTURE,NA,13.63,760.94,0.57,dry_sub,WET,37.25766,-122.352,0.74,0.18,1.16,0.06,27.7,30,10,96.4,1290,-529.06,18721.74,18.79,77.6,80.5
RCTK17RT04,T,TomKatRanch,681.89,RT,TK17RT,RCTK17R,TK,RangePlanting,4,20220920,2017,5,Young,2,,2.26,2.26,0.28,1.97,87.43,12.57,5.88,97.43,0.06,10.9,53.7,35.4,89.1,5.21,0.33,100.49,2.27,0.33,2.26,99.76,4.83,0.308,0.3075,4.81,HIGH TEXTURE,NA,13.63,760.94,0.57,dry_sub,WET,37.25771,-122.352,0.65,0.09,1.21,0.06,22.6,30,10,82.04,1290,-529.06,18721.74,10.16,71.51,87.16
RCTK17RT05,T,TomKatRanch,681.89,RT,TK17RT,RCTK17R,TK,RangePlanting,5,20220920,2017,5,Young,3,,2.16,2.16,0.17,1.98,92.08,7.92,4.34,99.81,0.04,8.1,54.9,36.9,91.8,5.38,0.24,101.77,2.19,0.24,2.15,99.26,3.93,0.27,0.2678,3.9,HIGH TEXTURE,NA,13.63,760.94,0.57,dry_sub,WET,37.25769,-122.352,0.65,0.06,1.23,0.06,21.6,30,10,79.7,1290,-529.06,18721.74,6.27,73.06,91.67
RCTK17RT06,T,TomKatRanch,681.89,RT,TK17RT,RCTK17R,TK,RangePlanting,6,20220920,2017,5,Young,1,,2.31,2.31,0.28,2.03,87.79,12.21,4.33,98.92,0.04,8.1,56.2,35.7,91.9,5.43,0.25,103.1,2.38,0.26,2.31,99.29,6.51,0.341,0.3383,6.46,HIGH TEXTURE,NA,13.63,760.94,0.57,dry_sub,WET,37.25765,-122.352,0.67,0.09,1.23,0.06,23.1,30,10,85.24,1290,-529.06,18721.74,10.33,74.91,87.88
RCTK17RT07,T,TomKatRanch,681.89,RT,TK17RT,RCTK17R,TK,RangePlanting,7,20220920,2017,5,Young,4,,2.3,2.3,0.32,1.98,86.3,13.7,5.1,98.68,0.05,8.7,52.5,38.9,91.4,5.42,0.31,101.6,2.34,0.31,2.3,101.21,6.18,0.366,0.3705,6.26,HIGH TEXTURE,NA,13.63,760.94,0.57,dry_sub,WET,37.25764,-122.352,0.65,0.11,1.24,0.06,23,30,10,85.56,1290,-529.06,18721.74,11.9,73.66,86.09
RCTK17RT08,T,TomKatRanch,681.89,RT,TK17RT,RCTK17R,TK,RangePlanting,8,20220920,2017,5,Young,0,,2.19,2.19,0.19,2,91.24,8.76,5.7,97.86,0.06,9.1,55,35.9,90.9,5.42,0.31,103.24,2.26,0.32,2.19,98.78,3.36,0.288,0.2846,3.32,HIGH TEXTURE,NA,13.63,760.94,0.57,dry_sub,WET,37.25774,-122.352,0.66,0.06,0.99,0.06,21.9,30,10,65.04,1290,-529.06,18721.74,5.64,59.4,91.33
RCTK17RT09,T,TomKatRanch,681.89,RT,TK17RT,RCTK17R,TK,RangePlanting,9,20220920,2017,5,Young,0,,2.33,2.33,0.24,2.08,89.6,10.4,5.96,98.01,0.06,9.9,57.5,32.6,90.1,5.36,0.25,100.36,2.33,0.25,2.32,100.89,4.06,0.248,0.2499,4.09,HIGH TEXTURE,NA,13.63,760.94,0.57,dry_sub,WET,37.25783,-122.352,0.69,0.08,1.14,0.06,23.3,30,10,79.69,1290,-529.06,18721.74,8.21,71.14,89.27
RCTK17RT10,T,TomKatRanch,681.89,RT,TK17RT,RCTK17R,TK,RangePlanting,10,20220920,2017,5,Young,0,,2.38,2.38,0.23,2.15,90.52,9.48,6.31,97.22,0.06,10.4,55,34.6,89.6,5.31,0.29,103.39,2.46,0.3,2.38,101.71,3.57,0.256,0.2608,3.63,HIGH TEXTURE,NA,13.63,760.94,0.57,dry_sub,WET,37.25789,-122.352,0.71,0.08,0.64,0.06,23.8,30,10,45.7,1290,-529.06,18721.74,4.42,41.28,90.33
RCTK17RT11,T,TomKatRanch,681.89,RT,TK17RT,RCTK17R,TK,RangePlanting,11,20220920,2017,5,Young,3,,2.09,2.09,0.3,1.79,85.85,14.15,6.15,96.46,0.06,11,56.2,32.8,89,5.36,0.31,101.26,2.12,0.31,2.09,101.34,4.81,0.24,0.2431,4.87,HIGH TEXTURE,NA,13.63,760.94,0.57,dry_sub,WET,37.25783,-122.352,0.59,0.1,0.91,0.06,20.9,30,10,57.06,1290,-529.06,18721.74,8.19,48.87,85.65
RCTK17RT11,T,TomKatRanch,681.89,RT,TK17RT,RCTK17R,TK,RangePlanting,11,20220920,2017,5,Young,3,,2.09,2.09,0.3,1.79,85.85,14.15,6.15,96.46,0.06,11,56.2,32.8,89,5.36,NA,NA,NA,NA,NA,101.34,4.81,0.24,0.2431,4.87,HIGH TEXTURE,NA,13.63,760.94,0.57,dry_sub,WET,37.25783,-122.352,0.59,0.1,0.91,0.06,20.9,30,10,57.06,1290,-529.06,18721.74,8.19,48.87,85.65
,,,,,,,,,,,,,,,,,,,,,,,,,,,,,,,,,,,,,,,,,,,,,,WET,,,,,,,,,,,,,,,,
,,,,,,,,,,,,,,,,,,,,,,,,,,,,,,,,,,,,,,,,,,,,,,WET,,,,,,,,,,,,,,,,
,,,,,,,,,,,,,,,,,,,,,,,,,,,,,,,,,,,,,,,,,,,,,,WET,,,,,,,,,,,,,,,,
,,,,,,,,,,,,,,,,,,,,,,,,,,,,,,,,,,,,,,,,,,,,,,WET,,,,,,,,,,,,,,,,
,,,,,,,,,,,,,,,,,,,,,,,,,,,,,,,,,,,,,,,,,,,,,,WET,,,,,,,,,,,,,,,,
,,,,,,,,,,,,,,,,,,,,,,,,,,,,,,,,,,,,,,,,,,,,,,WET,,,,,,,,,,,,,,,,
,,,,,,,,,,,,,,,,,,,,,,,,,,,,,,,,,,,,,,,,,,,,,,WET,,,,,,,,,,,,,,,,
,,,,,,,,,,,,,,,,,,,,,,,,,,,,,,,,,,,,,,,,,,,,,,WET,,,,,,,,,,,,,,,,
,,,,,,,,,,,,,,,,,,,,,,,,,,,,,,,,,,,,,,,,,,,,,,WET,,,,,,,,,,,,,,,,
,,,,,,,,,,,,,,,,,,,,,,,,,,,,,,,,,,,,,,,,,,,,,,WET,,,,,,,,,,,,,,,,
,,,,,,,,,,,,,,,,,,,,,,,,,,,,,,,,,,,,,,,,,,,,,,WET,,,,,,,,,,,,,,,,
,,,,,,,,,,,,,,,,,,,,,,,,,,,,,,,,,,,,,,,,,,,,,,WET,,,,,,,,,,,,,,,,
,,,,,,,,,,,,,,,,,,,,,,,,,,,,,,,,,,,,,,,,,,,,,,WET,,,,,,,,,,,,,,,,
,,,,,,,,,,,,,,,,,,,,,,,,,,,,,,,,,,,,,,,,,,,,,,WET,,,,,,,,,,,,,,,,
,,,,,,,,,,,,,,,,,,,,,,,,,,,,,,,,,,,,,,,,,,,,,,WET,,,,,,,,,,,,,,,,
,,,,,,,,,,,,,,,,,,,,,,,,,,,,,,,,,,,,,,,,,,,,,,WET,,,,,,,,,,,,,,,,
,,,,,,,,,,,,,,,,,,,,,,,,,,,,,,,,,,,,,,,,,,,,,,WET,,,,,,,,,,,,,,,,
,,,,,,,,,,,,,,,,,,,,,,,,,,,,,,,,,,,,,,,,,,,,,,WET,,,,,,,,,,,,,,,,
,,,,,,,,,,,,,,,,,,,,,,,,,,,,,,,,,,,,,,,,,,,,,,WET,,,,,,,,,,,,,,,,
,,,,,,,,,,,,,,,,,,,,,,,,,,,,,,,,,,,,,,,,,,,,,,WET,,,,,,,,,,,,,,,,
,,,,,,,,,,,,,,,,,,,,,,,,,,,,,,,,,,,,,,,,,,,,,,WET,,,,,,,,,,,,,,,,
,,,,,,,,,,,,,,,,,,,,,,,,,,,,,,,,,,,,,,,,,,,,,,WET,,,,,,,,,,,,,,,,
